Calculating for DJF
First two files saved in 52.62 seconds
Second two files saved in 13.52 seconds
Third two files saved in 44.03 seconds
Fourth two files saved in 8.20 seconds
Fifth two files saved in 46.06 seconds
Time taken for DJF: 164.43 seconds
Calculating for MAM
First two files saved in 51.47 seconds
Second two files saved in 13.51 seconds
Third two files saved in 43.03 seconds
Fourth two files saved in 8.09 seconds
Fifth two files saved in 41.89 seconds
Time taken for MAM: 157.98 seconds
Calculating for JJA
First two files saved in 48.62 seconds
Second two files saved in 11.84 seconds
Third two files saved in 43.86 seconds
Fourth two files saved in 8.18 seconds
Fifth two files saved in 42.08 seconds
Time taken for JJA: 154.58 seconds
Calculating for SON
First two files saved in 46.57 seconds
Second two files saved in 11.58 seconds
Third two files saved in 41.65 seconds
Fourth two files saved in 8.48 seconds
Fifth two files saved in 37.85 seconds
Time taken for SON: 146.14 seconds
NetCDF files for ERA5 and pr saved
#executed by process	1 in 630.977s	with status	0 : python /home/vdemeyer/TRACKING/KATJA/POSTPROCESSING/contribution_ETCs.py 1979 --sim ERA5 --var pr
Calculating for DJF
First two files saved in 51.15 seconds
Second two files saved in 12.60 seconds
Third two files saved in 46.39 seconds
Fourth two files saved in 8.85 seconds
Fifth two files saved in 50.36 seconds
Time taken for DJF: 169.34 seconds
Calculating for MAM
First two files saved in 52.58 seconds
Second two files saved in 14.57 seconds
Third two files saved in 45.62 seconds
Fourth two files saved in 8.87 seconds
Fifth two files saved in 46.06 seconds
Time taken for MAM: 167.70 seconds
Calculating for JJA
First two files saved in 50.25 seconds
Second two files saved in 12.60 seconds
Third two files saved in 45.61 seconds
Fourth two files saved in 8.98 seconds
Fifth two files saved in 45.73 seconds
Time taken for JJA: 163.17 seconds
Calculating for SON
First two files saved in 52.13 seconds
Second two files saved in 14.49 seconds
Third two files saved in 43.86 seconds
Fourth two files saved in 8.94 seconds
Fifth two files saved in 41.34 seconds
Time taken for SON: 160.76 seconds
NetCDF files for ERA5 and pr saved
#executed by process	2 in 669.227s	with status	0 : python /home/vdemeyer/TRACKING/KATJA/POSTPROCESSING/contribution_ETCs.py 1986 --sim ERA5 --var pr
Calculating for DJF
First two files saved in 54.79 seconds
Second two files saved in 16.56 seconds
Third two files saved in 46.57 seconds
Fourth two files saved in 8.85 seconds
Fifth two files saved in 51.07 seconds
Time taken for DJF: 177.84 seconds
Calculating for MAM
First two files saved in 50.02 seconds
Second two files saved in 12.70 seconds
Third two files saved in 46.15 seconds
Fourth two files saved in 8.94 seconds
Fifth two files saved in 45.88 seconds
Time taken for MAM: 163.70 seconds
Calculating for JJA
First two files saved in 54.53 seconds
Second two files saved in 14.49 seconds
Third two files saved in 46.49 seconds
Fourth two files saved in 8.93 seconds
Fifth two files saved in 44.63 seconds
Time taken for JJA: 169.07 seconds
Calculating for SON
First two files saved in 49.24 seconds
Second two files saved in 12.46 seconds
Third two files saved in 44.58 seconds
Fourth two files saved in 8.97 seconds
Fifth two files saved in 41.49 seconds
Time taken for SON: 156.75 seconds
NetCDF files for ERA5 and pr saved
#executed by process	7 in 675.513s	with status	0 : python /home/vdemeyer/TRACKING/KATJA/POSTPROCESSING/contribution_ETCs.py 1984 --sim ERA5 --var pr
Calculating for DJF
First two files saved in 62.92 seconds
Second two files saved in 19.90 seconds
Third two files saved in 52.14 seconds
Fourth two files saved in 10.85 seconds
Fifth two files saved in 56.12 seconds
Time taken for DJF: 201.93 seconds
Calculating for MAM
First two files saved in 56.63 seconds
Second two files saved in 14.68 seconds
Third two files saved in 51.65 seconds
Fourth two files saved in 11.26 seconds
Fifth two files saved in 52.35 seconds
Time taken for MAM: 186.57 seconds
Calculating for JJA
First two files saved in 61.64 seconds
Second two files saved in 17.54 seconds
Third two files saved in 52.60 seconds
Fourth two files saved in 10.70 seconds
Fifth two files saved in 52.74 seconds
Time taken for JJA: 195.22 seconds
Calculating for SON
First two files saved in 57.41 seconds
Second two files saved in 17.67 seconds
Third two files saved in 53.39 seconds
Fourth two files saved in 12.94 seconds
Fifth two files saved in 58.05 seconds
Time taken for SON: 199.47 seconds
NetCDF files for ERA5 and pr saved
#executed by process	6 in 791.279s	with status	0 : python /home/vdemeyer/TRACKING/KATJA/POSTPROCESSING/contribution_ETCs.py 1985 --sim ERA5 --var pr
Calculating for DJF
First two files saved in 52.21 seconds
Second two files saved in 12.70 seconds
Third two files saved in 46.92 seconds
Fourth two files saved in 8.94 seconds
Fifth two files saved in 50.79 seconds
Time taken for DJF: 171.56 seconds
Calculating for MAM
First two files saved in 52.34 seconds
Second two files saved in 14.59 seconds
Third two files saved in 47.65 seconds
Fourth two files saved in 9.62 seconds
Fifth two files saved in 54.77 seconds
Time taken for MAM: 178.96 seconds
Calculating for JJA
First two files saved in 59.07 seconds
Second two files saved in 15.19 seconds
Third two files saved in 58.46 seconds
Fourth two files saved in 11.55 seconds
Fifth two files saved in 98.79 seconds
Time taken for JJA: 243.07 seconds
Calculating for SON
First two files saved in 64.93 seconds
Second two files saved in 17.11 seconds
Third two files saved in 58.22 seconds
Fourth two files saved in 10.81 seconds
Fifth two files saved in 59.85 seconds
Time taken for SON: 210.92 seconds
NetCDF files for ERA5 and pr saved
#executed by process	9 in 812.506s	with status	0 : python /home/vdemeyer/TRACKING/KATJA/POSTPROCESSING/contribution_ETCs.py 1990 --sim ERA5 --var pr
Calculating for DJF
First two files saved in 61.16 seconds
Second two files saved in 15.88 seconds
Third two files saved in 47.22 seconds
Fourth two files saved in 8.80 seconds
Fifth two files saved in 49.98 seconds
Time taken for DJF: 183.05 seconds
Calculating for MAM
First two files saved in 54.75 seconds
Second two files saved in 15.01 seconds
Third two files saved in 48.79 seconds
Fourth two files saved in 10.13 seconds
Fifth two files saved in 54.28 seconds
Time taken for MAM: 182.96 seconds
Calculating for JJA
First two files saved in 62.08 seconds
Second two files saved in 17.23 seconds
Third two files saved in 93.75 seconds
Fourth two files saved in 15.37 seconds
Fifth two files saved in 62.84 seconds
Time taken for JJA: 251.27 seconds
Calculating for SON
First two files saved in 61.89 seconds
Second two files saved in 14.67 seconds
Third two files saved in 55.57 seconds
Fourth two files saved in 10.76 seconds
Fifth two files saved in 56.58 seconds
Time taken for SON: 199.47 seconds
NetCDF files for ERA5 and pr saved
#executed by process	8 in 824.411s	with status	0 : python /home/vdemeyer/TRACKING/KATJA/POSTPROCESSING/contribution_ETCs.py 1987 --sim ERA5 --var pr
Calculating for DJF
First two files saved in 65.60 seconds
Second two files saved in 18.94 seconds
Third two files saved in 64.12 seconds
Fourth two files saved in 14.23 seconds
Fifth two files saved in 78.35 seconds
Time taken for DJF: 241.24 seconds
Calculating for MAM
First two files saved in 70.90 seconds
Second two files saved in 22.52 seconds
Third two files saved in 63.91 seconds
Fourth two files saved in 14.66 seconds
Fifth two files saved in 73.08 seconds
Time taken for MAM: 245.06 seconds
Calculating for JJA
First two files saved in 70.49 seconds
Second two files saved in 20.57 seconds
Third two files saved in 63.19 seconds
Fourth two files saved in 15.30 seconds
Fifth two files saved in 83.77 seconds
Time taken for JJA: 253.32 seconds
Calculating for SON
First two files saved in 78.08 seconds
Second two files saved in 25.18 seconds
Third two files saved in 72.26 seconds
Fourth two files saved in 14.89 seconds
Fifth two files saved in 88.31 seconds
Time taken for SON: 278.72 seconds
NetCDF files for ERA5 and pr saved
#executed by process	5 in 1026.76s	with status	0 : python /home/vdemeyer/TRACKING/KATJA/POSTPROCESSING/contribution_ETCs.py 1982 --sim ERA5 --var pr
Calculating for DJF
First two files saved in 72.47 seconds
Second two files saved in 22.51 seconds
Third two files saved in 64.41 seconds
Fourth two files saved in 14.69 seconds
Fifth two files saved in 75.74 seconds
Time taken for DJF: 249.82 seconds
Calculating for MAM
First two files saved in 70.18 seconds
Second two files saved in 22.39 seconds
Third two files saved in 63.82 seconds
Fourth two files saved in 14.15 seconds
Fifth two files saved in 73.89 seconds
Time taken for MAM: 244.44 seconds
Calculating for JJA
First two files saved in 73.35 seconds
Second two files saved in 21.68 seconds
Third two files saved in 65.83 seconds
Fourth two files saved in 13.57 seconds
Fifth two files saved in 87.63 seconds
Time taken for JJA: 262.06 seconds
Calculating for SON
First two files saved in 74.72 seconds
Second two files saved in 20.19 seconds
Third two files saved in 70.13 seconds
Fourth two files saved in 15.12 seconds
Fifth two files saved in 84.07 seconds
Time taken for SON: 264.22 seconds
NetCDF files for ERA5 and pr saved
#executed by process	3 in 1028.78s	with status	0 : python /home/vdemeyer/TRACKING/KATJA/POSTPROCESSING/contribution_ETCs.py 1983 --sim ERA5 --var pr
Calculating for DJF
First two files saved in 73.63 seconds
Second two files saved in 23.49 seconds
Third two files saved in 65.23 seconds
Fourth two files saved in 14.42 seconds
Fifth two files saved in 76.53 seconds
Time taken for DJF: 253.30 seconds
Calculating for MAM
First two files saved in 67.40 seconds
Second two files saved in 20.30 seconds
Third two files saved in 65.28 seconds
Fourth two files saved in 14.38 seconds
Fifth two files saved in 74.49 seconds
Time taken for MAM: 241.86 seconds
Calculating for JJA
First two files saved in 76.27 seconds
Second two files saved in 21.02 seconds
Third two files saved in 65.68 seconds
Fourth two files saved in 13.71 seconds
Fifth two files saved in 86.29 seconds
Time taken for JJA: 262.97 seconds
Calculating for SON
First two files saved in 79.32 seconds
Second two files saved in 22.37 seconds
Third two files saved in 70.83 seconds
Fourth two files saved in 13.68 seconds
Fifth two files saved in 84.86 seconds
Time taken for SON: 271.07 seconds
NetCDF files for ERA5 and pr saved
#executed by process	4 in 1037.59s	with status	0 : python /home/vdemeyer/TRACKING/KATJA/POSTPROCESSING/contribution_ETCs.py 1981 --sim ERA5 --var pr
Calculating for DJF
First two files saved in 81.01 seconds
Second two files saved in 25.75 seconds
Third two files saved in 69.33 seconds
Fourth two files saved in 16.19 seconds
Fifth two files saved in 86.56 seconds
Time taken for DJF: 278.83 seconds
Calculating for MAM
First two files saved in 78.97 seconds
Second two files saved in 23.23 seconds
Third two files saved in 70.17 seconds
Fourth two files saved in 18.21 seconds
Fifth two files saved in 124.20 seconds
Time taken for MAM: 314.79 seconds
Calculating for JJA
First two files saved in 78.99 seconds
Second two files saved in 21.14 seconds
Third two files saved in 72.94 seconds
Fourth two files saved in 16.02 seconds
Fifth two files saved in 81.17 seconds
Time taken for JJA: 270.26 seconds
Calculating for SON
First two files saved in 82.03 seconds
Second two files saved in 24.81 seconds
Third two files saved in 110.73 seconds
Fourth two files saved in 17.62 seconds
Fifth two files saved in 89.19 seconds
Time taken for SON: 324.39 seconds
NetCDF files for ERA5 and pr saved
#executed by process	14 in 1196.64s	with status	0 : python /home/vdemeyer/TRACKING/KATJA/POSTPROCESSING/contribution_ETCs.py 1989 --sim ERA5 --var pr
Calculating for DJF
First two files saved in 81.31 seconds
Second two files saved in 26.43 seconds
Third two files saved in 70.22 seconds
Fourth two files saved in 16.19 seconds
Fifth two files saved in 85.15 seconds
Time taken for DJF: 279.30 seconds
Calculating for MAM
First two files saved in 76.35 seconds
Second two files saved in 20.63 seconds
Third two files saved in 72.79 seconds
Fourth two files saved in 18.43 seconds
Fifth two files saved in 130.31 seconds
Time taken for MAM: 318.52 seconds
Calculating for JJA
First two files saved in 82.23 seconds
Second two files saved in 24.05 seconds
Third two files saved in 74.53 seconds
Fourth two files saved in 15.64 seconds
Fifth two files saved in 81.47 seconds
Time taken for JJA: 277.91 seconds
Calculating for SON
First two files saved in 78.73 seconds
Second two files saved in 22.35 seconds
Third two files saved in 111.22 seconds
Fourth two files saved in 16.61 seconds
Fifth two files saved in 89.18 seconds
Time taken for SON: 318.08 seconds
NetCDF files for ERA5 and pr saved
#executed by process	15 in 1201.5s	with status	0 : python /home/vdemeyer/TRACKING/KATJA/POSTPROCESSING/contribution_ETCs.py 1988 --sim ERA5 --var pr
Calculating for DJF
First two files saved in 54.07 seconds
Second two files saved in 14.15 seconds
Third two files saved in 50.05 seconds
Fourth two files saved in 8.18 seconds
Fifth two files saved in 56.91 seconds
Time taken for DJF: 183.36 seconds
Calculating for MAM
First two files saved in 63.59 seconds
Second two files saved in 14.49 seconds
Third two files saved in 44.75 seconds
Fourth two files saved in 8.19 seconds
Fifth two files saved in 61.66 seconds
Time taken for MAM: 192.68 seconds
Calculating for JJA
First two files saved in 51.10 seconds
Second two files saved in 11.82 seconds
Third two files saved in 44.19 seconds
Fourth two files saved in 8.10 seconds
Fifth two files saved in 56.09 seconds
Time taken for JJA: 171.31 seconds
Calculating for SON
First two files saved in 57.82 seconds
Second two files saved in 19.03 seconds
Third two files saved in 52.07 seconds
Fourth two files saved in 8.26 seconds
Fifth two files saved in 39.48 seconds
Time taken for SON: 176.66 seconds
NetCDF files for ERA5 and pr saved
#executed by process	1 in 729.473s	with status	0 : python /home/vdemeyer/TRACKING/KATJA/POSTPROCESSING/contribution_ETCs.py 1994 --sim ERA5 --var pr
Calculating for DJF
First two files saved in 61.47 seconds
Second two files saved in 18.63 seconds
Third two files saved in 53.08 seconds
Fourth two files saved in 9.82 seconds
Fifth two files saved in 76.18 seconds
Time taken for DJF: 219.18 seconds
Calculating for MAM
First two files saved in 50.89 seconds
Second two files saved in 14.99 seconds
Third two files saved in 57.19 seconds
Fourth two files saved in 9.04 seconds
Fifth two files saved in 47.78 seconds
Time taken for MAM: 179.88 seconds
Calculating for JJA
First two files saved in 55.01 seconds
Second two files saved in 15.02 seconds
Third two files saved in 58.27 seconds
Fourth two files saved in 9.78 seconds
Fifth two files saved in 69.60 seconds
Time taken for JJA: 207.68 seconds
Calculating for SON
First two files saved in 55.31 seconds
Second two files saved in 12.75 seconds
Third two files saved in 46.98 seconds
Fourth two files saved in 9.14 seconds
Fifth two files saved in 54.08 seconds
Time taken for SON: 178.25 seconds
NetCDF files for ERA5 and pr saved
#executed by process	2 in 789.446s	with status	0 : python /home/vdemeyer/TRACKING/KATJA/POSTPROCESSING/contribution_ETCs.py 1995 --sim ERA5 --var pr
Calculating for DJF
First two files saved in 63.40 seconds
Second two files saved in 17.47 seconds
Third two files saved in 53.93 seconds
Fourth two files saved in 8.98 seconds
Fifth two files saved in 72.07 seconds
Time taken for DJF: 215.84 seconds
Calculating for MAM
First two files saved in 52.15 seconds
Second two files saved in 16.76 seconds
Third two files saved in 55.86 seconds
Fourth two files saved in 9.23 seconds
Fifth two files saved in 50.36 seconds
Time taken for MAM: 184.36 seconds
Calculating for JJA
First two files saved in 55.66 seconds
Second two files saved in 17.68 seconds
Third two files saved in 54.17 seconds
Fourth two files saved in 9.34 seconds
Fifth two files saved in 68.66 seconds
Time taken for JJA: 205.51 seconds
Calculating for SON
First two files saved in 55.81 seconds
Second two files saved in 13.29 seconds
Third two files saved in 45.81 seconds
Fourth two files saved in 9.19 seconds
Fifth two files saved in 54.34 seconds
Time taken for SON: 178.43 seconds
NetCDF files for ERA5 and pr saved
#executed by process	7 in 788.941s	with status	0 : python /home/vdemeyer/TRACKING/KATJA/POSTPROCESSING/contribution_ETCs.py 1996 --sim ERA5 --var pr
Calculating for DJF
First two files saved in 97.24 seconds
Second two files saved in 33.63 seconds
Third two files saved in 88.20 seconds
Fourth two files saved in 24.24 seconds
Fifth two files saved in 113.77 seconds
Time taken for DJF: 357.08 seconds
Calculating for MAM
First two files saved in 91.39 seconds
Second two files saved in 31.84 seconds
Third two files saved in 126.72 seconds
Fourth two files saved in 20.44 seconds
Fifth two files saved in 115.77 seconds
Time taken for MAM: 386.17 seconds
Calculating for JJA
First two files saved in 101.88 seconds
Second two files saved in 32.28 seconds
Third two files saved in 93.71 seconds
Fourth two files saved in 58.43 seconds
Fifth two files saved in 114.15 seconds
Time taken for JJA: 400.44 seconds
Calculating for SON
First two files saved in 89.52 seconds
Second two files saved in 26.21 seconds
Third two files saved in 88.37 seconds
Fourth two files saved in 21.63 seconds
Fifth two files saved in 154.75 seconds
Time taken for SON: 380.47 seconds
NetCDF files for ERA5 and pr saved
#executed by process	10 in 1532.82s	with status	0 : python /home/vdemeyer/TRACKING/KATJA/POSTPROCESSING/contribution_ETCs.py 1991 --sim ERA5 --var pr
Calculating for DJF
First two files saved in 98.27 seconds
Second two files saved in 33.61 seconds
Third two files saved in 92.95 seconds
Fourth two files saved in 24.92 seconds
Fifth two files saved in 115.75 seconds
Time taken for DJF: 365.49 seconds
Calculating for MAM
First two files saved in 101.53 seconds
Second two files saved in 30.32 seconds
Third two files saved in 118.83 seconds
Fourth two files saved in 22.56 seconds
Fifth two files saved in 116.41 seconds
Time taken for MAM: 389.65 seconds
Calculating for JJA
First two files saved in 103.79 seconds
Second two files saved in 30.71 seconds
Third two files saved in 127.32 seconds
Fourth two files saved in 25.81 seconds
Fifth two files saved in 120.23 seconds
Time taken for JJA: 407.86 seconds
Calculating for SON
First two files saved in 90.06 seconds
Second two files saved in 28.19 seconds
Third two files saved in 90.61 seconds
Fourth two files saved in 24.75 seconds
Fifth two files saved in 149.30 seconds
Time taken for SON: 382.91 seconds
NetCDF files for ERA5 and pr saved
#executed by process	12 in 1555.03s	with status	0 : python /home/vdemeyer/TRACKING/KATJA/POSTPROCESSING/contribution_ETCs.py 1980 --sim ERA5 --var pr
Calculating for DJF
First two files saved in 102.91 seconds
Second two files saved in 33.47 seconds
Third two files saved in 93.66 seconds
Fourth two files saved in 23.66 seconds
Fifth two files saved in 113.85 seconds
Time taken for DJF: 367.56 seconds
Calculating for MAM
First two files saved in 100.31 seconds
Second two files saved in 30.40 seconds
Third two files saved in 119.50 seconds
Fourth two files saved in 22.78 seconds
Fifth two files saved in 118.99 seconds
Time taken for MAM: 391.98 seconds
Calculating for JJA
First two files saved in 107.06 seconds
Second two files saved in 28.96 seconds
Third two files saved in 130.17 seconds
Fourth two files saved in 21.85 seconds
Fifth two files saved in 119.14 seconds
Time taken for JJA: 407.17 seconds
Calculating for SON
First two files saved in 91.05 seconds
Second two files saved in 26.56 seconds
Third two files saved in 89.30 seconds
Fourth two files saved in 24.86 seconds
Fifth two files saved in 149.76 seconds
Time taken for SON: 381.53 seconds
NetCDF files for ERA5 and pr saved
#executed by process	11 in 1556.18s	with status	0 : python /home/vdemeyer/TRACKING/KATJA/POSTPROCESSING/contribution_ETCs.py 1992 --sim ERA5 --var pr
Calculating for DJF
First two files saved in 101.47 seconds
Second two files saved in 33.16 seconds
Third two files saved in 88.72 seconds
Fourth two files saved in 24.88 seconds
Fifth two files saved in 112.92 seconds
Time taken for DJF: 361.13 seconds
Calculating for MAM
First two files saved in 97.01 seconds
Second two files saved in 36.27 seconds
Third two files saved in 119.40 seconds
Fourth two files saved in 26.25 seconds
Fifth two files saved in 118.80 seconds
Time taken for MAM: 397.72 seconds
Calculating for JJA
First two files saved in 99.25 seconds
Second two files saved in 27.49 seconds
Third two files saved in 129.33 seconds
Fourth two files saved in 26.28 seconds
Fifth two files saved in 112.27 seconds
Time taken for JJA: 394.61 seconds
Calculating for SON
First two files saved in 97.22 seconds
Second two files saved in 31.41 seconds
Third two files saved in 90.82 seconds
Fourth two files saved in 24.82 seconds
Fifth two files saved in 152.75 seconds
Time taken for SON: 397.02 seconds
NetCDF files for ERA5 and pr saved
#executed by process	13 in 1558.22s	with status	0 : python /home/vdemeyer/TRACKING/KATJA/POSTPROCESSING/contribution_ETCs.py 1993 --sim ERA5 --var pr
Calculating for DJF
First two files saved in 67.02 seconds
Second two files saved in 19.60 seconds
Third two files saved in 54.44 seconds
Fourth two files saved in 10.96 seconds
Fifth two files saved in 80.43 seconds
Time taken for DJF: 232.45 seconds
Calculating for MAM
First two files saved in 63.12 seconds
Second two files saved in 16.63 seconds
Third two files saved in 58.75 seconds
Fourth two files saved in 11.23 seconds
Fifth two files saved in 74.99 seconds
Time taken for MAM: 224.71 seconds
Calculating for JJA
First two files saved in 70.72 seconds
Second two files saved in 14.93 seconds
Third two files saved in 53.48 seconds
Fourth two files saved in 11.24 seconds
Fifth two files saved in 69.23 seconds
Time taken for JJA: 219.60 seconds
Calculating for SON
First two files saved in 66.86 seconds
Second two files saved in 18.91 seconds
Third two files saved in 59.22 seconds
Fourth two files saved in 14.43 seconds
Fifth two files saved in 62.71 seconds
Time taken for SON: 222.14 seconds
NetCDF files for ERA5 and pr saved
#executed by process	6 in 904.648s	with status	0 : python /home/vdemeyer/TRACKING/KATJA/POSTPROCESSING/contribution_ETCs.py 1997 --sim ERA5 --var pr
Calculating for DJF
First two files saved in 62.60 seconds
Second two files saved in 16.88 seconds
Third two files saved in 59.46 seconds
Fourth two files saved in 10.59 seconds
Fifth two files saved in 105.60 seconds
Time taken for DJF: 255.13 seconds
Calculating for MAM
First two files saved in 63.26 seconds
Second two files saved in 17.20 seconds
Third two files saved in 58.07 seconds
Fourth two files saved in 10.87 seconds
Fifth two files saved in 58.50 seconds
Time taken for MAM: 207.89 seconds
Calculating for JJA
First two files saved in 59.24 seconds
Second two files saved in 15.16 seconds
Third two files saved in 56.12 seconds
Fourth two files saved in 10.88 seconds
Fifth two files saved in 104.07 seconds
Time taken for JJA: 245.48 seconds
Calculating for SON
First two files saved in 64.12 seconds
Second two files saved in 16.99 seconds
Third two files saved in 58.73 seconds
Fourth two files saved in 10.89 seconds
Fifth two files saved in 59.20 seconds
Time taken for SON: 209.93 seconds
NetCDF files for ERA5 and pr saved
#executed by process	9 in 929.66s	with status	0 : python /home/vdemeyer/TRACKING/KATJA/POSTPROCESSING/contribution_ETCs.py 1998 --sim ERA5 --var pr
Calculating for DJF
First two files saved in 67.75 seconds
Second two files saved in 19.05 seconds
Third two files saved in 59.21 seconds
Fourth two files saved in 47.11 seconds
Fifth two files saved in 63.48 seconds
Time taken for DJF: 256.60 seconds
Calculating for MAM
First two files saved in 61.53 seconds
Second two files saved in 14.79 seconds
Third two files saved in 58.12 seconds
Fourth two files saved in 10.46 seconds
Fifth two files saved in 57.27 seconds
Time taken for MAM: 202.17 seconds
Calculating for JJA
First two files saved in 65.61 seconds
Second two files saved in 16.98 seconds
Third two files saved in 78.36 seconds
Fourth two files saved in 31.23 seconds
Fifth two files saved in 65.21 seconds
Time taken for JJA: 257.39 seconds
Calculating for SON
First two files saved in 63.18 seconds
Second two files saved in 14.25 seconds
Third two files saved in 54.77 seconds
Fourth two files saved in 11.18 seconds
Fifth two files saved in 58.94 seconds
Time taken for SON: 202.31 seconds
NetCDF files for ERA5 and pr saved
#executed by process	8 in 925.288s	with status	0 : python /home/vdemeyer/TRACKING/KATJA/POSTPROCESSING/contribution_ETCs.py 1999 --sim ERA5 --var pr
Calculating for DJF
First two files saved in 50.43 seconds
Second two files saved in 14.37 seconds
Third two files saved in 47.57 seconds
Fourth two files saved in 7.91 seconds
Fifth two files saved in 66.13 seconds
Time taken for DJF: 186.41 seconds
Calculating for MAM
First two files saved in 63.41 seconds
Second two files saved in 14.93 seconds
Third two files saved in 52.45 seconds
Fourth two files saved in 8.08 seconds
Fifth two files saved in 43.63 seconds
Time taken for MAM: 182.51 seconds
Calculating for JJA
First two files saved in 48.46 seconds
Second two files saved in 11.85 seconds
Third two files saved in 59.59 seconds
Fourth two files saved in 8.37 seconds
Fifth two files saved in 53.57 seconds
Time taken for JJA: 181.84 seconds
Calculating for SON
First two files saved in 50.01 seconds
Second two files saved in 13.60 seconds
Third two files saved in 44.71 seconds
Fourth two files saved in 10.00 seconds
Fifth two files saved in 47.98 seconds
Time taken for SON: 166.31 seconds
NetCDF files for ERA5 and pr saved
#executed by process	1 in 721.915s	with status	0 : python /home/vdemeyer/TRACKING/KATJA/POSTPROCESSING/contribution_ETCs.py 2005 --sim ERA5 --var pr
Calculating for DJF
First two files saved in 72.05 seconds
Second two files saved in 20.14 seconds
Third two files saved in 74.48 seconds
Fourth two files saved in 15.95 seconds
Fifth two files saved in 102.15 seconds
Time taken for DJF: 284.78 seconds
Calculating for MAM
First two files saved in 71.28 seconds
Second two files saved in 22.19 seconds
Third two files saved in 69.32 seconds
Fourth two files saved in 14.01 seconds
Fifth two files saved in 100.42 seconds
Time taken for MAM: 277.22 seconds
Calculating for JJA
First two files saved in 78.48 seconds
Second two files saved in 19.47 seconds
Third two files saved in 63.29 seconds
Fourth two files saved in 14.48 seconds
Fifth two files saved in 100.06 seconds
Time taken for JJA: 275.79 seconds
Calculating for SON
First two files saved in 75.41 seconds
Second two files saved in 20.92 seconds
Third two files saved in 66.80 seconds
Fourth two files saved in 18.93 seconds
Fifth two files saved in 93.86 seconds
Time taken for SON: 275.93 seconds
NetCDF files for ERA5 and pr saved
#executed by process	3 in 1119.16s	with status	0 : python /home/vdemeyer/TRACKING/KATJA/POSTPROCESSING/contribution_ETCs.py 2001 --sim ERA5 --var pr
Calculating for DJF
First two files saved in 75.15 seconds
Second two files saved in 20.92 seconds
Third two files saved in 76.28 seconds
Fourth two files saved in 19.39 seconds
Fifth two files saved in 99.88 seconds
Time taken for DJF: 291.61 seconds
Calculating for MAM
First two files saved in 73.01 seconds
Second two files saved in 24.38 seconds
Third two files saved in 67.59 seconds
Fourth two files saved in 17.36 seconds
Fifth two files saved in 94.89 seconds
Time taken for MAM: 277.23 seconds
Calculating for JJA
First two files saved in 81.44 seconds
Second two files saved in 17.06 seconds
Third two files saved in 64.39 seconds
Fourth two files saved in 15.51 seconds
Fifth two files saved in 98.90 seconds
Time taken for JJA: 277.30 seconds
Calculating for SON
First two files saved in 73.18 seconds
Second two files saved in 20.61 seconds
Third two files saved in 71.58 seconds
Fourth two files saved in 15.73 seconds
Fifth two files saved in 98.67 seconds
Time taken for SON: 279.76 seconds
NetCDF files for ERA5 and pr saved
#executed by process	4 in 1131.72s	with status	0 : python /home/vdemeyer/TRACKING/KATJA/POSTPROCESSING/contribution_ETCs.py 2002 --sim ERA5 --var pr
Calculating for DJF
First two files saved in 78.63 seconds
Second two files saved in 24.25 seconds
Third two files saved in 77.02 seconds
Fourth two files saved in 20.00 seconds
Fifth two files saved in 102.13 seconds
Time taken for DJF: 302.02 seconds
Calculating for MAM
First two files saved in 69.32 seconds
Second two files saved in 20.44 seconds
Third two files saved in 69.99 seconds
Fourth two files saved in 16.27 seconds
Fifth two files saved in 96.81 seconds
Time taken for MAM: 272.83 seconds
Calculating for JJA
First two files saved in 88.39 seconds
Second two files saved in 19.31 seconds
Third two files saved in 66.46 seconds
Fourth two files saved in 14.18 seconds
Fifth two files saved in 100.52 seconds
Time taken for JJA: 288.86 seconds
Calculating for SON
First two files saved in 72.04 seconds
Second two files saved in 21.12 seconds
Third two files saved in 75.43 seconds
Fourth two files saved in 16.91 seconds
Fifth two files saved in 92.02 seconds
Time taken for SON: 277.52 seconds
NetCDF files for ERA5 and pr saved
#executed by process	5 in 1147.13s	with status	0 : python /home/vdemeyer/TRACKING/KATJA/POSTPROCESSING/contribution_ETCs.py 2000 --sim ERA5 --var pr
Calculating for DJF
First two files saved in 63.90 seconds
Second two files saved in 19.14 seconds
Third two files saved in 57.40 seconds
Fourth two files saved in 9.09 seconds
Fifth two files saved in 64.88 seconds
Time taken for DJF: 214.41 seconds
Calculating for MAM
First two files saved in 52.23 seconds
Second two files saved in 12.60 seconds
Third two files saved in 45.91 seconds
Fourth two files saved in 12.84 seconds
Fifth two files saved in 68.44 seconds
Time taken for MAM: 192.03 seconds
Calculating for JJA
First two files saved in 59.17 seconds
Second two files saved in 14.66 seconds
Third two files saved in 47.17 seconds
Fourth two files saved in 9.05 seconds
Fifth two files saved in 65.22 seconds
Time taken for JJA: 195.27 seconds
Calculating for SON
First two files saved in 58.45 seconds
Second two files saved in 13.16 seconds
Third two files saved in 48.98 seconds
Fourth two files saved in 9.05 seconds
Fifth two files saved in 57.94 seconds
Time taken for SON: 187.58 seconds
NetCDF files for ERA5 and pr saved
#executed by process	7 in 794.095s	with status	0 : python /home/vdemeyer/TRACKING/KATJA/POSTPROCESSING/contribution_ETCs.py 2007 --sim ERA5 --var pr
Calculating for DJF
First two files saved in 63.15 seconds
Second two files saved in 19.48 seconds
Third two files saved in 58.35 seconds
Fourth two files saved in 9.12 seconds
Fifth two files saved in 64.72 seconds
Time taken for DJF: 214.82 seconds
Calculating for MAM
First two files saved in 55.60 seconds
Second two files saved in 14.62 seconds
Third two files saved in 45.55 seconds
Fourth two files saved in 12.85 seconds
Fifth two files saved in 68.78 seconds
Time taken for MAM: 197.40 seconds
Calculating for JJA
First two files saved in 57.62 seconds
Second two files saved in 14.61 seconds
Third two files saved in 47.24 seconds
Fourth two files saved in 9.16 seconds
Fifth two files saved in 66.52 seconds
Time taken for JJA: 195.13 seconds
Calculating for SON
First two files saved in 58.33 seconds
Second two files saved in 13.36 seconds
Third two files saved in 49.03 seconds
Fourth two files saved in 9.17 seconds
Fifth two files saved in 60.40 seconds
Time taken for SON: 190.30 seconds
NetCDF files for ERA5 and pr saved
#executed by process	2 in 802.343s	with status	0 : python /home/vdemeyer/TRACKING/KATJA/POSTPROCESSING/contribution_ETCs.py 2006 --sim ERA5 --var pr
Calculating for DJF
First two files saved in 85.25 seconds
Second two files saved in 26.89 seconds
Third two files saved in 73.24 seconds
Fourth two files saved in 16.51 seconds
Fifth two files saved in 137.07 seconds
Time taken for DJF: 338.96 seconds
Calculating for MAM
First two files saved in 74.87 seconds
Second two files saved in 21.18 seconds
Third two files saved in 73.64 seconds
Fourth two files saved in 16.71 seconds
Fifth two files saved in 85.13 seconds
Time taken for MAM: 271.53 seconds
Calculating for JJA
First two files saved in 125.89 seconds
Second two files saved in 24.34 seconds
Third two files saved in 73.53 seconds
Fourth two files saved in 16.46 seconds
Fifth two files saved in 88.78 seconds
Time taken for JJA: 328.99 seconds
Calculating for SON
First two files saved in 77.03 seconds
Second two files saved in 21.58 seconds
Third two files saved in 73.80 seconds
Fourth two files saved in 17.28 seconds
Fifth two files saved in 127.98 seconds
Time taken for SON: 317.68 seconds
NetCDF files for ERA5 and pr saved
#executed by process	14 in 1267.26s	with status	0 : python /home/vdemeyer/TRACKING/KATJA/POSTPROCESSING/contribution_ETCs.py 2003 --sim ERA5 --var pr
Calculating for DJF
First two files saved in 86.50 seconds
Second two files saved in 26.72 seconds
Third two files saved in 73.88 seconds
Fourth two files saved in 15.87 seconds
Fifth two files saved in 132.75 seconds
Time taken for DJF: 335.72 seconds
Calculating for MAM
First two files saved in 76.23 seconds
Second two files saved in 21.68 seconds
Third two files saved in 73.64 seconds
Fourth two files saved in 16.64 seconds
Fifth two files saved in 83.51 seconds
Time taken for MAM: 271.71 seconds
Calculating for JJA
First two files saved in 125.17 seconds
Second two files saved in 24.89 seconds
Third two files saved in 72.54 seconds
Fourth two files saved in 16.57 seconds
Fifth two files saved in 91.15 seconds
Time taken for JJA: 330.32 seconds
Calculating for SON
First two files saved in 81.42 seconds
Second two files saved in 24.77 seconds
Third two files saved in 75.76 seconds
Fourth two files saved in 16.30 seconds
Fifth two files saved in 126.11 seconds
Time taken for SON: 324.35 seconds
NetCDF files for ERA5 and pr saved
#executed by process	15 in 1268.81s	with status	0 : python /home/vdemeyer/TRACKING/KATJA/POSTPROCESSING/contribution_ETCs.py 2004 --sim ERA5 --var pr
Calculating for DJF
First two files saved in 68.10 seconds
Second two files saved in 19.48 seconds
Third two files saved in 70.82 seconds
Fourth two files saved in 15.11 seconds
Fifth two files saved in 67.68 seconds
Time taken for DJF: 241.19 seconds
Calculating for MAM
First two files saved in 60.95 seconds
Second two files saved in 18.96 seconds
Third two files saved in 63.61 seconds
Fourth two files saved in 14.23 seconds
Fifth two files saved in 72.78 seconds
Time taken for MAM: 230.53 seconds
Calculating for JJA
First two files saved in 60.28 seconds
Second two files saved in 19.88 seconds
Third two files saved in 55.35 seconds
Fourth two files saved in 13.11 seconds
Fifth two files saved in 74.74 seconds
Time taken for JJA: 223.36 seconds
Calculating for SON
First two files saved in 80.40 seconds
Second two files saved in 19.75 seconds
Third two files saved in 52.16 seconds
Fourth two files saved in 11.28 seconds
Fifth two files saved in 61.73 seconds
Time taken for SON: 225.33 seconds
NetCDF files for ERA5 and pr saved
#executed by process	6 in 925.852s	with status	0 : python /home/vdemeyer/TRACKING/KATJA/POSTPROCESSING/contribution_ETCs.py 2012 --sim ERA5 --var pr
Calculating for DJF
First two files saved in 59.13 seconds
Second two files saved in 14.88 seconds
Third two files saved in 96.52 seconds
Fourth two files saved in 11.29 seconds
Fifth two files saved in 64.49 seconds
Time taken for DJF: 246.31 seconds
Calculating for MAM
First two files saved in 63.68 seconds
Second two files saved in 17.33 seconds
Third two files saved in 55.01 seconds
Fourth two files saved in 10.58 seconds
Fifth two files saved in 57.21 seconds
Time taken for MAM: 203.81 seconds
Calculating for JJA
First two files saved in 61.70 seconds
Second two files saved in 15.24 seconds
Third two files saved in 57.25 seconds
Fourth two files saved in 10.66 seconds
Fifth two files saved in 104.73 seconds
Time taken for JJA: 249.58 seconds
Calculating for SON
First two files saved in 64.70 seconds
Second two files saved in 17.06 seconds
Third two files saved in 57.40 seconds
Fourth two files saved in 10.78 seconds
Fifth two files saved in 60.18 seconds
Time taken for SON: 210.12 seconds
NetCDF files for ERA5 and pr saved
#executed by process	9 in 918.04s	with status	0 : python /home/vdemeyer/TRACKING/KATJA/POSTPROCESSING/contribution_ETCs.py 2013 --sim ERA5 --var pr
Calculating for DJF
First two files saved in 66.04 seconds
Second two files saved in 64.53 seconds
Third two files saved in 57.76 seconds
Fourth two files saved in 10.03 seconds
Fifth two files saved in 64.55 seconds
Time taken for DJF: 262.91 seconds
Calculating for MAM
First two files saved in 63.46 seconds
Second two files saved in 17.16 seconds
Third two files saved in 55.36 seconds
Fourth two files saved in 10.86 seconds
Fifth two files saved in 57.76 seconds
Time taken for MAM: 204.61 seconds
Calculating for JJA
First two files saved in 62.54 seconds
Second two files saved in 17.48 seconds
Third two files saved in 93.78 seconds
Fourth two files saved in 14.31 seconds
Fifth two files saved in 62.93 seconds
Time taken for JJA: 251.04 seconds
Calculating for SON
First two files saved in 61.48 seconds
Second two files saved in 14.93 seconds
Third two files saved in 56.96 seconds
Fourth two files saved in 11.38 seconds
Fifth two files saved in 57.26 seconds
Time taken for SON: 202.02 seconds
NetCDF files for ERA5 and pr saved
#executed by process	8 in 928.847s	with status	0 : python /home/vdemeyer/TRACKING/KATJA/POSTPROCESSING/contribution_ETCs.py 2014 --sim ERA5 --var pr
Calculating for DJF
First two files saved in 64.46 seconds
Second two files saved in 16.79 seconds
Third two files saved in 45.59 seconds
Fourth two files saved in 9.72 seconds
Fifth two files saved in 54.80 seconds
Time taken for DJF: 191.36 seconds
Calculating for MAM
First two files saved in 51.32 seconds
Second two files saved in 11.82 seconds
Third two files saved in 59.11 seconds
Fourth two files saved in 8.03 seconds
Fifth two files saved in 69.00 seconds
Time taken for MAM: 199.28 seconds
Calculating for JJA
First two files saved in 54.06 seconds
Second two files saved in 13.72 seconds
Third two files saved in 46.75 seconds
Fourth two files saved in 8.85 seconds
Fifth two files saved in 49.32 seconds
Time taken for JJA: 172.69 seconds
Calculating for SON
First two files saved in 62.29 seconds
Second two files saved in 12.47 seconds
Third two files saved in 48.21 seconds
Fourth two files saved in 9.39 seconds
Fifth two files saved in 37.42 seconds
Time taken for SON: 169.78 seconds
NetCDF files for ERA5 and pr saved
#executed by process	1 in 737.962s	with status	0 : python /home/vdemeyer/TRACKING/KATJA/POSTPROCESSING/contribution_ETCs.py 2015 --sim ERA5 --var pr
Calculating for DJF
First two files saved in 61.59 seconds
Second two files saved in 16.88 seconds
Third two files saved in 62.17 seconds
Fourth two files saved in 16.04 seconds
Fifth two files saved in 74.97 seconds
Time taken for DJF: 231.66 seconds
Calculating for MAM
First two files saved in 49.77 seconds
Second two files saved in 12.91 seconds
Third two files saved in 49.12 seconds
Fourth two files saved in 9.95 seconds
Fifth two files saved in 65.89 seconds
Time taken for MAM: 187.62 seconds
Calculating for JJA
First two files saved in 62.92 seconds
Second two files saved in 15.24 seconds
Third two files saved in 48.83 seconds
Fourth two files saved in 9.21 seconds
Fifth two files saved in 65.52 seconds
Time taken for JJA: 201.71 seconds
Calculating for SON
First two files saved in 52.38 seconds
Second two files saved in 14.60 seconds
Third two files saved in 53.84 seconds
Fourth two files saved in 9.29 seconds
Fifth two files saved in 65.62 seconds
Time taken for SON: 195.73 seconds
NetCDF files for ERA5 and pr saved
#executed by process	7 in 821.555s	with status	0 : python /home/vdemeyer/TRACKING/KATJA/POSTPROCESSING/contribution_ETCs.py 2019 --sim ERA5 --var pr
Calculating for DJF
First two files saved in 61.37 seconds
Second two files saved in 14.44 seconds
Third two files saved in 62.64 seconds
Fourth two files saved in 15.70 seconds
Fifth two files saved in 75.56 seconds
Time taken for DJF: 229.71 seconds
Calculating for MAM
First two files saved in 54.73 seconds
Second two files saved in 14.79 seconds
Third two files saved in 50.80 seconds
Fourth two files saved in 9.22 seconds
Fifth two files saved in 68.77 seconds
Time taken for MAM: 198.32 seconds
Calculating for JJA
First two files saved in 57.56 seconds
Second two files saved in 13.57 seconds
Third two files saved in 48.87 seconds
Fourth two files saved in 9.38 seconds
Fifth two files saved in 65.73 seconds
Time taken for JJA: 195.11 seconds
Calculating for SON
First two files saved in 59.16 seconds
Second two files saved in 17.66 seconds
Third two files saved in 52.61 seconds
Fourth two files saved in 11.95 seconds
Fifth two files saved in 59.33 seconds
Time taken for SON: 200.72 seconds
NetCDF files for ERA5 and pr saved
#executed by process	2 in 829.214s	with status	0 : python /home/vdemeyer/TRACKING/KATJA/POSTPROCESSING/contribution_ETCs.py 2020 --sim ERA5 --var pr
Calculating for DJF
First two files saved in 90.87 seconds
Second two files saved in 27.27 seconds
Third two files saved in 91.77 seconds
Fourth two files saved in 23.08 seconds
Fifth two files saved in 160.39 seconds
Time taken for DJF: 393.38 seconds
Calculating for MAM
First two files saved in 97.20 seconds
Second two files saved in 30.06 seconds
Third two files saved in 92.70 seconds
Fourth two files saved in 21.99 seconds
Fifth two files saved in 111.40 seconds
Time taken for MAM: 353.36 seconds
Calculating for JJA
First two files saved in 134.48 seconds
Second two files saved in 27.97 seconds
Third two files saved in 86.94 seconds
Fourth two files saved in 23.25 seconds
Fifth two files saved in 115.63 seconds
Time taken for JJA: 388.27 seconds
Calculating for SON
First two files saved in 135.36 seconds
Second two files saved in 31.12 seconds
Third two files saved in 89.96 seconds
Fourth two files saved in 24.28 seconds
Fifth two files saved in 114.39 seconds
Time taken for SON: 395.10 seconds
NetCDF files for ERA5 and pr saved
#executed by process	12 in 1537.68s	with status	0 : python /home/vdemeyer/TRACKING/KATJA/POSTPROCESSING/contribution_ETCs.py 2009 --sim ERA5 --var pr
Calculating for DJF
First two files saved in 100.88 seconds
Second two files saved in 32.92 seconds
Third two files saved in 97.35 seconds
Fourth two files saved in 20.45 seconds
Fifth two files saved in 152.14 seconds
Time taken for DJF: 403.74 seconds
Calculating for MAM
First two files saved in 95.19 seconds
Second two files saved in 26.42 seconds
Third two files saved in 92.77 seconds
Fourth two files saved in 20.76 seconds
Fifth two files saved in 113.07 seconds
Time taken for MAM: 348.20 seconds
Calculating for JJA
First two files saved in 135.98 seconds
Second two files saved in 26.69 seconds
Third two files saved in 91.09 seconds
Fourth two files saved in 20.71 seconds
Fifth two files saved in 113.76 seconds
Time taken for JJA: 388.24 seconds
Calculating for SON
First two files saved in 133.70 seconds
Second two files saved in 29.68 seconds
Third two files saved in 89.38 seconds
Fourth two files saved in 24.01 seconds
Fifth two files saved in 113.81 seconds
Time taken for SON: 390.57 seconds
NetCDF files for ERA5 and pr saved
#executed by process	13 in 1538.03s	with status	0 : python /home/vdemeyer/TRACKING/KATJA/POSTPROCESSING/contribution_ETCs.py 2011 --sim ERA5 --var pr
Calculating for DJF
First two files saved in 100.67 seconds
Second two files saved in 32.03 seconds
Third two files saved in 94.27 seconds
Fourth two files saved in 22.30 seconds
Fifth two files saved in 155.61 seconds
Time taken for DJF: 404.89 seconds
Calculating for MAM
First two files saved in 99.93 seconds
Second two files saved in 29.62 seconds
Third two files saved in 92.34 seconds
Fourth two files saved in 19.60 seconds
Fifth two files saved in 115.55 seconds
Time taken for MAM: 357.04 seconds
Calculating for JJA
First two files saved in 136.24 seconds
Second two files saved in 25.05 seconds
Third two files saved in 92.11 seconds
Fourth two files saved in 19.12 seconds
Fifth two files saved in 116.84 seconds
Time taken for JJA: 389.34 seconds
Calculating for SON
First two files saved in 128.57 seconds
Second two files saved in 28.80 seconds
Third two files saved in 88.86 seconds
Fourth two files saved in 24.22 seconds
Fifth two files saved in 116.86 seconds
Time taken for SON: 387.31 seconds
NetCDF files for ERA5 and pr saved
#executed by process	11 in 1545.87s	with status	0 : python /home/vdemeyer/TRACKING/KATJA/POSTPROCESSING/contribution_ETCs.py 2010 --sim ERA5 --var pr
Calculating for DJF
First two files saved in 99.78 seconds
Second two files saved in 33.93 seconds
Third two files saved in 92.88 seconds
Fourth two files saved in 23.43 seconds
Fifth two files saved in 164.53 seconds
Time taken for DJF: 414.55 seconds
Calculating for MAM
First two files saved in 93.44 seconds
Second two files saved in 27.38 seconds
Third two files saved in 90.09 seconds
Fourth two files saved in 22.70 seconds
Fifth two files saved in 115.41 seconds
Time taken for MAM: 349.02 seconds
Calculating for JJA
First two files saved in 136.43 seconds
Second two files saved in 29.62 seconds
Third two files saved in 87.92 seconds
Fourth two files saved in 23.06 seconds
Fifth two files saved in 115.64 seconds
Time taken for JJA: 392.68 seconds
Calculating for SON
First two files saved in 137.95 seconds
Second two files saved in 31.24 seconds
Third two files saved in 91.22 seconds
Fourth two files saved in 24.00 seconds
Fifth two files saved in 118.50 seconds
Time taken for SON: 402.91 seconds
NetCDF files for ERA5 and pr saved
#executed by process	10 in 1570.45s	with status	0 : python /home/vdemeyer/TRACKING/KATJA/POSTPROCESSING/contribution_ETCs.py 2008 --sim ERA5 --var pr
Calculating for DJF
First two files saved in 54.13 seconds
Second two files saved in 14.04 seconds
Third two files saved in 40.86 seconds
Fourth two files saved in 8.17 seconds
Fifth two files saved in 40.66 seconds
Time taken for DJF: 157.86 seconds
Calculating for MAM
First two files saved in 58.95 seconds
Second two files saved in 17.47 seconds
Third two files saved in 57.56 seconds
Fourth two files saved in 11.10 seconds
Fifth two files saved in 74.24 seconds
Time taken for MAM: 219.32 seconds
Calculating for JJA
First two files saved in 66.23 seconds
Second two files saved in 16.40 seconds
Third two files saved in 50.16 seconds
Fourth two files saved in 10.77 seconds
Fifth two files saved in 68.90 seconds
Time taken for JJA: 212.46 seconds
Calculating for SON
First two files saved in 2.88 seconds
Second two files saved in 2.47 seconds
Third two files saved in 1.54 seconds
Fourth two files saved in 0.94 seconds
Fifth two files saved in 4.66 seconds
Time taken for SON: 12.48 seconds
NetCDF files for ERA5 and pr saved
Calculating for DJF
First two files saved in 40.33 seconds
Second two files saved in 11.19 seconds
Third two files saved in 35.69 seconds
Fourth two files saved in 5.62 seconds
Fifth two files saved in 83.47 seconds
Time taken for DJF: 176.29 seconds
Calculating for MAM
First two files saved in 43.09 seconds
Second two files saved in 11.19 seconds
Third two files saved in 36.03 seconds
Fourth two files saved in 6.06 seconds
Fifth two files saved in 33.70 seconds
Time taken for MAM: 130.07 seconds
Calculating for JJA
First two files saved in 40.83 seconds
Second two files saved in 11.00 seconds
Third two files saved in 35.61 seconds
Fourth two files saved in 5.87 seconds
Fifth two files saved in 33.07 seconds
Time taken for JJA: 126.37 seconds
Calculating for SON
First two files saved in 44.47 seconds
Second two files saved in 12.68 seconds
Third two files saved in 34.56 seconds
Fourth two files saved in 5.51 seconds
Fifth two files saved in 29.68 seconds
Time taken for SON: 126.92 seconds
NetCDF files for ERA5 and ws saved
#executed by process	6 in 606.58s	with status	0 : python /home/vdemeyer/TRACKING/KATJA/POSTPROCESSING/contribution_ETCs.py 2023 --sim ERA5 --var pr
#executed by process	9 in 568.408s	with status	0 : python /home/vdemeyer/TRACKING/KATJA/POSTPROCESSING/contribution_ETCs.py 1979 --sim ERA5 --var ws
Calculating for DJF
First two files saved in 45.86 seconds
Second two files saved in 14.22 seconds
Third two files saved in 74.43 seconds
Fourth two files saved in 10.52 seconds
Fifth two files saved in 36.93 seconds
Time taken for DJF: 181.95 seconds
Calculating for MAM
First two files saved in 42.53 seconds
Second two files saved in 11.15 seconds
Third two files saved in 35.68 seconds
Fourth two files saved in 6.38 seconds
Fifth two files saved in 32.29 seconds
Time taken for MAM: 128.04 seconds
Calculating for JJA
First two files saved in 40.55 seconds
Second two files saved in 10.92 seconds
Third two files saved in 35.27 seconds
Fourth two files saved in 5.79 seconds
Fifth two files saved in 32.34 seconds
Time taken for JJA: 124.87 seconds
Calculating for SON
First two files saved in 39.67 seconds
Second two files saved in 10.98 seconds
Third two files saved in 34.29 seconds
Fourth two files saved in 6.19 seconds
Fifth two files saved in 27.07 seconds
Time taken for SON: 118.20 seconds
NetCDF files for ERA5 and ws saved
#executed by process	8 in 560.899s	with status	0 : python /home/vdemeyer/TRACKING/KATJA/POSTPROCESSING/contribution_ETCs.py 1980 --sim ERA5 --var ws
Calculating for DJF
First two files saved in 75.43 seconds
Second two files saved in 28.30 seconds
Third two files saved in 69.87 seconds
Fourth two files saved in 16.13 seconds
Fifth two files saved in 106.20 seconds
Time taken for DJF: 295.93 seconds
Calculating for MAM
First two files saved in 74.98 seconds
Second two files saved in 21.18 seconds
Third two files saved in 69.76 seconds
Fourth two files saved in 13.52 seconds
Fifth two files saved in 99.75 seconds
Time taken for MAM: 279.20 seconds
Calculating for JJA
First two files saved in 72.21 seconds
Second two files saved in 18.40 seconds
Third two files saved in 73.41 seconds
Fourth two files saved in 15.20 seconds
Fifth two files saved in 101.24 seconds
Time taken for JJA: 280.46 seconds
Calculating for SON
First two files saved in 77.44 seconds
Second two files saved in 21.18 seconds
Third two files saved in 66.96 seconds
Fourth two files saved in 17.41 seconds
Fifth two files saved in 93.74 seconds
Time taken for SON: 276.73 seconds
NetCDF files for ERA5 and pr saved
#executed by process	3 in 1138.24s	with status	0 : python /home/vdemeyer/TRACKING/KATJA/POSTPROCESSING/contribution_ETCs.py 2016 --sim ERA5 --var pr
Calculating for DJF
First two files saved in 51.53 seconds
Second two files saved in 14.35 seconds
Third two files saved in 30.34 seconds
Fourth two files saved in 4.62 seconds
Fifth two files saved in 33.61 seconds
Time taken for DJF: 134.45 seconds
Calculating for MAM
First two files saved in 39.85 seconds
Second two files saved in 9.19 seconds
Third two files saved in 31.80 seconds
Fourth two files saved in 5.48 seconds
Fifth two files saved in 29.09 seconds
Time taken for MAM: 115.40 seconds
Calculating for JJA
First two files saved in 33.06 seconds
Second two files saved in 8.59 seconds
Third two files saved in 29.05 seconds
Fourth two files saved in 4.44 seconds
Fifth two files saved in 30.24 seconds
Time taken for JJA: 105.40 seconds
Calculating for SON
First two files saved in 37.44 seconds
Second two files saved in 11.67 seconds
Third two files saved in 32.06 seconds
Fourth two files saved in 4.69 seconds
Fifth two files saved in 26.40 seconds
Time taken for SON: 112.26 seconds
NetCDF files for ERA5 and ws saved
#executed by process	1 in 472.361s	with status	0 : python /home/vdemeyer/TRACKING/KATJA/POSTPROCESSING/contribution_ETCs.py 1981 --sim ERA5 --var ws
Calculating for DJF
First two files saved in 77.90 seconds
Second two files saved in 17.89 seconds
Third two files saved in 71.17 seconds
Fourth two files saved in 16.66 seconds
Fifth two files saved in 108.86 seconds
Time taken for DJF: 292.48 seconds
Calculating for MAM
First two files saved in 73.71 seconds
Second two files saved in 22.40 seconds
Third two files saved in 69.81 seconds
Fourth two files saved in 16.89 seconds
Fifth two files saved in 95.89 seconds
Time taken for MAM: 278.70 seconds
Calculating for JJA
First two files saved in 72.40 seconds
Second two files saved in 20.60 seconds
Third two files saved in 73.97 seconds
Fourth two files saved in 16.14 seconds
Fifth two files saved in 90.66 seconds
Time taken for JJA: 273.77 seconds
Calculating for SON
First two files saved in 78.88 seconds
Second two files saved in 21.60 seconds
Third two files saved in 72.15 seconds
Fourth two files saved in 18.20 seconds
Fifth two files saved in 89.44 seconds
Time taken for SON: 280.27 seconds
NetCDF files for ERA5 and pr saved
#executed by process	4 in 1130.71s	with status	0 : python /home/vdemeyer/TRACKING/KATJA/POSTPROCESSING/contribution_ETCs.py 2017 --sim ERA5 --var pr
Calculating for DJF
First two files saved in 83.41 seconds
Second two files saved in 24.61 seconds
Third two files saved in 72.41 seconds
Fourth two files saved in 19.52 seconds
Fifth two files saved in 108.89 seconds
Time taken for DJF: 308.85 seconds
Calculating for MAM
First two files saved in 68.78 seconds
Second two files saved in 19.90 seconds
Third two files saved in 71.13 seconds
Fourth two files saved in 18.52 seconds
Fifth two files saved in 89.18 seconds
Time taken for MAM: 267.50 seconds
Calculating for JJA
First two files saved in 76.10 seconds
Second two files saved in 24.29 seconds
Third two files saved in 72.30 seconds
Fourth two files saved in 18.26 seconds
Fifth two files saved in 91.31 seconds
Time taken for JJA: 282.27 seconds
Calculating for SON
First two files saved in 71.60 seconds
Second two files saved in 18.53 seconds
Third two files saved in 73.08 seconds
Fourth two files saved in 17.22 seconds
Fifth two files saved in 86.87 seconds
Time taken for SON: 267.30 seconds
NetCDF files for ERA5 and pr saved
#executed by process	5 in 1131.22s	with status	0 : python /home/vdemeyer/TRACKING/KATJA/POSTPROCESSING/contribution_ETCs.py 2018 --sim ERA5 --var pr
Calculating for DJF
First two files saved in 40.57 seconds
Second two files saved in 12.70 seconds
Third two files saved in 33.22 seconds
Fourth two files saved in 5.64 seconds
Fifth two files saved in 32.67 seconds
Time taken for DJF: 124.79 seconds
Calculating for MAM
First two files saved in 41.00 seconds
Second two files saved in 11.24 seconds
Third two files saved in 31.93 seconds
Fourth two files saved in 4.94 seconds
Fifth two files saved in 28.76 seconds
Time taken for MAM: 117.87 seconds
Calculating for JJA
First two files saved in 35.51 seconds
Second two files saved in 9.42 seconds
Third two files saved in 32.84 seconds
Fourth two files saved in 5.30 seconds
Fifth two files saved in 40.02 seconds
Time taken for JJA: 123.08 seconds
Calculating for SON
First two files saved in 34.20 seconds
Second two files saved in 9.82 seconds
Third two files saved in 29.87 seconds
Fourth two files saved in 5.00 seconds
Fifth two files saved in 24.03 seconds
Time taken for SON: 102.92 seconds
NetCDF files for ERA5 and ws saved
#executed by process	2 in 473.516s	with status	0 : python /home/vdemeyer/TRACKING/KATJA/POSTPROCESSING/contribution_ETCs.py 1983 --sim ERA5 --var ws
Calculating for DJF
First two files saved in 34.57 seconds
Second two files saved in 9.70 seconds
Third two files saved in 32.02 seconds
Fourth two files saved in 5.30 seconds
Fifth two files saved in 35.50 seconds
Time taken for DJF: 117.09 seconds
Calculating for MAM
First two files saved in 47.10 seconds
Second two files saved in 14.93 seconds
Third two files saved in 33.78 seconds
Fourth two files saved in 5.22 seconds
Fifth two files saved in 28.79 seconds
Time taken for MAM: 129.82 seconds
Calculating for JJA
First two files saved in 39.24 seconds
Second two files saved in 12.61 seconds
Third two files saved in 32.42 seconds
Fourth two files saved in 5.45 seconds
Fifth two files saved in 38.71 seconds
Time taken for JJA: 128.43 seconds
Calculating for SON
First two files saved in 34.52 seconds
Second two files saved in 10.06 seconds
Third two files saved in 29.64 seconds
Fourth two files saved in 5.38 seconds
Fifth two files saved in 23.96 seconds
Time taken for SON: 103.57 seconds
NetCDF files for ERA5 and ws saved
#executed by process	7 in 484.116s	with status	0 : python /home/vdemeyer/TRACKING/KATJA/POSTPROCESSING/contribution_ETCs.py 1982 --sim ERA5 --var ws
Calculating for DJF
First two files saved in 79.79 seconds
Second two files saved in 23.81 seconds
Third two files saved in 74.57 seconds
Fourth two files saved in 16.66 seconds
Fifth two files saved in 85.45 seconds
Time taken for DJF: 280.28 seconds
Calculating for MAM
First two files saved in 116.95 seconds
Second two files saved in 25.21 seconds
Third two files saved in 74.53 seconds
Fourth two files saved in 16.59 seconds
Fifth two files saved in 90.67 seconds
Time taken for MAM: 323.95 seconds
Calculating for JJA
First two files saved in 71.58 seconds
Second two files saved in 20.81 seconds
Third two files saved in 72.20 seconds
Fourth two files saved in 16.76 seconds
Fifth two files saved in 128.67 seconds
Time taken for JJA: 310.02 seconds
Calculating for SON
First two files saved in 78.43 seconds
Second two files saved in 23.23 seconds
Third two files saved in 73.51 seconds
Fourth two files saved in 15.68 seconds
Fifth two files saved in 84.93 seconds
Time taken for SON: 275.78 seconds
NetCDF files for ERA5 and pr saved
#executed by process	14 in 1201.23s	with status	0 : python /home/vdemeyer/TRACKING/KATJA/POSTPROCESSING/contribution_ETCs.py 2021 --sim ERA5 --var pr
Calculating for DJF
First two files saved in 84.54 seconds
Second two files saved in 26.63 seconds
Third two files saved in 75.51 seconds
Fourth two files saved in 15.81 seconds
Fifth two files saved in 85.64 seconds
Time taken for DJF: 288.14 seconds
Calculating for MAM
First two files saved in 117.62 seconds
Second two files saved in 21.02 seconds
Third two files saved in 72.71 seconds
Fourth two files saved in 15.78 seconds
Fifth two files saved in 91.33 seconds
Time taken for MAM: 318.45 seconds
Calculating for JJA
First two files saved in 75.74 seconds
Second two files saved in 23.64 seconds
Third two files saved in 71.02 seconds
Fourth two files saved in 16.64 seconds
Fifth two files saved in 131.21 seconds
Time taken for JJA: 318.25 seconds
Calculating for SON
First two files saved in 76.64 seconds
Second two files saved in 20.33 seconds
Third two files saved in 73.56 seconds
Fourth two files saved in 14.95 seconds
Fifth two files saved in 82.82 seconds
Time taken for SON: 268.31 seconds
NetCDF files for ERA5 and pr saved
#executed by process	15 in 1200.93s	with status	0 : python /home/vdemeyer/TRACKING/KATJA/POSTPROCESSING/contribution_ETCs.py 2022 --sim ERA5 --var pr
Calculating for DJF
First two files saved in 43.60 seconds
Second two files saved in 13.91 seconds
Third two files saved in 29.71 seconds
Fourth two files saved in 4.76 seconds
Fifth two files saved in 30.94 seconds
Time taken for DJF: 122.91 seconds
Calculating for MAM
First two files saved in 42.07 seconds
Second two files saved in 9.91 seconds
Third two files saved in 28.57 seconds
Fourth two files saved in 4.76 seconds
Fifth two files saved in 24.90 seconds
Time taken for MAM: 110.21 seconds
Calculating for JJA
First two files saved in 33.00 seconds
Second two files saved in 8.45 seconds
Third two files saved in 29.72 seconds
Fourth two files saved in 4.54 seconds
Fifth two files saved in 26.63 seconds
Time taken for JJA: 102.34 seconds
Calculating for SON
First two files saved in 34.45 seconds
Second two files saved in 12.10 seconds
Third two files saved in 28.65 seconds
Fourth two files saved in 3.88 seconds
Fifth two files saved in 19.82 seconds
Time taken for SON: 98.90 seconds
NetCDF files for ERA5 and ws saved
#executed by process	1 in 439.513s	with status	0 : python /home/vdemeyer/TRACKING/KATJA/POSTPROCESSING/contribution_ETCs.py 1992 --sim ERA5 --var ws
Calculating for DJF
First two files saved in 53.35 seconds
Second two files saved in 13.82 seconds
Third two files saved in 35.89 seconds
Fourth two files saved in 5.90 seconds
Fifth two files saved in 33.27 seconds
Time taken for DJF: 142.23 seconds
Calculating for MAM
First two files saved in 41.04 seconds
Second two files saved in 14.31 seconds
Third two files saved in 40.57 seconds
Fourth two files saved in 6.19 seconds
Fifth two files saved in 30.49 seconds
Time taken for MAM: 132.60 seconds
Calculating for JJA
First two files saved in 39.13 seconds
Second two files saved in 11.76 seconds
Third two files saved in 33.43 seconds
Fourth two files saved in 6.68 seconds
Fifth two files saved in 36.11 seconds
Time taken for JJA: 127.11 seconds
Calculating for SON
First two files saved in 39.78 seconds
Second two files saved in 11.82 seconds
Third two files saved in 33.88 seconds
Fourth two files saved in 6.09 seconds
Fifth two files saved in 31.71 seconds
Time taken for SON: 123.29 seconds
NetCDF files for ERA5 and ws saved
#executed by process	6 in 531.206s	with status	0 : python /home/vdemeyer/TRACKING/KATJA/POSTPROCESSING/contribution_ETCs.py 1988 --sim ERA5 --var ws
Calculating for DJF
First two files saved in 50.41 seconds
Second two files saved in 55.29 seconds
Third two files saved in 35.44 seconds
Fourth two files saved in 5.90 seconds
Fifth two files saved in 37.64 seconds
Time taken for DJF: 184.69 seconds
Calculating for MAM
First two files saved in 38.98 seconds
Second two files saved in 11.46 seconds
Third two files saved in 34.64 seconds
Fourth two files saved in 6.07 seconds
Fifth two files saved in 32.25 seconds
Time taken for MAM: 123.40 seconds
Calculating for JJA
First two files saved in 40.25 seconds
Second two files saved in 11.64 seconds
Third two files saved in 34.97 seconds
Fourth two files saved in 6.09 seconds
Fifth two files saved in 33.18 seconds
Time taken for JJA: 126.12 seconds
Calculating for SON
First two files saved in 37.33 seconds
Second two files saved in 10.89 seconds
Third two files saved in 32.84 seconds
Fourth two files saved in 5.76 seconds
Fifth two files saved in 28.94 seconds
Time taken for SON: 115.76 seconds
NetCDF files for ERA5 and ws saved
#executed by process	9 in 559.814s	with status	0 : python /home/vdemeyer/TRACKING/KATJA/POSTPROCESSING/contribution_ETCs.py 1989 --sim ERA5 --var ws
Calculating for DJF
First two files saved in 41.70 seconds
Second two files saved in 50.56 seconds
Third two files saved in 36.25 seconds
Fourth two files saved in 6.00 seconds
Fifth two files saved in 36.37 seconds
Time taken for DJF: 170.88 seconds
Calculating for MAM
First two files saved in 44.36 seconds
Second two files saved in 14.71 seconds
Third two files saved in 34.75 seconds
Fourth two files saved in 5.88 seconds
Fifth two files saved in 33.35 seconds
Time taken for MAM: 133.05 seconds
Calculating for JJA
First two files saved in 40.04 seconds
Second two files saved in 10.87 seconds
Third two files saved in 35.27 seconds
Fourth two files saved in 5.64 seconds
Fifth two files saved in 33.28 seconds
Time taken for JJA: 125.10 seconds
Calculating for SON
First two files saved in 38.05 seconds
Second two files saved in 10.82 seconds
Third two files saved in 33.33 seconds
Fourth two files saved in 5.83 seconds
Fifth two files saved in 29.01 seconds
Time taken for SON: 117.02 seconds
NetCDF files for ERA5 and ws saved
#executed by process	8 in 553.789s	with status	0 : python /home/vdemeyer/TRACKING/KATJA/POSTPROCESSING/contribution_ETCs.py 1990 --sim ERA5 --var ws
Calculating for DJF
First two files saved in 52.25 seconds
Second two files saved in 17.72 seconds
Third two files saved in 38.02 seconds
Fourth two files saved in 8.25 seconds
Fifth two files saved in 52.21 seconds
Time taken for DJF: 168.45 seconds
Calculating for MAM
First two files saved in 46.78 seconds
Second two files saved in 12.98 seconds
Third two files saved in 38.38 seconds
Fourth two files saved in 7.36 seconds
Fifth two files saved in 39.37 seconds
Time taken for MAM: 144.87 seconds
Calculating for JJA
First two files saved in 47.94 seconds
Second two files saved in 12.51 seconds
Third two files saved in 41.45 seconds
Fourth two files saved in 6.59 seconds
Fifth two files saved in 42.00 seconds
Time taken for JJA: 150.49 seconds
Calculating for SON
First two files saved in 44.19 seconds
Second two files saved in 12.68 seconds
Third two files saved in 36.66 seconds
Fourth two files saved in 6.81 seconds
Fifth two files saved in 36.63 seconds
Time taken for SON: 136.97 seconds
NetCDF files for ERA5 and ws saved
#executed by process	3 in 606.429s	with status	0 : python /home/vdemeyer/TRACKING/KATJA/POSTPROCESSING/contribution_ETCs.py 1991 --sim ERA5 --var ws
Calculating for DJF
First two files saved in 51.83 seconds
Second two files saved in 19.02 seconds
Third two files saved in 38.94 seconds
Fourth two files saved in 8.22 seconds
Fifth two files saved in 52.47 seconds
Time taken for DJF: 170.49 seconds
Calculating for MAM
First two files saved in 44.44 seconds
Second two files saved in 13.66 seconds
Third two files saved in 37.97 seconds
Fourth two files saved in 7.64 seconds
Fifth two files saved in 42.18 seconds
Time taken for MAM: 145.89 seconds
Calculating for JJA
First two files saved in 45.67 seconds
Second two files saved in 16.14 seconds
Third two files saved in 39.86 seconds
Fourth two files saved in 8.19 seconds
Fifth two files saved in 43.83 seconds
Time taken for JJA: 153.70 seconds
Calculating for SON
First two files saved in 44.96 seconds
Second two files saved in 13.57 seconds
Third two files saved in 40.93 seconds
Fourth two files saved in 8.27 seconds
Fifth two files saved in 43.85 seconds
Time taken for SON: 151.58 seconds
NetCDF files for ERA5 and ws saved
#executed by process	4 in 627.064s	with status	0 : python /home/vdemeyer/TRACKING/KATJA/POSTPROCESSING/contribution_ETCs.py 1993 --sim ERA5 --var ws
Calculating for DJF
First two files saved in 58.92 seconds
Second two files saved in 20.78 seconds
Third two files saved in 42.67 seconds
Fourth two files saved in 7.45 seconds
Fifth two files saved in 44.86 seconds
Time taken for DJF: 174.68 seconds
Calculating for MAM
First two files saved in 45.60 seconds
Second two files saved in 12.94 seconds
Third two files saved in 37.45 seconds
Fourth two files saved in 8.12 seconds
Fifth two files saved in 44.83 seconds
Time taken for MAM: 148.93 seconds
Calculating for JJA
First two files saved in 48.37 seconds
Second two files saved in 13.46 seconds
Third two files saved in 39.48 seconds
Fourth two files saved in 9.39 seconds
Fifth two files saved in 42.73 seconds
Time taken for JJA: 153.44 seconds
Calculating for SON
First two files saved in 44.01 seconds
Second two files saved in 12.64 seconds
Third two files saved in 40.12 seconds
Fourth two files saved in 8.34 seconds
Fifth two files saved in 39.79 seconds
Time taken for SON: 144.90 seconds
NetCDF files for ERA5 and ws saved
#executed by process	5 in 627.33s	with status	0 : python /home/vdemeyer/TRACKING/KATJA/POSTPROCESSING/contribution_ETCs.py 1994 --sim ERA5 --var ws
Calculating for DJF
First two files saved in 65.57 seconds
Second two files saved in 25.68 seconds
Third two files saved in 49.55 seconds
Fourth two files saved in 11.78 seconds
Fifth two files saved in 95.80 seconds
Time taken for DJF: 248.38 seconds
Calculating for MAM
First two files saved in 60.25 seconds
Second two files saved in 19.34 seconds
Third two files saved in 51.62 seconds
Fourth two files saved in 11.19 seconds
Fifth two files saved in 58.92 seconds
Time taken for MAM: 201.33 seconds
Calculating for JJA
First two files saved in 61.17 seconds
Second two files saved in 20.54 seconds
Third two files saved in 48.02 seconds
Fourth two files saved in 9.58 seconds
Fifth two files saved in 53.48 seconds
Time taken for JJA: 192.79 seconds
Calculating for SON
First two files saved in 56.59 seconds
Second two files saved in 18.83 seconds
Third two files saved in 50.28 seconds
Fourth two files saved in 9.05 seconds
Fifth two files saved in 53.93 seconds
Time taken for SON: 188.68 seconds
NetCDF files for ERA5 and ws saved
#executed by process	13 in 840.076s	with status	0 : python /home/vdemeyer/TRACKING/KATJA/POSTPROCESSING/contribution_ETCs.py 1985 --sim ERA5 --var ws
Calculating for DJF
First two files saved in 71.23 seconds
Second two files saved in 30.23 seconds
Third two files saved in 53.42 seconds
Fourth two files saved in 10.42 seconds
Fifth two files saved in 93.89 seconds
Time taken for DJF: 259.20 seconds
Calculating for MAM
First two files saved in 61.13 seconds
Second two files saved in 18.63 seconds
Third two files saved in 51.66 seconds
Fourth two files saved in 11.34 seconds
Fifth two files saved in 59.55 seconds
Time taken for MAM: 202.32 seconds
Calculating for JJA
First two files saved in 60.14 seconds
Second two files saved in 22.43 seconds
Third two files saved in 46.56 seconds
Fourth two files saved in 11.15 seconds
Fifth two files saved in 57.01 seconds
Time taken for JJA: 197.30 seconds
Calculating for SON
First two files saved in 58.09 seconds
Second two files saved in 21.78 seconds
Third two files saved in 48.22 seconds
Fourth two files saved in 11.66 seconds
Fifth two files saved in 55.34 seconds
Time taken for SON: 195.09 seconds
NetCDF files for ERA5 and ws saved
Calculating for DJF
First two files saved in 71.56 seconds
Second two files saved in 31.64 seconds
Third two files saved in 52.59 seconds
Fourth two files saved in 10.86 seconds
Fifth two files saved in 96.29 seconds
Time taken for DJF: 262.95 seconds
Calculating for MAM
First two files saved in 63.86 seconds
Second two files saved in 18.52 seconds
Third two files saved in 51.19 seconds
Fourth two files saved in 11.43 seconds
Fifth two files saved in 59.03 seconds
Time taken for MAM: 204.03 seconds
Calculating for JJA
First two files saved in 60.89 seconds
Second two files saved in 22.24 seconds
Third two files saved in 46.23 seconds
Fourth two files saved in 11.36 seconds
Fifth two files saved in 56.77 seconds
Time taken for JJA: 197.49 seconds
Calculating for SON
First two files saved in 58.08 seconds
Second two files saved in 21.09 seconds
Third two files saved in 48.86 seconds
Fourth two files saved in 11.88 seconds
Fifth two files saved in 55.55 seconds
Time taken for SON: 195.46 seconds
NetCDF files for ERA5 and ws saved
#executed by process	11 in 860.567s	with status	0 : python /home/vdemeyer/TRACKING/KATJA/POSTPROCESSING/contribution_ETCs.py 1986 --sim ERA5 --var ws
#executed by process	12 in 870.265s	with status	0 : python /home/vdemeyer/TRACKING/KATJA/POSTPROCESSING/contribution_ETCs.py 1984 --sim ERA5 --var ws
Calculating for DJF
First two files saved in 61.68 seconds
Second two files saved in 21.01 seconds
Third two files saved in 50.71 seconds
Fourth two files saved in 11.70 seconds
Fifth two files saved in 99.05 seconds
Time taken for DJF: 244.16 seconds
Calculating for MAM
First two files saved in 59.23 seconds
Second two files saved in 19.53 seconds
Third two files saved in 50.87 seconds
Fourth two files saved in 11.18 seconds
Fifth two files saved in 58.85 seconds
Time taken for MAM: 199.66 seconds
Calculating for JJA
First two files saved in 68.52 seconds
Second two files saved in 28.20 seconds
Third two files saved in 45.47 seconds
Fourth two files saved in 11.38 seconds
Fifth two files saved in 54.72 seconds
Time taken for JJA: 208.29 seconds
Calculating for SON
First two files saved in 61.31 seconds
Second two files saved in 26.78 seconds
Third two files saved in 48.22 seconds
Fourth two files saved in 12.02 seconds
Fifth two files saved in 56.14 seconds
Time taken for SON: 204.48 seconds
NetCDF files for ERA5 and ws saved
#executed by process	10 in 863.693s	with status	0 : python /home/vdemeyer/TRACKING/KATJA/POSTPROCESSING/contribution_ETCs.py 1987 --sim ERA5 --var ws
Calculating for DJF
First two files saved in 37.07 seconds
Second two files saved in 10.99 seconds
Third two files saved in 32.77 seconds
Fourth two files saved in 4.91 seconds
Fifth two files saved in 33.87 seconds
Time taken for DJF: 119.61 seconds
Calculating for MAM
First two files saved in 35.89 seconds
Second two files saved in 9.61 seconds
Third two files saved in 33.00 seconds
Fourth two files saved in 5.96 seconds
Fifth two files saved in 27.35 seconds
Time taken for MAM: 111.81 seconds
Calculating for JJA
First two files saved in 40.50 seconds
Second two files saved in 13.51 seconds
Third two files saved in 33.57 seconds
Fourth two files saved in 5.36 seconds
Fifth two files saved in 34.77 seconds
Time taken for JJA: 127.71 seconds
Calculating for SON
First two files saved in 33.97 seconds
Second two files saved in 9.19 seconds
Third two files saved in 29.24 seconds
Fourth two files saved in 5.11 seconds
Fifth two files saved in 31.26 seconds
Time taken for SON: 108.76 seconds
NetCDF files for ERA5 and ws saved
#executed by process	2 in 472.719s	with status	0 : python /home/vdemeyer/TRACKING/KATJA/POSTPROCESSING/contribution_ETCs.py 1995 --sim ERA5 --var ws
Calculating for DJF
First two files saved in 42.53 seconds
Second two files saved in 14.06 seconds
Third two files saved in 32.55 seconds
Fourth two files saved in 5.82 seconds
Fifth two files saved in 34.68 seconds
Time taken for DJF: 129.64 seconds
Calculating for MAM
First two files saved in 35.45 seconds
Second two files saved in 10.27 seconds
Third two files saved in 34.44 seconds
Fourth two files saved in 5.50 seconds
Fifth two files saved in 27.89 seconds
Time taken for MAM: 113.54 seconds
Calculating for JJA
First two files saved in 36.42 seconds
Second two files saved in 9.73 seconds
Third two files saved in 33.13 seconds
Fourth two files saved in 5.29 seconds
Fifth two files saved in 33.51 seconds
Time taken for JJA: 118.08 seconds
Calculating for SON
First two files saved in 34.47 seconds
Second two files saved in 9.78 seconds
Third two files saved in 29.42 seconds
Fourth two files saved in 5.41 seconds
Fifth two files saved in 31.16 seconds
Time taken for SON: 110.24 seconds
NetCDF files for ERA5 and ws saved
#executed by process	7 in 475.896s	with status	0 : python /home/vdemeyer/TRACKING/KATJA/POSTPROCESSING/contribution_ETCs.py 1996 --sim ERA5 --var ws
Calculating for DJF
First two files saved in 47.49 seconds
Second two files saved in 16.01 seconds
Third two files saved in 29.10 seconds
Fourth two files saved in 4.72 seconds
Fifth two files saved in 27.45 seconds
Time taken for DJF: 124.77 seconds
Calculating for MAM
First two files saved in 36.86 seconds
Second two files saved in 10.80 seconds
Third two files saved in 31.37 seconds
Fourth two files saved in 4.89 seconds
Fifth two files saved in 23.94 seconds
Time taken for MAM: 107.87 seconds
Calculating for JJA
First two files saved in 33.03 seconds
Second two files saved in 9.73 seconds
Third two files saved in 31.86 seconds
Fourth two files saved in 4.72 seconds
Fifth two files saved in 29.52 seconds
Time taken for JJA: 108.85 seconds
Calculating for SON
First two files saved in 33.35 seconds
Second two files saved in 8.52 seconds
Third two files saved in 28.68 seconds
Fourth two files saved in 5.69 seconds
Fifth two files saved in 24.50 seconds
Time taken for SON: 100.74 seconds
NetCDF files for ERA5 and ws saved
#executed by process	1 in 447.333s	with status	0 : python /home/vdemeyer/TRACKING/KATJA/POSTPROCESSING/contribution_ETCs.py 1999 --sim ERA5 --var ws
Calculating for DJF
First two files saved in 41.26 seconds
Second two files saved in 11.24 seconds
Third two files saved in 34.39 seconds
Fourth two files saved in 6.27 seconds
Fifth two files saved in 37.69 seconds
Time taken for DJF: 130.85 seconds
Calculating for MAM
First two files saved in 43.14 seconds
Second two files saved in 11.40 seconds
Third two files saved in 33.81 seconds
Fourth two files saved in 6.34 seconds
Fifth two files saved in 34.00 seconds
Time taken for MAM: 128.69 seconds
Calculating for JJA
First two files saved in 40.89 seconds
Second two files saved in 12.44 seconds
Third two files saved in 34.13 seconds
Fourth two files saved in 6.11 seconds
Fifth two files saved in 31.11 seconds
Time taken for JJA: 124.68 seconds
Calculating for SON
First two files saved in 46.87 seconds
Second two files saved in 14.68 seconds
Third two files saved in 34.22 seconds
Fourth two files saved in 6.31 seconds
Fifth two files saved in 30.84 seconds
Time taken for SON: 132.93 seconds
NetCDF files for ERA5 and ws saved
#executed by process	6 in 521.849s	with status	0 : python /home/vdemeyer/TRACKING/KATJA/POSTPROCESSING/contribution_ETCs.py 2000 --sim ERA5 --var ws
Calculating for DJF
First two files saved in 46.53 seconds
Second two files saved in 14.38 seconds
Third two files saved in 35.79 seconds
Fourth two files saved in 5.79 seconds
Fifth two files saved in 36.76 seconds
Time taken for DJF: 139.24 seconds
Calculating for MAM
First two files saved in 43.56 seconds
Second two files saved in 12.89 seconds
Third two files saved in 35.85 seconds
Fourth two files saved in 6.07 seconds
Fifth two files saved in 36.59 seconds
Time taken for MAM: 134.97 seconds
Calculating for JJA
First two files saved in 79.46 seconds
Second two files saved in 11.61 seconds
Third two files saved in 36.01 seconds
Fourth two files saved in 5.79 seconds
Fifth two files saved in 37.78 seconds
Time taken for JJA: 170.66 seconds
Calculating for SON
First two files saved in 39.97 seconds
Second two files saved in 11.39 seconds
Third two files saved in 35.38 seconds
Fourth two files saved in 5.84 seconds
Fifth two files saved in 33.06 seconds
Time taken for SON: 125.64 seconds
NetCDF files for ERA5 and ws saved
#executed by process	9 in 579.625s	with status	0 : python /home/vdemeyer/TRACKING/KATJA/POSTPROCESSING/contribution_ETCs.py 2001 --sim ERA5 --var ws
Calculating for DJF
First two files saved in 52.95 seconds
Second two files saved in 17.37 seconds
Third two files saved in 35.19 seconds
Fourth two files saved in 5.72 seconds
Fifth two files saved in 37.92 seconds
Time taken for DJF: 149.15 seconds
Calculating for MAM
First two files saved in 43.73 seconds
Second two files saved in 12.27 seconds
Third two files saved in 36.56 seconds
Fourth two files saved in 6.93 seconds
Fifth two files saved in 79.85 seconds
Time taken for MAM: 179.34 seconds
Calculating for JJA
First two files saved in 43.35 seconds
Second two files saved in 11.17 seconds
Third two files saved in 36.81 seconds
Fourth two files saved in 5.86 seconds
Fifth two files saved in 34.68 seconds
Time taken for JJA: 131.88 seconds
Calculating for SON
First two files saved in 40.54 seconds
Second two files saved in 11.11 seconds
Third two files saved in 35.51 seconds
Fourth two files saved in 6.24 seconds
Fifth two files saved in 33.43 seconds
Time taken for SON: 126.84 seconds
NetCDF files for ERA5 and ws saved
#executed by process	8 in 595.061s	with status	0 : python /home/vdemeyer/TRACKING/KATJA/POSTPROCESSING/contribution_ETCs.py 2002 --sim ERA5 --var ws
Calculating for DJF
First two files saved in 58.03 seconds
Second two files saved in 20.41 seconds
Third two files saved in 42.49 seconds
Fourth two files saved in 8.59 seconds
Fifth two files saved in 45.67 seconds
Time taken for DJF: 175.19 seconds
Calculating for MAM
First two files saved in 53.30 seconds
Second two files saved in 19.76 seconds
Third two files saved in 43.95 seconds
Fourth two files saved in 8.05 seconds
Fifth two files saved in 44.01 seconds
Time taken for MAM: 169.06 seconds
Calculating for JJA
First two files saved in 53.33 seconds
Second two files saved in 51.89 seconds
Third two files saved in 42.93 seconds
Fourth two files saved in 9.07 seconds
Fifth two files saved in 50.67 seconds
Time taken for JJA: 207.89 seconds
Calculating for SON
First two files saved in 47.28 seconds
Second two files saved in 15.21 seconds
Third two files saved in 41.19 seconds
Fourth two files saved in 8.46 seconds
Fifth two files saved in 46.01 seconds
Time taken for SON: 158.17 seconds
NetCDF files for ERA5 and ws saved
#executed by process	15 in 718.034s	with status	0 : python /home/vdemeyer/TRACKING/KATJA/POSTPROCESSING/contribution_ETCs.py 1998 --sim ERA5 --var ws
Calculating for DJF
First two files saved in 61.19 seconds
Second two files saved in 24.94 seconds
Third two files saved in 43.13 seconds
Fourth two files saved in 8.49 seconds
Fifth two files saved in 44.56 seconds
Time taken for DJF: 182.31 seconds
Calculating for MAM
First two files saved in 49.28 seconds
Second two files saved in 15.99 seconds
Third two files saved in 44.38 seconds
Fourth two files saved in 7.69 seconds
Fifth two files saved in 44.29 seconds
Time taken for MAM: 161.63 seconds
Calculating for JJA
First two files saved in 54.82 seconds
Second two files saved in 54.26 seconds
Third two files saved in 43.43 seconds
Fourth two files saved in 8.85 seconds
Fifth two files saved in 49.31 seconds
Time taken for JJA: 210.68 seconds
Calculating for SON
First two files saved in 49.63 seconds
Second two files saved in 16.13 seconds
Third two files saved in 43.04 seconds
Fourth two files saved in 8.74 seconds
Fifth two files saved in 45.49 seconds
Time taken for SON: 163.02 seconds
NetCDF files for ERA5 and ws saved
#executed by process	14 in 728.791s	with status	0 : python /home/vdemeyer/TRACKING/KATJA/POSTPROCESSING/contribution_ETCs.py 1997 --sim ERA5 --var ws
Calculating for DJF
First two files saved in 49.30 seconds
Second two files saved in 13.19 seconds
Third two files saved in 39.22 seconds
Fourth two files saved in 7.31 seconds
Fifth two files saved in 44.62 seconds
Time taken for DJF: 153.64 seconds
Calculating for MAM
First two files saved in 53.77 seconds
Second two files saved in 16.62 seconds
Third two files saved in 41.30 seconds
Fourth two files saved in 8.45 seconds
Fifth two files saved in 37.77 seconds
Time taken for MAM: 157.91 seconds
Calculating for JJA
First two files saved in 51.18 seconds
Second two files saved in 19.74 seconds
Third two files saved in 39.86 seconds
Fourth two files saved in 7.43 seconds
Fifth two files saved in 36.76 seconds
Time taken for JJA: 154.97 seconds
Calculating for SON
First two files saved in 50.19 seconds
Second two files saved in 13.19 seconds
Third two files saved in 37.56 seconds
Fourth two files saved in 7.11 seconds
Fifth two files saved in 34.87 seconds
Time taken for SON: 142.91 seconds
NetCDF files for ERA5 and ws saved
#executed by process	3 in 615.26s	with status	0 : python /home/vdemeyer/TRACKING/KATJA/POSTPROCESSING/contribution_ETCs.py 2003 --sim ERA5 --var ws
Calculating for DJF
First two files saved in 47.83 seconds
Second two files saved in 12.24 seconds
Third two files saved in 29.69 seconds
Fourth two files saved in 5.42 seconds
Fifth two files saved in 33.69 seconds
Time taken for DJF: 128.88 seconds
Calculating for MAM
First two files saved in 37.96 seconds
Second two files saved in 13.01 seconds
Third two files saved in 30.95 seconds
Fourth two files saved in 5.08 seconds
Fifth two files saved in 30.63 seconds
Time taken for MAM: 117.64 seconds
Calculating for JJA
First two files saved in 35.50 seconds
Second two files saved in 9.28 seconds
Third two files saved in 31.03 seconds
Fourth two files saved in 5.96 seconds
Fifth two files saved in 35.87 seconds
Time taken for JJA: 117.64 seconds
Calculating for SON
First two files saved in 33.31 seconds
Second two files saved in 8.93 seconds
Third two files saved in 27.88 seconds
Fourth two files saved in 4.67 seconds
Fifth two files saved in 27.44 seconds
Time taken for SON: 102.23 seconds
NetCDF files for ERA5 and ws saved
#executed by process	7 in 470.917s	with status	0 : python /home/vdemeyer/TRACKING/KATJA/POSTPROCESSING/contribution_ETCs.py 2011 --sim ERA5 --var ws
Calculating for DJF
First two files saved in 50.66 seconds
Second two files saved in 15.63 seconds
Third two files saved in 31.86 seconds
Fourth two files saved in 5.29 seconds
Fifth two files saved in 35.41 seconds
Time taken for DJF: 138.85 seconds
Calculating for MAM
First two files saved in 35.32 seconds
Second two files saved in 10.90 seconds
Third two files saved in 30.61 seconds
Fourth two files saved in 5.65 seconds
Fifth two files saved in 30.89 seconds
Time taken for MAM: 113.37 seconds
Calculating for JJA
First two files saved in 36.36 seconds
Second two files saved in 9.73 seconds
Third two files saved in 31.69 seconds
Fourth two files saved in 5.79 seconds
Fifth two files saved in 33.88 seconds
Time taken for JJA: 117.45 seconds
Calculating for SON
First two files saved in 34.27 seconds
Second two files saved in 9.72 seconds
Third two files saved in 28.72 seconds
Fourth two files saved in 5.26 seconds
Fifth two files saved in 26.58 seconds
Time taken for SON: 104.55 seconds
NetCDF files for ERA5 and ws saved
#executed by process	2 in 478.699s	with status	0 : python /home/vdemeyer/TRACKING/KATJA/POSTPROCESSING/contribution_ETCs.py 2010 --sim ERA5 --var ws
Calculating for DJF
First two files saved in 49.99 seconds
Second two files saved in 18.80 seconds
Third two files saved in 42.99 seconds
Fourth two files saved in 7.51 seconds
Fifth two files saved in 47.21 seconds
Time taken for DJF: 166.50 seconds
Calculating for MAM
First two files saved in 46.20 seconds
Second two files saved in 15.52 seconds
Third two files saved in 40.83 seconds
Fourth two files saved in 8.51 seconds
Fifth two files saved in 39.26 seconds
Time taken for MAM: 150.32 seconds
Calculating for JJA
First two files saved in 49.15 seconds
Second two files saved in 12.79 seconds
Third two files saved in 37.41 seconds
Fourth two files saved in 7.00 seconds
Fifth two files saved in 47.23 seconds
Time taken for JJA: 153.57 seconds
Calculating for SON
First two files saved in 42.52 seconds
Second two files saved in 12.72 seconds
Third two files saved in 36.86 seconds
Fourth two files saved in 7.51 seconds
Fifth two files saved in 33.18 seconds
Time taken for SON: 132.78 seconds
NetCDF files for ERA5 and ws saved
#executed by process	4 in 609.047s	with status	0 : python /home/vdemeyer/TRACKING/KATJA/POSTPROCESSING/contribution_ETCs.py 2004 --sim ERA5 --var ws
Calculating for DJF
First two files saved in 53.72 seconds
Second two files saved in 20.26 seconds
Third two files saved in 41.84 seconds
Fourth two files saved in 8.38 seconds
Fifth two files saved in 44.25 seconds
Time taken for DJF: 168.45 seconds
Calculating for MAM
First two files saved in 47.01 seconds
Second two files saved in 15.01 seconds
Third two files saved in 40.28 seconds
Fourth two files saved in 6.99 seconds
Fifth two files saved in 38.39 seconds
Time taken for MAM: 147.68 seconds
Calculating for JJA
First two files saved in 48.75 seconds
Second two files saved in 13.09 seconds
Third two files saved in 39.07 seconds
Fourth two files saved in 7.93 seconds
Fifth two files saved in 44.72 seconds
Time taken for JJA: 153.55 seconds
Calculating for SON
First two files saved in 45.09 seconds
Second two files saved in 16.06 seconds
Third two files saved in 38.11 seconds
Fourth two files saved in 7.19 seconds
Fifth two files saved in 36.16 seconds
Time taken for SON: 142.62 seconds
NetCDF files for ERA5 and ws saved
#executed by process	5 in 617.38s	with status	0 : python /home/vdemeyer/TRACKING/KATJA/POSTPROCESSING/contribution_ETCs.py 2005 --sim ERA5 --var ws
Calculating for DJF
First two files saved in 42.27 seconds
Second two files saved in 14.01 seconds
Third two files saved in 31.36 seconds
Fourth two files saved in 4.80 seconds
Fifth two files saved in 30.47 seconds
Time taken for DJF: 122.91 seconds
Calculating for MAM
First two files saved in 34.98 seconds
Second two files saved in 9.33 seconds
Third two files saved in 33.69 seconds
Fourth two files saved in 6.31 seconds
Fifth two files saved in 27.42 seconds
Time taken for MAM: 111.73 seconds
Calculating for JJA
First two files saved in 33.40 seconds
Second two files saved in 8.40 seconds
Third two files saved in 27.45 seconds
Fourth two files saved in 4.07 seconds
Fifth two files saved in 22.56 seconds
Time taken for JJA: 95.87 seconds
Calculating for SON
First two files saved in 33.71 seconds
Second two files saved in 9.18 seconds
Third two files saved in 26.77 seconds
Fourth two files saved in 3.92 seconds
Fifth two files saved in 20.45 seconds
Time taken for SON: 94.02 seconds
NetCDF files for ERA5 and ws saved
#executed by process	1 in 429.501s	with status	0 : python /home/vdemeyer/TRACKING/KATJA/POSTPROCESSING/contribution_ETCs.py 2012 --sim ERA5 --var ws
Calculating for DJF
First two files saved in 39.44 seconds
Second two files saved in 11.46 seconds
Third two files saved in 35.08 seconds
Fourth two files saved in 7.69 seconds
Fifth two files saved in 39.16 seconds
Time taken for DJF: 132.83 seconds
Calculating for MAM
First two files saved in 38.93 seconds
Second two files saved in 11.19 seconds
Third two files saved in 33.06 seconds
Fourth two files saved in 6.21 seconds
Fifth two files saved in 33.36 seconds
Time taken for MAM: 122.75 seconds
Calculating for JJA
First two files saved in 38.43 seconds
Second two files saved in 11.24 seconds
Third two files saved in 35.46 seconds
Fourth two files saved in 9.05 seconds
Fifth two files saved in 34.14 seconds
Time taken for JJA: 128.32 seconds
Calculating for SON
First two files saved in 46.40 seconds
Second two files saved in 14.50 seconds
Third two files saved in 33.69 seconds
Fourth two files saved in 6.08 seconds
Fifth two files saved in 32.18 seconds
Time taken for SON: 132.85 seconds
NetCDF files for ERA5 and ws saved
#executed by process	6 in 521.405s	with status	0 : python /home/vdemeyer/TRACKING/KATJA/POSTPROCESSING/contribution_ETCs.py 2013 --sim ERA5 --var ws
Calculating for DJF
First two files saved in 69.01 seconds
Second two files saved in 24.62 seconds
Third two files saved in 92.03 seconds
Fourth two files saved in 10.66 seconds
Fifth two files saved in 58.24 seconds
Time taken for DJF: 254.56 seconds
Calculating for MAM
First two files saved in 60.34 seconds
Second two files saved in 18.91 seconds
Third two files saved in 48.77 seconds
Fourth two files saved in 10.84 seconds
Fifth two files saved in 56.22 seconds
Time taken for MAM: 195.08 seconds
Calculating for JJA
First two files saved in 55.97 seconds
Second two files saved in 19.56 seconds
Third two files saved in 48.92 seconds
Fourth two files saved in 9.19 seconds
Fifth two files saved in 57.63 seconds
Time taken for JJA: 191.27 seconds
Calculating for SON
First two files saved in 57.83 seconds
Second two files saved in 20.80 seconds
Third two files saved in 55.02 seconds
Fourth two files saved in 12.79 seconds
Fifth two files saved in 75.50 seconds
Time taken for SON: 221.93 seconds
NetCDF files for ERA5 and ws saved
#executed by process	13 in 873.423s	with status	0 : python /home/vdemeyer/TRACKING/KATJA/POSTPROCESSING/contribution_ETCs.py 2006 --sim ERA5 --var ws
Calculating for DJF
First two files saved in 61.86 seconds
Second two files saved in 22.24 seconds
Third two files saved in 87.65 seconds
Fourth two files saved in 9.62 seconds
Fifth two files saved in 58.11 seconds
Time taken for DJF: 239.47 seconds
Calculating for MAM
First two files saved in 57.33 seconds
Second two files saved in 19.71 seconds
Third two files saved in 48.09 seconds
Fourth two files saved in 11.09 seconds
Fifth two files saved in 53.92 seconds
Time taken for MAM: 190.14 seconds
Calculating for JJA
First two files saved in 63.01 seconds
Second two files saved in 23.24 seconds
Third two files saved in 47.29 seconds
Fourth two files saved in 9.61 seconds
Fifth two files saved in 52.25 seconds
Time taken for JJA: 195.40 seconds
Calculating for SON
First two files saved in 58.90 seconds
Second two files saved in 20.87 seconds
Third two files saved in 55.12 seconds
Fourth two files saved in 11.45 seconds
Fifth two files saved in 69.07 seconds
Time taken for SON: 215.41 seconds
NetCDF files for ERA5 and ws saved
#executed by process	12 in 848.448s	with status	0 : python /home/vdemeyer/TRACKING/KATJA/POSTPROCESSING/contribution_ETCs.py 2008 --sim ERA5 --var ws
Calculating for DJF
First two files saved in 69.28 seconds
Second two files saved in 30.44 seconds
Third two files saved in 79.81 seconds
Fourth two files saved in 10.18 seconds
Fifth two files saved in 59.26 seconds
Time taken for DJF: 248.97 seconds
Calculating for MAM
First two files saved in 58.15 seconds
Second two files saved in 18.97 seconds
Third two files saved in 49.06 seconds
Fourth two files saved in 10.91 seconds
Fifth two files saved in 50.76 seconds
Time taken for MAM: 187.86 seconds
Calculating for JJA
First two files saved in 57.87 seconds
Second two files saved in 19.10 seconds
Third two files saved in 47.68 seconds
Fourth two files saved in 11.63 seconds
Fifth two files saved in 53.21 seconds
Time taken for JJA: 189.49 seconds
Calculating for SON
First two files saved in 59.60 seconds
Second two files saved in 21.38 seconds
Third two files saved in 56.85 seconds
Fourth two files saved in 14.60 seconds
Fifth two files saved in 68.78 seconds
Time taken for SON: 221.21 seconds
NetCDF files for ERA5 and ws saved
#executed by process	10 in 855.44s	with status	0 : python /home/vdemeyer/TRACKING/KATJA/POSTPROCESSING/contribution_ETCs.py 2009 --sim ERA5 --var ws
Calculating for DJF
First two files saved in 73.23 seconds
Second two files saved in 72.60 seconds
Third two files saved in 48.14 seconds
Fourth two files saved in 9.66 seconds
Fifth two files saved in 57.49 seconds
Time taken for DJF: 261.11 seconds
Calculating for MAM
First two files saved in 58.08 seconds
Second two files saved in 17.92 seconds
Third two files saved in 49.56 seconds
Fourth two files saved in 11.70 seconds
Fifth two files saved in 51.81 seconds
Time taken for MAM: 189.07 seconds
Calculating for JJA
First two files saved in 58.61 seconds
Second two files saved in 17.07 seconds
Third two files saved in 49.93 seconds
Fourth two files saved in 11.91 seconds
Fifth two files saved in 52.62 seconds
Time taken for JJA: 190.14 seconds
Calculating for SON
First two files saved in 62.49 seconds
Second two files saved in 20.06 seconds
Third two files saved in 58.62 seconds
Fourth two files saved in 14.38 seconds
Fifth two files saved in 59.62 seconds
Time taken for SON: 215.17 seconds
NetCDF files for ERA5 and ws saved
#executed by process	11 in 863.585s	with status	0 : python /home/vdemeyer/TRACKING/KATJA/POSTPROCESSING/contribution_ETCs.py 2007 --sim ERA5 --var ws
Calculating for DJF
First two files saved in 30.15 seconds
Second two files saved in 9.72 seconds
Third two files saved in 22.08 seconds
Fourth two files saved in 3.03 seconds
Fifth two files saved in 19.33 seconds
Time taken for DJF: 84.30 seconds
Calculating for MAM
First two files saved in 35.54 seconds
Second two files saved in 8.91 seconds
Third two files saved in 29.48 seconds
Fourth two files saved in 4.99 seconds
Fifth two files saved in 28.40 seconds
Time taken for MAM: 107.33 seconds
Calculating for JJA
First two files saved in 33.56 seconds
Second two files saved in 8.07 seconds
Third two files saved in 31.35 seconds
Fourth two files saved in 4.21 seconds
Fifth two files saved in 20.67 seconds
Time taken for JJA: 97.84 seconds
Calculating for SON
First two files saved in 2.35 seconds
Second two files saved in 1.75 seconds
Third two files saved in 0.90 seconds
Fourth two files saved in 0.34 seconds
Fifth two files saved in 1.06 seconds
Time taken for SON: 6.40 seconds
NetCDF files for ERA5 and ws saved
#executed by process	1 in 299.382s	with status	0 : python /home/vdemeyer/TRACKING/KATJA/POSTPROCESSING/contribution_ETCs.py 2023 --sim ERA5 --var ws
Calculating for DJF
First two files saved in 45.37 seconds
Second two files saved in 14.23 seconds
Third two files saved in 36.32 seconds
Fourth two files saved in 5.80 seconds
Fifth two files saved in 32.48 seconds
Time taken for DJF: 134.19 seconds
Calculating for MAM
First two files saved in 40.97 seconds
Second two files saved in 11.17 seconds
Third two files saved in 34.98 seconds
Fourth two files saved in 5.87 seconds
Fifth two files saved in 32.09 seconds
Time taken for MAM: 125.08 seconds
Calculating for JJA
First two files saved in 44.48 seconds
Second two files saved in 11.60 seconds
Third two files saved in 38.45 seconds
Fourth two files saved in 6.17 seconds
Fifth two files saved in 38.57 seconds
Time taken for JJA: 139.27 seconds
Calculating for SON
First two files saved in 48.23 seconds
Second two files saved in 12.65 seconds
Third two files saved in 35.64 seconds
Fourth two files saved in 6.52 seconds
Fifth two files saved in 35.24 seconds
Time taken for SON: 138.28 seconds
NetCDF files for ERA5 and ws saved
#executed by process	9 in 544.849s	with status	0 : python /home/vdemeyer/TRACKING/KATJA/POSTPROCESSING/contribution_ETCs.py 2014 --sim ERA5 --var ws
Calculating for DJF
First two files saved in 49.56 seconds
Second two files saved in 17.41 seconds
Third two files saved in 36.32 seconds
Fourth two files saved in 6.37 seconds
Fifth two files saved in 32.15 seconds
Time taken for DJF: 141.82 seconds
Calculating for MAM
First two files saved in 40.52 seconds
Second two files saved in 10.95 seconds
Third two files saved in 34.84 seconds
Fourth two files saved in 6.28 seconds
Fifth two files saved in 32.73 seconds
Time taken for MAM: 125.32 seconds
Calculating for JJA
First two files saved in 44.93 seconds
Second two files saved in 12.07 seconds
Third two files saved in 39.93 seconds
Fourth two files saved in 8.08 seconds
Fifth two files saved in 38.05 seconds
Time taken for JJA: 143.06 seconds
Calculating for SON
First two files saved in 42.76 seconds
Second two files saved in 13.35 seconds
Third two files saved in 39.46 seconds
Fourth two files saved in 7.14 seconds
Fifth two files saved in 30.17 seconds
Time taken for SON: 132.89 seconds
NetCDF files for ERA5 and ws saved
#executed by process	8 in 549.929s	with status	0 : python /home/vdemeyer/TRACKING/KATJA/POSTPROCESSING/contribution_ETCs.py 2015 --sim ERA5 --var ws
Calculating for DJF
First two files saved in 46.60 seconds
Second two files saved in 15.41 seconds
Third two files saved in 30.78 seconds
Fourth two files saved in 6.42 seconds
Fifth two files saved in 37.74 seconds
Time taken for DJF: 136.95 seconds
Calculating for MAM
First two files saved in 38.38 seconds
Second two files saved in 10.14 seconds
Third two files saved in 29.51 seconds
Fourth two files saved in 5.05 seconds
Fifth two files saved in 28.34 seconds
Time taken for MAM: 111.42 seconds
Calculating for JJA
First two files saved in 37.06 seconds
Second two files saved in 9.63 seconds
Third two files saved in 30.51 seconds
Fourth two files saved in 4.39 seconds
Fifth two files saved in 29.84 seconds
Time taken for JJA: 111.42 seconds
Calculating for SON
First two files saved in 33.01 seconds
Second two files saved in 9.07 seconds
Third two files saved in 28.50 seconds
Fourth two files saved in 4.53 seconds
Fifth two files saved in 30.70 seconds
Time taken for SON: 105.81 seconds
NetCDF files for ERA5 and ws saved
#executed by process	2 in 470.476s	with status	0 : python /home/vdemeyer/TRACKING/KATJA/POSTPROCESSING/contribution_ETCs.py 2020 --sim ERA5 --var ws
Calculating for DJF
First two files saved in 43.95 seconds
Second two files saved in 12.34 seconds
Third two files saved in 29.96 seconds
Fourth two files saved in 5.57 seconds
Fifth two files saved in 37.54 seconds
Time taken for DJF: 129.36 seconds
Calculating for MAM
First two files saved in 40.17 seconds
Second two files saved in 10.47 seconds
Third two files saved in 31.37 seconds
Fourth two files saved in 5.21 seconds
Fifth two files saved in 29.83 seconds
Time taken for MAM: 117.05 seconds
Calculating for JJA
First two files saved in 38.66 seconds
Second two files saved in 9.73 seconds
Third two files saved in 32.47 seconds
Fourth two files saved in 5.35 seconds
Fifth two files saved in 32.71 seconds
Time taken for JJA: 118.91 seconds
Calculating for SON
First two files saved in 33.08 seconds
Second two files saved in 9.18 seconds
Third two files saved in 28.81 seconds
Fourth two files saved in 5.08 seconds
Fifth two files saved in 32.19 seconds
Time taken for SON: 108.34 seconds
NetCDF files for ERA5 and ws saved
#executed by process	7 in 478.296s	with status	0 : python /home/vdemeyer/TRACKING/KATJA/POSTPROCESSING/contribution_ETCs.py 2019 --sim ERA5 --var ws
Calculating for DJF
First two files saved in 55.98 seconds
Second two files saved in 19.67 seconds
Third two files saved in 43.73 seconds
Fourth two files saved in 7.72 seconds
Fifth two files saved in 46.72 seconds
Time taken for DJF: 173.83 seconds
Calculating for MAM
First two files saved in 49.61 seconds
Second two files saved in 15.24 seconds
Third two files saved in 44.66 seconds
Fourth two files saved in 9.38 seconds
Fifth two files saved in 45.29 seconds
Time taken for MAM: 164.19 seconds
Calculating for JJA
First two files saved in 58.04 seconds
Second two files saved in 18.88 seconds
Third two files saved in 36.58 seconds
Fourth two files saved in 7.31 seconds
Fifth two files saved in 43.43 seconds
Time taken for JJA: 164.24 seconds
Calculating for SON
First two files saved in 45.92 seconds
Second two files saved in 12.98 seconds
Third two files saved in 42.20 seconds
Fourth two files saved in 10.63 seconds
Fifth two files saved in 47.28 seconds
Time taken for SON: 159.00 seconds
NetCDF files for ERA5 and ws saved
Calculating for DJF
First two files saved in 51.19 seconds
Second two files saved in 15.26 seconds
Third two files saved in 43.83 seconds
Fourth two files saved in 8.00 seconds
Fifth two files saved in 49.48 seconds
Time taken for DJF: 167.75 seconds
Calculating for MAM
First two files saved in 56.10 seconds
Second two files saved in 19.32 seconds
Third two files saved in 45.26 seconds
Fourth two files saved in 8.63 seconds
Fifth two files saved in 45.72 seconds
Time taken for MAM: 175.03 seconds
Calculating for JJA
First two files saved in 63.12 seconds
Second two files saved in 21.10 seconds
Third two files saved in 36.58 seconds
Fourth two files saved in 6.62 seconds
Fifth two files saved in 42.03 seconds
Time taken for JJA: 169.45 seconds
Calculating for SON
First two files saved in 45.15 seconds
Second two files saved in 12.47 seconds
Third two files saved in 41.55 seconds
Fourth two files saved in 9.20 seconds
Fifth two files saved in 45.41 seconds
Time taken for SON: 153.78 seconds
NetCDF files for ERA5 and ws saved
#executed by process	15 in 673.43s	with status	0 : python /home/vdemeyer/TRACKING/KATJA/POSTPROCESSING/contribution_ETCs.py 2016 --sim ERA5 --var ws
#executed by process	14 in 668.813s	with status	0 : python /home/vdemeyer/TRACKING/KATJA/POSTPROCESSING/contribution_ETCs.py 2017 --sim ERA5 --var ws
Calculating for DJF
First two files saved in 55.92 seconds
Second two files saved in 21.61 seconds
Third two files saved in 43.76 seconds
Fourth two files saved in 8.37 seconds
Fifth two files saved in 43.53 seconds
Time taken for DJF: 173.18 seconds
Calculating for MAM
First two files saved in 44.44 seconds
Second two files saved in 11.84 seconds
Third two files saved in 40.65 seconds
Fourth two files saved in 7.59 seconds
Fifth two files saved in 35.16 seconds
Time taken for MAM: 139.69 seconds
Calculating for JJA
First two files saved in 45.57 seconds
Second two files saved in 11.51 seconds
Third two files saved in 35.35 seconds
Fourth two files saved in 6.87 seconds
Fifth two files saved in 38.88 seconds
Time taken for JJA: 138.17 seconds
Calculating for SON
First two files saved in 44.00 seconds
Second two files saved in 10.70 seconds
Third two files saved in 34.39 seconds
Fourth two files saved in 5.87 seconds
Fifth two files saved in 30.87 seconds
Time taken for SON: 125.83 seconds
NetCDF files for ERA5 and ws saved
#executed by process	3 in 582.778s	with status	0 : python /home/vdemeyer/TRACKING/KATJA/POSTPROCESSING/contribution_ETCs.py 2018 --sim ERA5 --var ws
Calculating for DJF
First two files saved in 43.97 seconds
Second two files saved in 13.31 seconds
Third two files saved in 44.22 seconds
Fourth two files saved in 9.27 seconds
Fifth two files saved in 46.08 seconds
Time taken for DJF: 156.85 seconds
Calculating for MAM
First two files saved in 45.46 seconds
Second two files saved in 14.34 seconds
Third two files saved in 42.46 seconds
Fourth two files saved in 6.46 seconds
Fifth two files saved in 36.16 seconds
Time taken for MAM: 144.87 seconds
Calculating for JJA
First two files saved in 51.12 seconds
Second two files saved in 15.00 seconds
Third two files saved in 36.90 seconds
Fourth two files saved in 7.73 seconds
Fifth two files saved in 45.00 seconds
Time taken for JJA: 155.75 seconds
Calculating for SON
First two files saved in 42.09 seconds
Second two files saved in 15.47 seconds
Third two files saved in 34.22 seconds
Fourth two files saved in 5.51 seconds
Fifth two files saved in 26.56 seconds
Time taken for SON: 123.84 seconds
NetCDF files for ERA5 and ws saved
#executed by process	4 in 586.944s	with status	0 : python /home/vdemeyer/TRACKING/KATJA/POSTPROCESSING/contribution_ETCs.py 2021 --sim ERA5 --var ws
Calculating for DJF
First two files saved in 49.80 seconds
Second two files saved in 18.72 seconds
Third two files saved in 45.43 seconds
Fourth two files saved in 8.03 seconds
Fifth two files saved in 45.13 seconds
Time taken for DJF: 167.10 seconds
Calculating for MAM
First two files saved in 45.90 seconds
Second two files saved in 14.92 seconds
Third two files saved in 38.54 seconds
Fourth two files saved in 6.39 seconds
Fifth two files saved in 40.49 seconds
Time taken for MAM: 146.25 seconds
Calculating for JJA
First two files saved in 42.97 seconds
Second two files saved in 12.48 seconds
Third two files saved in 40.56 seconds
Fourth two files saved in 8.72 seconds
Fifth two files saved in 38.42 seconds
Time taken for JJA: 143.15 seconds
Calculating for SON
First two files saved in 39.83 seconds
Second two files saved in 11.45 seconds
Third two files saved in 34.49 seconds
Fourth two files saved in 5.53 seconds
Fifth two files saved in 27.43 seconds
Time taken for SON: 118.73 seconds
NetCDF files for ERA5 and ws saved
#executed by process	5 in 580.04s	with status	0 : python /home/vdemeyer/TRACKING/KATJA/POSTPROCESSING/contribution_ETCs.py 2022 --sim ERA5 --var ws
Calculating for DJF
First two files saved in 77.24 seconds
Second two files saved in 23.39 seconds
Third two files saved in 35.50 seconds
Fourth two files saved in 7.57 seconds
Fifth two files saved in 43.55 seconds
Time taken for DJF: 187.24 seconds
Calculating for MAM
First two files saved in 9.99 seconds
Second two files saved in 4.99 seconds
Third two files saved in 6.00 seconds
Fourth two files saved in 2.13 seconds
Fifth two files saved in 8.93 seconds
Time taken for MAM: 32.05 seconds
Calculating for JJA
First two files saved in 6.51 seconds
Second two files saved in 4.96 seconds
Third two files saved in 2.48 seconds
Fourth two files saved in 2.20 seconds
Fifth two files saved in 4.83 seconds
Time taken for JJA: 20.98 seconds
Calculating for SON
First two files saved in 151.11 seconds
Second two files saved in 57.70 seconds
Third two files saved in 92.89 seconds
Fourth two files saved in 14.95 seconds
Fifth two files saved in 92.26 seconds
Time taken for SON: 408.91 seconds
NetCDF files for UBB and pr saved
#executed by process	6 in 658.205s	with status	0 : python /home/vdemeyer/TRACKING/KATJA/POSTPROCESSING/contribution_ETCs.py 1979 --sim UBB --var pr
Calculating for DJF
First two files saved in 176.16 seconds
Second two files saved in 59.69 seconds
Third two files saved in 84.27 seconds
Fourth two files saved in 18.81 seconds
Fifth two files saved in 95.50 seconds
Time taken for DJF: 434.43 seconds
Calculating for MAM
First two files saved in 189.54 seconds
Second two files saved in 61.43 seconds
Third two files saved in 85.01 seconds
Fourth two files saved in 16.78 seconds
Fifth two files saved in 79.00 seconds
Time taken for MAM: 431.76 seconds
Calculating for JJA
First two files saved in 196.93 seconds
Second two files saved in 59.18 seconds
Third two files saved in 88.65 seconds
Fourth two files saved in 18.22 seconds
Fifth two files saved in 83.63 seconds
Time taken for JJA: 446.61 seconds
Calculating for SON
First two files saved in 174.50 seconds
Second two files saved in 60.38 seconds
Third two files saved in 81.99 seconds
Fourth two files saved in 21.14 seconds
Fifth two files saved in 87.07 seconds
Time taken for SON: 425.08 seconds
NetCDF files for UBB and pr saved
#executed by process	1 in 1755.71s	with status	0 : python /home/vdemeyer/TRACKING/KATJA/POSTPROCESSING/contribution_ETCs.py 1984 --sim UBB --var pr
Calculating for DJF
First two files saved in 174.67 seconds
Second two files saved in 59.12 seconds
Third two files saved in 104.40 seconds
Fourth two files saved in 19.17 seconds
Fifth two files saved in 116.48 seconds
Time taken for DJF: 473.85 seconds
Calculating for MAM
First two files saved in 177.66 seconds
Second two files saved in 58.81 seconds
Third two files saved in 90.25 seconds
Fourth two files saved in 17.67 seconds
Fifth two files saved in 108.38 seconds
Time taken for MAM: 452.76 seconds
Calculating for JJA
First two files saved in 166.80 seconds
Second two files saved in 60.65 seconds
Third two files saved in 91.97 seconds
Fourth two files saved in 17.68 seconds
Fifth two files saved in 101.74 seconds
Time taken for JJA: 438.84 seconds
Calculating for SON
First two files saved in 154.94 seconds
Second two files saved in 62.74 seconds
Third two files saved in 90.24 seconds
Fourth two files saved in 18.03 seconds
Fifth two files saved in 99.26 seconds
Time taken for SON: 425.21 seconds
NetCDF files for UBB and pr saved
#executed by process	7 in 1809.73s	with status	0 : python /home/vdemeyer/TRACKING/KATJA/POSTPROCESSING/contribution_ETCs.py 1988 --sim UBB --var pr
Calculating for DJF
First two files saved in 175.07 seconds
Second two files saved in 59.54 seconds
Third two files saved in 109.19 seconds
Fourth two files saved in 18.53 seconds
Fifth two files saved in 121.45 seconds
Time taken for DJF: 483.78 seconds
Calculating for MAM
First two files saved in 171.83 seconds
Second two files saved in 59.64 seconds
Third two files saved in 88.13 seconds
Fourth two files saved in 17.98 seconds
Fifth two files saved in 111.70 seconds
Time taken for MAM: 449.30 seconds
Calculating for JJA
First two files saved in 164.46 seconds
Second two files saved in 60.87 seconds
Third two files saved in 93.92 seconds
Fourth two files saved in 17.97 seconds
Fifth two files saved in 102.38 seconds
Time taken for JJA: 439.60 seconds
Calculating for SON
First two files saved in 156.08 seconds
Second two files saved in 65.95 seconds
Third two files saved in 87.58 seconds
Fourth two files saved in 17.69 seconds
Fifth two files saved in 96.31 seconds
Time taken for SON: 423.61 seconds
NetCDF files for UBB and pr saved
#executed by process	2 in 1814.5s	with status	0 : python /home/vdemeyer/TRACKING/KATJA/POSTPROCESSING/contribution_ETCs.py 1987 --sim UBB --var pr
Calculating for DJF
First two files saved in 184.67 seconds
Second two files saved in 71.03 seconds
Third two files saved in 126.61 seconds
Fourth two files saved in 27.85 seconds
Fifth two files saved in 137.32 seconds
Time taken for DJF: 547.49 seconds
Calculating for MAM
First two files saved in 190.65 seconds
Second two files saved in 69.60 seconds
Third two files saved in 113.83 seconds
Fourth two files saved in 29.60 seconds
Fifth two files saved in 143.21 seconds
Time taken for MAM: 546.90 seconds
Calculating for JJA
First two files saved in 164.50 seconds
Second two files saved in 69.14 seconds
Third two files saved in 102.83 seconds
Fourth two files saved in 23.46 seconds
Fifth two files saved in 144.51 seconds
Time taken for JJA: 504.44 seconds
Calculating for SON
First two files saved in 175.23 seconds
Second two files saved in 71.38 seconds
Third two files saved in 112.25 seconds
Fourth two files saved in 22.14 seconds
Fifth two files saved in 119.72 seconds
Time taken for SON: 500.73 seconds
NetCDF files for UBB and pr saved
#executed by process	9 in 2121.63s	with status	0 : python /home/vdemeyer/TRACKING/KATJA/POSTPROCESSING/contribution_ETCs.py 1985 --sim UBB --var pr
Calculating for DJF
First two files saved in 193.04 seconds
Second two files saved in 73.01 seconds
Third two files saved in 134.05 seconds
Fourth two files saved in 30.24 seconds
Fifth two files saved in 139.39 seconds
Time taken for DJF: 569.72 seconds
Calculating for MAM
First two files saved in 181.62 seconds
Second two files saved in 71.28 seconds
Third two files saved in 124.61 seconds
Fourth two files saved in 30.27 seconds
Fifth two files saved in 127.57 seconds
Time taken for MAM: 535.33 seconds
Calculating for JJA
First two files saved in 167.13 seconds
Second two files saved in 69.82 seconds
Third two files saved in 105.71 seconds
Fourth two files saved in 24.63 seconds
Fifth two files saved in 158.98 seconds
Time taken for JJA: 526.28 seconds
Calculating for SON
First two files saved in 176.43 seconds
Second two files saved in 72.19 seconds
Third two files saved in 121.33 seconds
Fourth two files saved in 22.46 seconds
Fifth two files saved in 101.65 seconds
Time taken for SON: 494.06 seconds
NetCDF files for UBB and pr saved
#executed by process	8 in 2147.86s	with status	0 : python /home/vdemeyer/TRACKING/KATJA/POSTPROCESSING/contribution_ETCs.py 1986 --sim UBB --var pr
Calculating for DJF
First two files saved in 190.66 seconds
Second two files saved in 71.13 seconds
Third two files saved in 116.73 seconds
Fourth two files saved in 22.11 seconds
Fifth two files saved in 109.52 seconds
Time taken for DJF: 510.15 seconds
Calculating for MAM
First two files saved in 176.31 seconds
Second two files saved in 71.69 seconds
Third two files saved in 115.56 seconds
Fourth two files saved in 21.23 seconds
Fifth two files saved in 108.13 seconds
Time taken for MAM: 492.92 seconds
Calculating for JJA
First two files saved in 194.12 seconds
Second two files saved in 71.15 seconds
Third two files saved in 94.65 seconds
Fourth two files saved in 24.72 seconds
Fifth two files saved in 123.92 seconds
Time taken for JJA: 508.55 seconds
Calculating for SON
First two files saved in 190.84 seconds
Second two files saved in 70.13 seconds
Third two files saved in 93.35 seconds
Fourth two files saved in 22.39 seconds
Fifth two files saved in 135.48 seconds
Time taken for SON: 512.18 seconds
NetCDF files for UBB and pr saved
#executed by process	3 in 2045.36s	with status	0 : python /home/vdemeyer/TRACKING/KATJA/POSTPROCESSING/contribution_ETCs.py 1991 --sim UBB --var pr
Calculating for DJF
First two files saved in 212.10 seconds
Second two files saved in 72.78 seconds
Third two files saved in 107.87 seconds
Fourth two files saved in 25.63 seconds
Fifth two files saved in 115.07 seconds
Time taken for DJF: 533.45 seconds
Calculating for MAM
First two files saved in 178.85 seconds
Second two files saved in 74.25 seconds
Third two files saved in 103.99 seconds
Fourth two files saved in 23.41 seconds
Fifth two files saved in 105.50 seconds
Time taken for MAM: 485.99 seconds
Calculating for JJA
First two files saved in 189.43 seconds
Second two files saved in 70.50 seconds
Third two files saved in 99.48 seconds
Fourth two files saved in 23.22 seconds
Fifth two files saved in 116.23 seconds
Time taken for JJA: 498.85 seconds
Calculating for SON
First two files saved in 195.25 seconds
Second two files saved in 68.80 seconds
Third two files saved in 100.15 seconds
Fourth two files saved in 24.11 seconds
Fifth two files saved in 129.67 seconds
Time taken for SON: 517.98 seconds
NetCDF files for UBB and pr saved
#executed by process	4 in 2055.22s	with status	0 : python /home/vdemeyer/TRACKING/KATJA/POSTPROCESSING/contribution_ETCs.py 1992 --sim UBB --var pr
Calculating for DJF
First two files saved in 232.35 seconds
Second two files saved in 79.31 seconds
Third two files saved in 106.41 seconds
Fourth two files saved in 25.14 seconds
Fifth two files saved in 105.83 seconds
Time taken for DJF: 549.04 seconds
Calculating for MAM
First two files saved in 181.74 seconds
Second two files saved in 74.91 seconds
Third two files saved in 108.06 seconds
Fourth two files saved in 27.03 seconds
Fifth two files saved in 101.24 seconds
Time taken for MAM: 492.98 seconds
Calculating for JJA
First two files saved in 190.49 seconds
Second two files saved in 70.78 seconds
Third two files saved in 103.82 seconds
Fourth two files saved in 30.22 seconds
Fifth two files saved in 107.74 seconds
Time taken for JJA: 503.05 seconds
Calculating for SON
First two files saved in 194.69 seconds
Second two files saved in 69.35 seconds
Third two files saved in 106.46 seconds
Fourth two files saved in 33.09 seconds
Fifth two files saved in 117.44 seconds
Time taken for SON: 521.03 seconds
NetCDF files for UBB and pr saved
#executed by process	5 in 2084.98s	with status	0 : python /home/vdemeyer/TRACKING/KATJA/POSTPROCESSING/contribution_ETCs.py 1993 --sim UBB --var pr
Calculating for DJF
First two files saved in 210.74 seconds
Second two files saved in 61.92 seconds
Third two files saved in 93.20 seconds
Fourth two files saved in 21.23 seconds
Fifth two files saved in 117.27 seconds
Time taken for DJF: 504.35 seconds
Calculating for MAM
First two files saved in 171.10 seconds
Second two files saved in 62.52 seconds
Third two files saved in 90.83 seconds
Fourth two files saved in 19.36 seconds
Fifth two files saved in 95.95 seconds
Time taken for MAM: 439.76 seconds
Calculating for JJA
First two files saved in 197.45 seconds
Second two files saved in 63.13 seconds
Third two files saved in 103.22 seconds
Fourth two files saved in 18.95 seconds
Fifth two files saved in 78.74 seconds
Time taken for JJA: 461.49 seconds
Calculating for SON
First two files saved in 184.63 seconds
Second two files saved in 70.69 seconds
Third two files saved in 98.14 seconds
Fourth two files saved in 19.52 seconds
Fifth two files saved in 85.24 seconds
Time taken for SON: 458.22 seconds
NetCDF files for UBB and pr saved
#executed by process	6 in 1882.07s	with status	0 : python /home/vdemeyer/TRACKING/KATJA/POSTPROCESSING/contribution_ETCs.py 1994 --sim UBB --var pr
Calculating for DJF
First two files saved in 202.64 seconds
Second two files saved in 87.45 seconds
Third two files saved in 162.96 seconds
Fourth two files saved in 32.90 seconds
Fifth two files saved in 139.66 seconds
Time taken for DJF: 625.62 seconds
Calculating for MAM
First two files saved in 202.45 seconds
Second two files saved in 116.79 seconds
Third two files saved in 134.13 seconds
Fourth two files saved in 28.04 seconds
Fifth two files saved in 126.94 seconds
Time taken for MAM: 608.36 seconds
Calculating for JJA
First two files saved in 221.46 seconds
Second two files saved in 87.53 seconds
Third two files saved in 128.14 seconds
Fourth two files saved in 29.93 seconds
Fifth two files saved in 139.67 seconds
Time taken for JJA: 606.74 seconds
Calculating for SON
First two files saved in 198.45 seconds
Second two files saved in 77.93 seconds
Third two files saved in 118.80 seconds
Fourth two files saved in 31.28 seconds
Fifth two files saved in 202.25 seconds
Time taken for SON: 628.72 seconds
NetCDF files for UBB and pr saved
#executed by process	15 in 2491.57s	with status	0 : python /home/vdemeyer/TRACKING/KATJA/POSTPROCESSING/contribution_ETCs.py 1989 --sim UBB --var pr
Calculating for DJF
First two files saved in 210.90 seconds
Second two files saved in 87.87 seconds
Third two files saved in 161.20 seconds
Fourth two files saved in 30.86 seconds
Fifth two files saved in 137.73 seconds
Time taken for DJF: 628.55 seconds
Calculating for MAM
First two files saved in 206.22 seconds
Second two files saved in 109.61 seconds
Third two files saved in 133.75 seconds
Fourth two files saved in 29.08 seconds
Fifth two files saved in 132.29 seconds
Time taken for MAM: 610.96 seconds
Calculating for JJA
First two files saved in 231.89 seconds
Second two files saved in 89.76 seconds
Third two files saved in 137.04 seconds
Fourth two files saved in 28.89 seconds
Fifth two files saved in 151.39 seconds
Time taken for JJA: 638.97 seconds
Calculating for SON
First two files saved in 189.08 seconds
Second two files saved in 76.37 seconds
Third two files saved in 126.69 seconds
Fourth two files saved in 35.67 seconds
Fifth two files saved in 200.73 seconds
Time taken for SON: 628.54 seconds
NetCDF files for UBB and pr saved
#executed by process	14 in 2528.63s	with status	0 : python /home/vdemeyer/TRACKING/KATJA/POSTPROCESSING/contribution_ETCs.py 1990 --sim UBB --var pr
Calculating for DJF
First two files saved in 234.02 seconds
Second two files saved in 78.65 seconds
Third two files saved in 156.18 seconds
Fourth two files saved in 42.61 seconds
Fifth two files saved in 219.63 seconds
Time taken for DJF: 731.08 seconds
Calculating for MAM
First two files saved in 213.01 seconds
Second two files saved in 83.60 seconds
Third two files saved in 190.60 seconds
Fourth two files saved in 36.03 seconds
Fifth two files saved in 173.10 seconds
Time taken for MAM: 696.34 seconds
Calculating for JJA
First two files saved in 209.27 seconds
Second two files saved in 129.18 seconds
Third two files saved in 140.66 seconds
Fourth two files saved in 39.52 seconds
Fifth two files saved in 184.67 seconds
Time taken for JJA: 703.30 seconds
Calculating for SON
First two files saved in 195.37 seconds
Second two files saved in 78.80 seconds
Third two files saved in 150.36 seconds
Fourth two files saved in 48.30 seconds
Fifth two files saved in 220.77 seconds
Time taken for SON: 693.61 seconds
NetCDF files for UBB and pr saved
#executed by process	12 in 2845.8s	with status	0 : python /home/vdemeyer/TRACKING/KATJA/POSTPROCESSING/contribution_ETCs.py 1981 --sim UBB --var pr
Calculating for DJF
First two files saved in 238.69 seconds
Second two files saved in 80.91 seconds
Third two files saved in 171.18 seconds
Fourth two files saved in 37.73 seconds
Fifth two files saved in 220.71 seconds
Time taken for DJF: 749.23 seconds
Calculating for MAM
First two files saved in 223.41 seconds
Second two files saved in 92.12 seconds
Third two files saved in 173.09 seconds
Fourth two files saved in 32.81 seconds
Fifth two files saved in 167.87 seconds
Time taken for MAM: 689.31 seconds
Calculating for JJA
First two files saved in 210.25 seconds
Second two files saved in 131.95 seconds
Third two files saved in 151.23 seconds
Fourth two files saved in 35.59 seconds
Fifth two files saved in 177.13 seconds
Time taken for JJA: 706.15 seconds
Calculating for SON
First two files saved in 195.86 seconds
Second two files saved in 78.72 seconds
Third two files saved in 166.21 seconds
Fourth two files saved in 46.33 seconds
Fifth two files saved in 197.32 seconds
Time taken for SON: 684.44 seconds
NetCDF files for UBB and pr saved
#executed by process	10 in 2849.33s	with status	0 : python /home/vdemeyer/TRACKING/KATJA/POSTPROCESSING/contribution_ETCs.py 1982 --sim UBB --var pr
Calculating for DJF
First two files saved in 220.71 seconds
Second two files saved in 77.95 seconds
Third two files saved in 150.00 seconds
Fourth two files saved in 45.23 seconds
Fifth two files saved in 230.69 seconds
Time taken for DJF: 724.58 seconds
Calculating for MAM
First two files saved in 222.60 seconds
Second two files saved in 82.44 seconds
Third two files saved in 184.39 seconds
Fourth two files saved in 38.99 seconds
Fifth two files saved in 175.61 seconds
Time taken for MAM: 704.03 seconds
Calculating for JJA
First two files saved in 211.48 seconds
Second two files saved in 134.18 seconds
Third two files saved in 148.02 seconds
Fourth two files saved in 38.28 seconds
Fifth two files saved in 187.14 seconds
Time taken for JJA: 719.11 seconds
Calculating for SON
First two files saved in 195.82 seconds
Second two files saved in 79.71 seconds
Third two files saved in 160.94 seconds
Fourth two files saved in 49.63 seconds
Fifth two files saved in 208.24 seconds
Time taken for SON: 694.34 seconds
NetCDF files for UBB and pr saved
#executed by process	13 in 2863.51s	with status	0 : python /home/vdemeyer/TRACKING/KATJA/POSTPROCESSING/contribution_ETCs.py 1980 --sim UBB --var pr
Calculating for DJF
First two files saved in 233.28 seconds
Second two files saved in 80.61 seconds
Third two files saved in 178.79 seconds
Fourth two files saved in 36.18 seconds
Fifth two files saved in 218.83 seconds
Time taken for DJF: 747.68 seconds
Calculating for MAM
First two files saved in 220.05 seconds
Second two files saved in 92.31 seconds
Third two files saved in 173.52 seconds
Fourth two files saved in 32.85 seconds
Fifth two files saved in 168.60 seconds
Time taken for MAM: 687.33 seconds
Calculating for JJA
First two files saved in 245.08 seconds
Second two files saved in 103.71 seconds
Third two files saved in 153.21 seconds
Fourth two files saved in 34.75 seconds
Fifth two files saved in 176.80 seconds
Time taken for JJA: 713.55 seconds
Calculating for SON
First two files saved in 200.13 seconds
Second two files saved in 80.67 seconds
Third two files saved in 175.14 seconds
Fourth two files saved in 80.29 seconds
Fifth two files saved in 150.51 seconds
Time taken for SON: 686.75 seconds
NetCDF files for UBB and pr saved
#executed by process	11 in 2856.27s	with status	0 : python /home/vdemeyer/TRACKING/KATJA/POSTPROCESSING/contribution_ETCs.py 1983 --sim UBB --var pr
Calculating for DJF
First two files saved in 202.09 seconds
Second two files saved in 59.11 seconds
Third two files saved in 90.74 seconds
Fourth two files saved in 16.62 seconds
Fifth two files saved in 112.77 seconds
Time taken for DJF: 481.33 seconds
Calculating for MAM
First two files saved in 173.65 seconds
Second two files saved in 57.69 seconds
Third two files saved in 78.01 seconds
Fourth two files saved in 18.08 seconds
Fifth two files saved in 77.32 seconds
Time taken for MAM: 404.75 seconds
Calculating for JJA
First two files saved in 210.28 seconds
Second two files saved in 58.35 seconds
Third two files saved in 84.17 seconds
Fourth two files saved in 17.25 seconds
Fifth two files saved in 77.01 seconds
Time taken for JJA: 447.07 seconds
Calculating for SON
First two files saved in 187.52 seconds
Second two files saved in 61.65 seconds
Third two files saved in 80.68 seconds
Fourth two files saved in 16.89 seconds
Fifth two files saved in 74.27 seconds
Time taken for SON: 421.01 seconds
NetCDF files for UBB and pr saved
#executed by process	1 in 1772.45s	with status	0 : python /home/vdemeyer/TRACKING/KATJA/POSTPROCESSING/contribution_ETCs.py 1995 --sim UBB --var pr
Calculating for DJF
First two files saved in 165.48 seconds
Second two files saved in 59.78 seconds
Third two files saved in 113.20 seconds
Fourth two files saved in 19.03 seconds
Fifth two files saved in 107.00 seconds
Time taken for DJF: 464.49 seconds
Calculating for MAM
First two files saved in 152.35 seconds
Second two files saved in 59.32 seconds
Third two files saved in 86.54 seconds
Fourth two files saved in 17.78 seconds
Fifth two files saved in 117.90 seconds
Time taken for MAM: 433.89 seconds
Calculating for JJA
First two files saved in 157.65 seconds
Second two files saved in 58.51 seconds
Third two files saved in 89.48 seconds
Fourth two files saved in 18.01 seconds
Fifth two files saved in 109.39 seconds
Time taken for JJA: 433.04 seconds
Calculating for SON
First two files saved in 167.04 seconds
Second two files saved in 59.67 seconds
Third two files saved in 83.46 seconds
Fourth two files saved in 17.60 seconds
Fifth two files saved in 100.84 seconds
Time taken for SON: 428.61 seconds
NetCDF files for UBB and pr saved
#executed by process	2 in 1779.11s	with status	0 : python /home/vdemeyer/TRACKING/KATJA/POSTPROCESSING/contribution_ETCs.py 1997 --sim UBB --var pr
Calculating for DJF
First two files saved in 174.06 seconds
Second two files saved in 60.97 seconds
Third two files saved in 111.51 seconds
Fourth two files saved in 19.00 seconds
Fifth two files saved in 108.79 seconds
Time taken for DJF: 474.33 seconds
Calculating for MAM
First two files saved in 157.18 seconds
Second two files saved in 60.74 seconds
Third two files saved in 86.54 seconds
Fourth two files saved in 28.46 seconds
Fifth two files saved in 109.78 seconds
Time taken for MAM: 442.70 seconds
Calculating for JJA
First two files saved in 157.63 seconds
Second two files saved in 58.92 seconds
Third two files saved in 88.94 seconds
Fourth two files saved in 21.17 seconds
Fifth two files saved in 108.10 seconds
Time taken for JJA: 434.76 seconds
Calculating for SON
First two files saved in 155.00 seconds
Second two files saved in 60.50 seconds
Third two files saved in 81.97 seconds
Fourth two files saved in 17.92 seconds
Fifth two files saved in 98.72 seconds
Time taken for SON: 414.11 seconds
NetCDF files for UBB and pr saved
#executed by process	7 in 1784.26s	with status	0 : python /home/vdemeyer/TRACKING/KATJA/POSTPROCESSING/contribution_ETCs.py 1996 --sim UBB --var pr
Calculating for DJF
First two files saved in 173.67 seconds
Second two files saved in 63.29 seconds
Third two files saved in 124.18 seconds
Fourth two files saved in 20.56 seconds
Fifth two files saved in 85.40 seconds
Time taken for DJF: 467.10 seconds
Calculating for MAM
First two files saved in 159.43 seconds
Second two files saved in 62.80 seconds
Third two files saved in 108.84 seconds
Fourth two files saved in 22.95 seconds
Fifth two files saved in 93.24 seconds
Time taken for MAM: 447.27 seconds
Calculating for JJA
First two files saved in 164.59 seconds
Second two files saved in 62.64 seconds
Third two files saved in 100.64 seconds
Fourth two files saved in 19.99 seconds
Fifth two files saved in 105.94 seconds
Time taken for JJA: 453.80 seconds
Calculating for SON
First two files saved in 164.15 seconds
Second two files saved in 62.60 seconds
Third two files saved in 107.28 seconds
Fourth two files saved in 20.27 seconds
Fifth two files saved in 96.80 seconds
Time taken for SON: 451.09 seconds
NetCDF files for UBB and pr saved
#executed by process	6 in 1837.24s	with status	0 : python /home/vdemeyer/TRACKING/KATJA/POSTPROCESSING/contribution_ETCs.py 2003 --sim UBB --var pr
Calculating for DJF
First two files saved in 165.81 seconds
Second two files saved in 69.81 seconds
Third two files saved in 115.25 seconds
Fourth two files saved in 25.99 seconds
Fifth two files saved in 167.65 seconds
Time taken for DJF: 544.52 seconds
Calculating for MAM
First two files saved in 168.18 seconds
Second two files saved in 69.08 seconds
Third two files saved in 114.44 seconds
Fourth two files saved in 24.26 seconds
Fifth two files saved in 119.55 seconds
Time taken for MAM: 495.52 seconds
Calculating for JJA
First two files saved in 225.63 seconds
Second two files saved in 74.24 seconds
Third two files saved in 119.34 seconds
Fourth two files saved in 27.07 seconds
Fifth two files saved in 126.69 seconds
Time taken for JJA: 572.97 seconds
Calculating for SON
First two files saved in 173.65 seconds
Second two files saved in 71.14 seconds
Third two files saved in 121.84 seconds
Fourth two files saved in 26.91 seconds
Fifth two files saved in 167.28 seconds
Time taken for SON: 560.82 seconds
NetCDF files for UBB and pr saved
#executed by process	9 in 2199.16s	with status	0 : python /home/vdemeyer/TRACKING/KATJA/POSTPROCESSING/contribution_ETCs.py 1998 --sim UBB --var pr
Calculating for DJF
First two files saved in 170.65 seconds
Second two files saved in 70.96 seconds
Third two files saved in 122.65 seconds
Fourth two files saved in 74.49 seconds
Fifth two files saved in 113.25 seconds
Time taken for DJF: 551.99 seconds
Calculating for MAM
First two files saved in 167.62 seconds
Second two files saved in 69.43 seconds
Third two files saved in 113.20 seconds
Fourth two files saved in 26.17 seconds
Fifth two files saved in 113.09 seconds
Time taken for MAM: 489.51 seconds
Calculating for JJA
First two files saved in 227.17 seconds
Second two files saved in 70.06 seconds
Third two files saved in 118.14 seconds
Fourth two files saved in 28.13 seconds
Fifth two files saved in 117.20 seconds
Time taken for JJA: 560.69 seconds
Calculating for SON
First two files saved in 173.28 seconds
Second two files saved in 73.34 seconds
Third two files saved in 119.68 seconds
Fourth two files saved in 24.52 seconds
Fifth two files saved in 162.96 seconds
Time taken for SON: 553.78 seconds
NetCDF files for UBB and pr saved
#executed by process	8 in 2175.89s	with status	0 : python /home/vdemeyer/TRACKING/KATJA/POSTPROCESSING/contribution_ETCs.py 1999 --sim UBB --var pr
Calculating for DJF
First two files saved in 225.36 seconds
Second two files saved in 66.89 seconds
Third two files saved in 100.59 seconds
Fourth two files saved in 23.29 seconds
Fifth two files saved in 152.58 seconds
Time taken for DJF: 568.71 seconds
Calculating for MAM
First two files saved in 177.28 seconds
Second two files saved in 66.29 seconds
Third two files saved in 105.29 seconds
Fourth two files saved in 26.40 seconds
Fifth two files saved in 140.46 seconds
Time taken for MAM: 515.72 seconds
Calculating for JJA
First two files saved in 176.53 seconds
Second two files saved in 66.30 seconds
Third two files saved in 115.93 seconds
Fourth two files saved in 26.85 seconds
Fifth two files saved in 137.88 seconds
Time taken for JJA: 523.48 seconds
Calculating for SON
First two files saved in 169.40 seconds
Second two files saved in 69.26 seconds
Third two files saved in 114.68 seconds
Fourth two files saved in 26.52 seconds
Fifth two files saved in 129.88 seconds
Time taken for SON: 509.74 seconds
NetCDF files for UBB and pr saved
#executed by process	3 in 2138.48s	with status	0 : python /home/vdemeyer/TRACKING/KATJA/POSTPROCESSING/contribution_ETCs.py 2000 --sim UBB --var pr
Calculating for DJF
First two files saved in 182.92 seconds
Second two files saved in 66.32 seconds
Third two files saved in 107.57 seconds
Fourth two files saved in 26.60 seconds
Fifth two files saved in 141.71 seconds
Time taken for DJF: 525.11 seconds
Calculating for MAM
First two files saved in 173.94 seconds
Second two files saved in 68.83 seconds
Third two files saved in 108.30 seconds
Fourth two files saved in 31.79 seconds
Fifth two files saved in 123.22 seconds
Time taken for MAM: 506.08 seconds
Calculating for JJA
First two files saved in 174.89 seconds
Second two files saved in 68.33 seconds
Third two files saved in 114.04 seconds
Fourth two files saved in 24.36 seconds
Fifth two files saved in 127.31 seconds
Time taken for JJA: 508.93 seconds
Calculating for SON
First two files saved in 170.25 seconds
Second two files saved in 70.47 seconds
Third two files saved in 115.83 seconds
Fourth two files saved in 27.64 seconds
Fifth two files saved in 119.63 seconds
Time taken for SON: 503.82 seconds
NetCDF files for UBB and pr saved
#executed by process	5 in 2062.01s	with status	0 : python /home/vdemeyer/TRACKING/KATJA/POSTPROCESSING/contribution_ETCs.py 2002 --sim UBB --var pr
Calculating for DJF
First two files saved in 200.48 seconds
Second two files saved in 65.66 seconds
Third two files saved in 105.53 seconds
Fourth two files saved in 22.70 seconds
Fifth two files saved in 147.21 seconds
Time taken for DJF: 541.58 seconds
Calculating for MAM
First two files saved in 172.68 seconds
Second two files saved in 65.82 seconds
Third two files saved in 106.03 seconds
Fourth two files saved in 26.12 seconds
Fifth two files saved in 140.73 seconds
Time taken for MAM: 511.38 seconds
Calculating for JJA
First two files saved in 168.38 seconds
Second two files saved in 65.97 seconds
Third two files saved in 116.74 seconds
Fourth two files saved in 26.85 seconds
Fifth two files saved in 143.02 seconds
Time taken for JJA: 520.95 seconds
Calculating for SON
First two files saved in 176.45 seconds
Second two files saved in 72.55 seconds
Third two files saved in 114.91 seconds
Fourth two files saved in 27.60 seconds
Fifth two files saved in 119.26 seconds
Time taken for SON: 510.77 seconds
NetCDF files for UBB and pr saved
#executed by process	4 in 2104.25s	with status	0 : python /home/vdemeyer/TRACKING/KATJA/POSTPROCESSING/contribution_ETCs.py 2001 --sim UBB --var pr
Calculating for DJF
First two files saved in 199.15 seconds
Second two files saved in 75.92 seconds
Third two files saved in 122.79 seconds
Fourth two files saved in 31.52 seconds
Fifth two files saved in 161.58 seconds
Time taken for DJF: 590.95 seconds
Calculating for MAM
First two files saved in 249.03 seconds
Second two files saved in 76.56 seconds
Third two files saved in 145.63 seconds
Fourth two files saved in 29.61 seconds
Fifth two files saved in 135.79 seconds
Time taken for MAM: 636.63 seconds
Calculating for JJA
First two files saved in 206.09 seconds
Second two files saved in 78.73 seconds
Third two files saved in 176.99 seconds
Fourth two files saved in 26.56 seconds
Fifth two files saved in 123.24 seconds
Time taken for JJA: 611.61 seconds
Calculating for SON
First two files saved in 214.56 seconds
Second two files saved in 138.61 seconds
Third two files saved in 123.81 seconds
Fourth two files saved in 25.03 seconds
Fifth two files saved in 127.59 seconds
Time taken for SON: 629.61 seconds
NetCDF files for UBB and pr saved
#executed by process	15 in 2493.27s	with status	0 : python /home/vdemeyer/TRACKING/KATJA/POSTPROCESSING/contribution_ETCs.py 2004 --sim UBB --var pr
Calculating for DJF
First two files saved in 187.81 seconds
Second two files saved in 78.33 seconds
Third two files saved in 126.70 seconds
Fourth two files saved in 30.20 seconds
Fifth two files saved in 154.00 seconds
Time taken for DJF: 577.04 seconds
Calculating for MAM
First two files saved in 234.32 seconds
Second two files saved in 76.04 seconds
Third two files saved in 140.00 seconds
Fourth two files saved in 29.27 seconds
Fifth two files saved in 136.36 seconds
Time taken for MAM: 615.98 seconds
Calculating for JJA
First two files saved in 211.14 seconds
Second two files saved in 81.95 seconds
Third two files saved in 172.78 seconds
Fourth two files saved in 26.25 seconds
Fifth two files saved in 126.25 seconds
Time taken for JJA: 618.38 seconds
Calculating for SON
First two files saved in 219.56 seconds
Second two files saved in 152.88 seconds
Third two files saved in 123.51 seconds
Fourth two files saved in 23.59 seconds
Fifth two files saved in 128.38 seconds
Time taken for SON: 647.93 seconds
NetCDF files for UBB and pr saved
#executed by process	14 in 2479.81s	with status	0 : python /home/vdemeyer/TRACKING/KATJA/POSTPROCESSING/contribution_ETCs.py 2005 --sim UBB --var pr
Calculating for DJF
First two files saved in 196.24 seconds
Second two files saved in 62.66 seconds
Third two files saved in 89.07 seconds
Fourth two files saved in 17.03 seconds
Fifth two files saved in 80.68 seconds
Time taken for DJF: 445.68 seconds
Calculating for MAM
First two files saved in 179.50 seconds
Second two files saved in 57.95 seconds
Third two files saved in 97.76 seconds
Fourth two files saved in 18.58 seconds
Fifth two files saved in 72.47 seconds
Time taken for MAM: 426.26 seconds
Calculating for JJA
First two files saved in 173.09 seconds
Second two files saved in 59.31 seconds
Third two files saved in 98.54 seconds
Fourth two files saved in 17.39 seconds
Fifth two files saved in 103.81 seconds
Time taken for JJA: 452.14 seconds
Calculating for SON
First two files saved in 173.90 seconds
Second two files saved in 59.80 seconds
Third two files saved in 79.36 seconds
Fourth two files saved in 21.27 seconds
Fifth two files saved in 77.46 seconds
Time taken for SON: 411.79 seconds
NetCDF files for UBB and pr saved
#executed by process	1 in 1754.68s	with status	0 : python /home/vdemeyer/TRACKING/KATJA/POSTPROCESSING/contribution_ETCs.py 2010 --sim UBB --var pr
Calculating for DJF
First two files saved in 212.66 seconds
Second two files saved in 59.19 seconds
Third two files saved in 84.22 seconds
Fourth two files saved in 17.70 seconds
Fifth two files saved in 109.04 seconds
Time taken for DJF: 482.81 seconds
Calculating for MAM
First two files saved in 189.64 seconds
Second two files saved in 58.07 seconds
Third two files saved in 81.73 seconds
Fourth two files saved in 17.53 seconds
Fifth two files saved in 91.04 seconds
Time taken for MAM: 438.00 seconds
Calculating for JJA
First two files saved in 193.48 seconds
Second two files saved in 66.79 seconds
Third two files saved in 98.61 seconds
Fourth two files saved in 17.93 seconds
Fifth two files saved in 82.49 seconds
Time taken for JJA: 459.30 seconds
Calculating for SON
First two files saved in 168.01 seconds
Second two files saved in 60.54 seconds
Third two files saved in 93.44 seconds
Fourth two files saved in 20.61 seconds
Fifth two files saved in 92.19 seconds
Time taken for SON: 434.79 seconds
NetCDF files for UBB and pr saved
#executed by process	2 in 1832.96s	with status	0 : python /home/vdemeyer/TRACKING/KATJA/POSTPROCESSING/contribution_ETCs.py 2011 --sim UBB --var pr
Calculating for DJF
First two files saved in 214.65 seconds
Second two files saved in 60.26 seconds
Third two files saved in 84.51 seconds
Fourth two files saved in 18.02 seconds
Fifth two files saved in 108.52 seconds
Time taken for DJF: 485.97 seconds
Calculating for MAM
First two files saved in 177.11 seconds
Second two files saved in 58.58 seconds
Third two files saved in 82.93 seconds
Fourth two files saved in 17.28 seconds
Fifth two files saved in 93.25 seconds
Time taken for MAM: 429.15 seconds
Calculating for JJA
First two files saved in 198.71 seconds
Second two files saved in 66.92 seconds
Third two files saved in 95.23 seconds
Fourth two files saved in 17.54 seconds
Fifth two files saved in 82.56 seconds
Time taken for JJA: 460.95 seconds
Calculating for SON
First two files saved in 172.90 seconds
Second two files saved in 60.34 seconds
Third two files saved in 93.06 seconds
Fourth two files saved in 21.17 seconds
Fifth two files saved in 88.93 seconds
Time taken for SON: 436.40 seconds
NetCDF files for UBB and pr saved
#executed by process	7 in 1830.49s	with status	0 : python /home/vdemeyer/TRACKING/KATJA/POSTPROCESSING/contribution_ETCs.py 2012 --sim UBB --var pr
Calculating for DJF
First two files saved in 192.30 seconds
Second two files saved in 85.51 seconds
Third two files saved in 178.47 seconds
Fourth two files saved in 43.91 seconds
Fifth two files saved in 202.39 seconds
Time taken for DJF: 702.57 seconds
Calculating for MAM
First two files saved in 223.35 seconds
Second two files saved in 91.71 seconds
Third two files saved in 147.52 seconds
Fourth two files saved in 31.75 seconds
Fifth two files saved in 169.54 seconds
Time taken for MAM: 663.87 seconds
Calculating for JJA
First two files saved in 276.53 seconds
Second two files saved in 85.02 seconds
Third two files saved in 135.72 seconds
Fourth two files saved in 46.84 seconds
Fifth two files saved in 230.39 seconds
Time taken for JJA: 774.50 seconds
Calculating for SON
First two files saved in 227.85 seconds
Second two files saved in 78.33 seconds
Third two files saved in 206.02 seconds
Fourth two files saved in 41.36 seconds
Fifth two files saved in 164.70 seconds
Time taken for SON: 718.28 seconds
NetCDF files for UBB and pr saved
#executed by process	12 in 2879.94s	with status	0 : python /home/vdemeyer/TRACKING/KATJA/POSTPROCESSING/contribution_ETCs.py 2006 --sim UBB --var pr
Calculating for DJF
First two files saved in 196.89 seconds
Second two files saved in 91.74 seconds
Third two files saved in 188.38 seconds
Fourth two files saved in 33.57 seconds
Fifth two files saved in 194.47 seconds
Time taken for DJF: 705.05 seconds
Calculating for MAM
First two files saved in 219.77 seconds
Second two files saved in 89.07 seconds
Third two files saved in 148.45 seconds
Fourth two files saved in 30.42 seconds
Fifth two files saved in 174.96 seconds
Time taken for MAM: 662.67 seconds
Calculating for JJA
First two files saved in 275.24 seconds
Second two files saved in 81.60 seconds
Third two files saved in 144.57 seconds
Fourth two files saved in 44.96 seconds
Fifth two files saved in 223.40 seconds
Time taken for JJA: 769.77 seconds
Calculating for SON
First two files saved in 223.71 seconds
Second two files saved in 78.80 seconds
Third two files saved in 207.46 seconds
Fourth two files saved in 38.55 seconds
Fifth two files saved in 158.62 seconds
Time taken for SON: 707.14 seconds
NetCDF files for UBB and pr saved
#executed by process	11 in 2861.68s	with status	0 : python /home/vdemeyer/TRACKING/KATJA/POSTPROCESSING/contribution_ETCs.py 2009 --sim UBB --var pr
Calculating for DJF
First two files saved in 204.09 seconds
Second two files saved in 89.10 seconds
Third two files saved in 190.39 seconds
Fourth two files saved in 33.34 seconds
Fifth two files saved in 195.22 seconds
Time taken for DJF: 712.15 seconds
Calculating for MAM
First two files saved in 227.99 seconds
Second two files saved in 85.10 seconds
Third two files saved in 151.53 seconds
Fourth two files saved in 29.74 seconds
Fifth two files saved in 176.59 seconds
Time taken for MAM: 670.95 seconds
Calculating for JJA
First two files saved in 272.52 seconds
Second two files saved in 80.89 seconds
Third two files saved in 148.64 seconds
Fourth two files saved in 43.96 seconds
Fifth two files saved in 217.63 seconds
Time taken for JJA: 763.64 seconds
Calculating for SON
First two files saved in 221.89 seconds
Second two files saved in 77.70 seconds
Third two files saved in 205.97 seconds
Fourth two files saved in 41.65 seconds
Fifth two files saved in 163.16 seconds
Time taken for SON: 710.37 seconds
NetCDF files for UBB and pr saved
#executed by process	10 in 2877.18s	with status	0 : python /home/vdemeyer/TRACKING/KATJA/POSTPROCESSING/contribution_ETCs.py 2007 --sim UBB --var pr
Calculating for DJF
First two files saved in 201.87 seconds
Second two files saved in 89.38 seconds
Third two files saved in 193.59 seconds
Fourth two files saved in 32.71 seconds
Fifth two files saved in 193.74 seconds
Time taken for DJF: 711.28 seconds
Calculating for MAM
First two files saved in 230.40 seconds
Second two files saved in 85.97 seconds
Third two files saved in 154.76 seconds
Fourth two files saved in 28.88 seconds
Fifth two files saved in 175.96 seconds
Time taken for MAM: 675.98 seconds
Calculating for JJA
First two files saved in 268.70 seconds
Second two files saved in 81.97 seconds
Third two files saved in 153.20 seconds
Fourth two files saved in 40.51 seconds
Fifth two files saved in 210.82 seconds
Time taken for JJA: 755.19 seconds
Calculating for SON
First two files saved in 224.77 seconds
Second two files saved in 78.82 seconds
Third two files saved in 208.44 seconds
Fourth two files saved in 40.68 seconds
Fifth two files saved in 162.91 seconds
Time taken for SON: 715.61 seconds
NetCDF files for UBB and pr saved
#executed by process	13 in 2876.47s	with status	0 : python /home/vdemeyer/TRACKING/KATJA/POSTPROCESSING/contribution_ETCs.py 2008 --sim UBB --var pr
Calculating for DJF
First two files saved in 177.69 seconds
Second two files saved in 62.65 seconds
Third two files saved in 92.90 seconds
Fourth two files saved in 18.77 seconds
Fifth two files saved in 117.69 seconds
Time taken for DJF: 469.69 seconds
Calculating for MAM
First two files saved in 203.33 seconds
Second two files saved in 61.39 seconds
Third two files saved in 89.83 seconds
Fourth two files saved in 18.66 seconds
Fifth two files saved in 93.70 seconds
Time taken for MAM: 466.91 seconds
Calculating for JJA
First two files saved in 180.05 seconds
Second two files saved in 66.28 seconds
Third two files saved in 88.54 seconds
Fourth two files saved in 19.22 seconds
Fifth two files saved in 87.19 seconds
Time taken for JJA: 441.28 seconds
Calculating for SON
First two files saved in 190.04 seconds
Second two files saved in 75.47 seconds
Third two files saved in 96.84 seconds
Fourth two files saved in 18.52 seconds
Fifth two files saved in 87.22 seconds
Time taken for SON: 468.09 seconds
NetCDF files for UBB and pr saved
#executed by process	6 in 1864.05s	with status	0 : python /home/vdemeyer/TRACKING/KATJA/POSTPROCESSING/contribution_ETCs.py 2013 --sim UBB --var pr
Calculating for DJF
First two files saved in 45.79 seconds
Second two files saved in 10.49 seconds
Third two files saved in 61.32 seconds
Fourth two files saved in 16.56 seconds
Fifth two files saved in 81.00 seconds
Time taken for DJF: 215.16 seconds
Calculating for MAM
First two files saved in 6.56 seconds
Second two files saved in 1.95 seconds
Third two files saved in 5.14 seconds
Fourth two files saved in 3.41 seconds
Fifth two files saved in 11.69 seconds
Time taken for MAM: 28.75 seconds
Calculating for JJA
First two files saved in 3.91 seconds
Second two files saved in 1.72 seconds
Third two files saved in 3.28 seconds
Fourth two files saved in 2.98 seconds
Fifth two files saved in 8.17 seconds
Time taken for JJA: 20.06 seconds
Calculating for SON
First two files saved in 157.04 seconds
Second two files saved in 56.63 seconds
Third two files saved in 138.29 seconds
Fourth two files saved in 21.84 seconds
Fifth two files saved in 174.80 seconds
Time taken for SON: 548.61 seconds
NetCDF files for UBB and ws saved
#executed by process	12 in 826.702s	with status	0 : python /home/vdemeyer/TRACKING/KATJA/POSTPROCESSING/contribution_ETCs.py 1979 --sim UBB --var ws
Calculating for DJF
First two files saved in 193.77 seconds
Second two files saved in 67.55 seconds
Third two files saved in 115.83 seconds
Fourth two files saved in 24.36 seconds
Fifth two files saved in 147.17 seconds
Time taken for DJF: 548.69 seconds
Calculating for MAM
First two files saved in 179.85 seconds
Second two files saved in 67.21 seconds
Third two files saved in 109.52 seconds
Fourth two files saved in 22.99 seconds
Fifth two files saved in 134.06 seconds
Time taken for MAM: 513.64 seconds
Calculating for JJA
First two files saved in 180.26 seconds
Second two files saved in 66.30 seconds
Third two files saved in 105.95 seconds
Fourth two files saved in 24.81 seconds
Fifth two files saved in 149.31 seconds
Time taken for JJA: 526.64 seconds
Calculating for SON
First two files saved in 178.51 seconds
Second two files saved in 67.19 seconds
Third two files saved in 112.17 seconds
Fourth two files saved in 27.10 seconds
Fifth two files saved in 156.00 seconds
Time taken for SON: 540.97 seconds
NetCDF files for UBB and pr saved
#executed by process	4 in 2148.3s	with status	0 : python /home/vdemeyer/TRACKING/KATJA/POSTPROCESSING/contribution_ETCs.py 2018 --sim UBB --var pr
Calculating for DJF
First two files saved in 189.89 seconds
Second two files saved in 66.90 seconds
Third two files saved in 127.46 seconds
Fourth two files saved in 24.85 seconds
Fifth two files saved in 148.36 seconds
Time taken for DJF: 557.46 seconds
Calculating for MAM
First two files saved in 179.56 seconds
Second two files saved in 67.56 seconds
Third two files saved in 111.18 seconds
Fourth two files saved in 22.47 seconds
Fifth two files saved in 133.82 seconds
Time taken for MAM: 514.59 seconds
Calculating for JJA
First two files saved in 179.04 seconds
Second two files saved in 65.58 seconds
Third two files saved in 115.73 seconds
Fourth two files saved in 22.93 seconds
Fifth two files saved in 146.82 seconds
Time taken for JJA: 530.12 seconds
Calculating for SON
First two files saved in 183.55 seconds
Second two files saved in 67.10 seconds
Third two files saved in 114.83 seconds
Fourth two files saved in 28.10 seconds
Fifth two files saved in 153.63 seconds
Time taken for SON: 547.20 seconds
NetCDF files for UBB and pr saved
#executed by process	3 in 2168.06s	with status	0 : python /home/vdemeyer/TRACKING/KATJA/POSTPROCESSING/contribution_ETCs.py 2016 --sim UBB --var pr
Calculating for DJF
First two files saved in 185.61 seconds
Second two files saved in 67.58 seconds
Third two files saved in 129.14 seconds
Fourth two files saved in 24.80 seconds
Fifth two files saved in 148.49 seconds
Time taken for DJF: 555.62 seconds
Calculating for MAM
First two files saved in 179.22 seconds
Second two files saved in 66.54 seconds
Third two files saved in 106.10 seconds
Fourth two files saved in 23.44 seconds
Fifth two files saved in 132.24 seconds
Time taken for MAM: 507.53 seconds
Calculating for JJA
First two files saved in 180.07 seconds
Second two files saved in 66.85 seconds
Third two files saved in 109.66 seconds
Fourth two files saved in 24.52 seconds
Fifth two files saved in 148.76 seconds
Time taken for JJA: 529.85 seconds
Calculating for SON
First two files saved in 183.72 seconds
Second two files saved in 66.55 seconds
Third two files saved in 117.51 seconds
Fourth two files saved in 28.24 seconds
Fifth two files saved in 160.69 seconds
Time taken for SON: 556.71 seconds
NetCDF files for UBB and pr saved
#executed by process	5 in 2168.22s	with status	0 : python /home/vdemeyer/TRACKING/KATJA/POSTPROCESSING/contribution_ETCs.py 2017 --sim UBB --var pr
Calculating for DJF
First two files saved in 173.08 seconds
Second two files saved in 69.94 seconds
Third two files saved in 115.39 seconds
Fourth two files saved in 26.09 seconds
Fifth two files saved in 167.72 seconds
Time taken for DJF: 552.22 seconds
Calculating for MAM
First two files saved in 179.16 seconds
Second two files saved in 69.18 seconds
Third two files saved in 110.75 seconds
Fourth two files saved in 26.69 seconds
Fifth two files saved in 157.01 seconds
Time taken for MAM: 542.80 seconds
Calculating for JJA
First two files saved in 183.31 seconds
Second two files saved in 69.84 seconds
Third two files saved in 121.96 seconds
Fourth two files saved in 23.25 seconds
Fifth two files saved in 121.33 seconds
Time taken for JJA: 519.68 seconds
Calculating for SON
First two files saved in 246.92 seconds
Second two files saved in 75.81 seconds
Third two files saved in 121.76 seconds
Fourth two files saved in 24.61 seconds
Fifth two files saved in 130.16 seconds
Time taken for SON: 599.26 seconds
NetCDF files for UBB and pr saved
#executed by process	9 in 2235.84s	with status	0 : python /home/vdemeyer/TRACKING/KATJA/POSTPROCESSING/contribution_ETCs.py 2014 --sim UBB --var pr
Calculating for DJF
First two files saved in 180.69 seconds
Second two files saved in 72.27 seconds
Third two files saved in 119.04 seconds
Fourth two files saved in 25.10 seconds
Fifth two files saved in 155.37 seconds
Time taken for DJF: 552.47 seconds
Calculating for MAM
First two files saved in 187.83 seconds
Second two files saved in 69.41 seconds
Third two files saved in 120.16 seconds
Fourth two files saved in 27.49 seconds
Fifth two files saved in 165.59 seconds
Time taken for MAM: 570.48 seconds
Calculating for JJA
First two files saved in 187.72 seconds
Second two files saved in 71.53 seconds
Third two files saved in 125.05 seconds
Fourth two files saved in 24.65 seconds
Fifth two files saved in 123.79 seconds
Time taken for JJA: 532.74 seconds
Calculating for SON
First two files saved in 219.22 seconds
Second two files saved in 71.68 seconds
Third two files saved in 123.84 seconds
Fourth two files saved in 25.33 seconds
Fifth two files saved in 125.88 seconds
Time taken for SON: 565.95 seconds
NetCDF files for UBB and pr saved
#executed by process	8 in 2241.32s	with status	0 : python /home/vdemeyer/TRACKING/KATJA/POSTPROCESSING/contribution_ETCs.py 2015 --sim UBB --var pr
Calculating for DJF
First two files saved in 179.26 seconds
Second two files saved in 58.87 seconds
Third two files saved in 83.51 seconds
Fourth two files saved in 16.73 seconds
Fifth two files saved in 81.68 seconds
Time taken for DJF: 420.05 seconds
Calculating for MAM
First two files saved in 171.71 seconds
Second two files saved in 67.03 seconds
Third two files saved in 81.64 seconds
Fourth two files saved in 16.62 seconds
Fifth two files saved in 77.23 seconds
Time taken for MAM: 414.23 seconds
Calculating for JJA
First two files saved in 169.63 seconds
Second two files saved in 60.42 seconds
Third two files saved in 109.12 seconds
Fourth two files saved in 21.16 seconds
Fifth two files saved in 82.26 seconds
Time taken for JJA: 442.58 seconds
Calculating for SON
First two files saved in 167.64 seconds
Second two files saved in 65.05 seconds
Third two files saved in 107.26 seconds
Fourth two files saved in 16.88 seconds
Fifth two files saved in 87.06 seconds
Time taken for SON: 443.89 seconds
NetCDF files for UBB and pr saved
#executed by process	1 in 1740.08s	with status	0 : python /home/vdemeyer/TRACKING/KATJA/POSTPROCESSING/contribution_ETCs.py 2021 --sim UBB --var pr
Calculating for DJF
First two files saved in 167.65 seconds
Second two files saved in 59.58 seconds
Third two files saved in 89.08 seconds
Fourth two files saved in 20.50 seconds
Fifth two files saved in 123.15 seconds
Time taken for DJF: 459.96 seconds
Calculating for MAM
First two files saved in 159.89 seconds
Second two files saved in 59.31 seconds
Third two files saved in 86.75 seconds
Fourth two files saved in 18.04 seconds
Fifth two files saved in 110.25 seconds
Time taken for MAM: 434.24 seconds
Calculating for JJA
First two files saved in 172.32 seconds
Second two files saved in 59.71 seconds
Third two files saved in 93.50 seconds
Fourth two files saved in 18.13 seconds
Fifth two files saved in 124.84 seconds
Time taken for JJA: 468.50 seconds
Calculating for SON
First two files saved in 172.43 seconds
Second two files saved in 60.93 seconds
Third two files saved in 93.97 seconds
Fourth two files saved in 18.05 seconds
Fifth two files saved in 122.35 seconds
Time taken for SON: 467.74 seconds
NetCDF files for UBB and pr saved
#executed by process	2 in 1848.98s	with status	0 : python /home/vdemeyer/TRACKING/KATJA/POSTPROCESSING/contribution_ETCs.py 2022 --sim UBB --var pr
Calculating for DJF
First two files saved in 167.17 seconds
Second two files saved in 59.87 seconds
Third two files saved in 93.73 seconds
Fourth two files saved in 23.04 seconds
Fifth two files saved in 118.88 seconds
Time taken for DJF: 462.68 seconds
Calculating for MAM
First two files saved in 156.07 seconds
Second two files saved in 58.61 seconds
Third two files saved in 84.17 seconds
Fourth two files saved in 17.85 seconds
Fifth two files saved in 116.01 seconds
Time taken for MAM: 432.70 seconds
Calculating for JJA
First two files saved in 175.71 seconds
Second two files saved in 59.44 seconds
Third two files saved in 95.61 seconds
Fourth two files saved in 17.90 seconds
Fifth two files saved in 130.26 seconds
Time taken for JJA: 478.91 seconds
Calculating for SON
First two files saved in 165.39 seconds
Second two files saved in 61.74 seconds
Third two files saved in 93.76 seconds
Fourth two files saved in 18.06 seconds
Fifth two files saved in 117.99 seconds
Time taken for SON: 456.94 seconds
NetCDF files for UBB and pr saved
#executed by process	7 in 1849.31s	with status	0 : python /home/vdemeyer/TRACKING/KATJA/POSTPROCESSING/contribution_ETCs.py 2023 --sim UBB --var pr
Calculating for DJF
First two files saved in 96.42 seconds
Second two files saved in 17.95 seconds
Third two files saved in 101.63 seconds
Fourth two files saved in 29.01 seconds
Fifth two files saved in 123.30 seconds
Time taken for DJF: 368.31 seconds
Calculating for MAM
First two files saved in 100.31 seconds
Second two files saved in 16.41 seconds
Third two files saved in 97.62 seconds
Fourth two files saved in 20.42 seconds
Fifth two files saved in 123.33 seconds
Time taken for MAM: 358.08 seconds
Calculating for JJA
First two files saved in 113.65 seconds
Second two files saved in 17.20 seconds
Third two files saved in 91.71 seconds
Fourth two files saved in 20.43 seconds
Fifth two files saved in 105.41 seconds
Time taken for JJA: 348.40 seconds
Calculating for SON
First two files saved in 116.09 seconds
Second two files saved in 18.98 seconds
Third two files saved in 100.68 seconds
Fourth two files saved in 20.65 seconds
Fifth two files saved in 101.14 seconds
Time taken for SON: 357.53 seconds
NetCDF files for UBB and ws saved
#executed by process	6 in 1452.07s	with status	0 : python /home/vdemeyer/TRACKING/KATJA/POSTPROCESSING/contribution_ETCs.py 1983 --sim UBB --var ws
Calculating for DJF
First two files saved in 218.35 seconds
Second two files saved in 153.18 seconds
Third two files saved in 122.98 seconds
Fourth two files saved in 27.57 seconds
Fifth two files saved in 152.57 seconds
Time taken for DJF: 674.66 seconds
Calculating for MAM
First two files saved in 220.81 seconds
Second two files saved in 143.77 seconds
Third two files saved in 135.76 seconds
Fourth two files saved in 31.92 seconds
Fifth two files saved in 143.46 seconds
Time taken for MAM: 675.72 seconds
Calculating for JJA
First two files saved in 211.56 seconds
Second two files saved in 128.60 seconds
Third two files saved in 137.70 seconds
Fourth two files saved in 35.46 seconds
Fifth two files saved in 149.71 seconds
Time taken for JJA: 663.03 seconds
Calculating for SON
First two files saved in 254.46 seconds
Second two files saved in 93.06 seconds
Third two files saved in 138.86 seconds
Fourth two files saved in 32.47 seconds
Fifth two files saved in 200.12 seconds
Time taken for SON: 718.97 seconds
NetCDF files for UBB and pr saved
#executed by process	15 in 2757.85s	with status	0 : python /home/vdemeyer/TRACKING/KATJA/POSTPROCESSING/contribution_ETCs.py 2019 --sim UBB --var pr
Calculating for DJF
First two files saved in 256.20 seconds
Second two files saved in 108.41 seconds
Third two files saved in 123.98 seconds
Fourth two files saved in 27.74 seconds
Fifth two files saved in 156.23 seconds
Time taken for DJF: 672.55 seconds
Calculating for MAM
First two files saved in 209.37 seconds
Second two files saved in 138.15 seconds
Third two files saved in 140.50 seconds
Fourth two files saved in 32.25 seconds
Fifth two files saved in 156.40 seconds
Time taken for MAM: 676.67 seconds
Calculating for JJA
First two files saved in 212.46 seconds
Second two files saved in 131.48 seconds
Third two files saved in 147.64 seconds
Fourth two files saved in 33.06 seconds
Fifth two files saved in 143.45 seconds
Time taken for JJA: 668.08 seconds
Calculating for SON
First two files saved in 266.39 seconds
Second two files saved in 90.04 seconds
Third two files saved in 146.96 seconds
Fourth two files saved in 33.95 seconds
Fifth two files saved in 197.10 seconds
Time taken for SON: 734.44 seconds
NetCDF files for UBB and pr saved
#executed by process	14 in 2772.96s	with status	0 : python /home/vdemeyer/TRACKING/KATJA/POSTPROCESSING/contribution_ETCs.py 2020 --sim UBB --var pr
Calculating for DJF
First two files saved in 176.54 seconds
Second two files saved in 32.55 seconds
Third two files saved in 163.90 seconds
Fourth two files saved in 33.42 seconds
Fifth two files saved in 188.41 seconds
Time taken for DJF: 594.82 seconds
Calculating for MAM
First two files saved in 178.28 seconds
Second two files saved in 36.79 seconds
Third two files saved in 164.04 seconds
Fourth two files saved in 40.38 seconds
Fifth two files saved in 221.39 seconds
Time taken for MAM: 640.87 seconds
Calculating for JJA
First two files saved in 184.61 seconds
Second two files saved in 41.15 seconds
Third two files saved in 166.40 seconds
Fourth two files saved in 39.09 seconds
Fifth two files saved in 211.64 seconds
Time taken for JJA: 642.90 seconds
Calculating for SON
First two files saved in 181.97 seconds
Second two files saved in 44.21 seconds
Third two files saved in 208.59 seconds
Fourth two files saved in 41.00 seconds
Fifth two files saved in 188.66 seconds
Time taken for SON: 664.43 seconds
NetCDF files for UBB and ws saved
#executed by process	10 in 2563.1s	with status	0 : python /home/vdemeyer/TRACKING/KATJA/POSTPROCESSING/contribution_ETCs.py 1981 --sim UBB --var ws
Calculating for DJF
First two files saved in 167.02 seconds
Second two files saved in 36.32 seconds
Third two files saved in 160.70 seconds
Fourth two files saved in 34.98 seconds
Fifth two files saved in 188.99 seconds
Time taken for DJF: 588.02 seconds
Calculating for MAM
First two files saved in 171.20 seconds
Second two files saved in 38.39 seconds
Third two files saved in 157.85 seconds
Fourth two files saved in 38.98 seconds
Fifth two files saved in 240.63 seconds
Time taken for MAM: 647.05 seconds
Calculating for JJA
First two files saved in 186.76 seconds
Second two files saved in 39.34 seconds
Third two files saved in 165.33 seconds
Fourth two files saved in 39.82 seconds
Fifth two files saved in 220.06 seconds
Time taken for JJA: 651.30 seconds
Calculating for SON
First two files saved in 190.74 seconds
Second two files saved in 40.81 seconds
Third two files saved in 207.15 seconds
Fourth two files saved in 42.66 seconds
Fifth two files saved in 191.52 seconds
Time taken for SON: 672.88 seconds
NetCDF files for UBB and ws saved
#executed by process	13 in 2579.47s	with status	0 : python /home/vdemeyer/TRACKING/KATJA/POSTPROCESSING/contribution_ETCs.py 1982 --sim UBB --var ws
Calculating for DJF
First two files saved in 168.73 seconds
Second two files saved in 37.87 seconds
Third two files saved in 167.00 seconds
Fourth two files saved in 35.76 seconds
Fifth two files saved in 192.88 seconds
Time taken for DJF: 602.24 seconds
Calculating for MAM
First two files saved in 176.27 seconds
Second two files saved in 36.56 seconds
Third two files saved in 162.46 seconds
Fourth two files saved in 41.04 seconds
Fifth two files saved in 225.00 seconds
Time taken for MAM: 641.33 seconds
Calculating for JJA
First two files saved in 191.86 seconds
Second two files saved in 36.91 seconds
Third two files saved in 164.40 seconds
Fourth two files saved in 36.76 seconds
Fifth two files saved in 220.73 seconds
Time taken for JJA: 650.67 seconds
Calculating for SON
First two files saved in 187.58 seconds
Second two files saved in 41.86 seconds
Third two files saved in 207.23 seconds
Fourth two files saved in 42.04 seconds
Fifth two files saved in 196.56 seconds
Time taken for SON: 675.28 seconds
NetCDF files for UBB and ws saved
#executed by process	11 in 2589.51s	with status	0 : python /home/vdemeyer/TRACKING/KATJA/POSTPROCESSING/contribution_ETCs.py 1980 --sim UBB --var ws
Calculating for DJF
First two files saved in 115.21 seconds
Second two files saved in 20.70 seconds
Third two files saved in 124.32 seconds
Fourth two files saved in 29.13 seconds
Fifth two files saved in 145.21 seconds
Time taken for DJF: 434.57 seconds
Calculating for MAM
First two files saved in 109.28 seconds
Second two files saved in 22.67 seconds
Third two files saved in 112.61 seconds
Fourth two files saved in 27.25 seconds
Fifth two files saved in 143.26 seconds
Time taken for MAM: 415.07 seconds
Calculating for JJA
First two files saved in 120.21 seconds
Second two files saved in 22.36 seconds
Third two files saved in 118.69 seconds
Fourth two files saved in 29.62 seconds
Fifth two files saved in 149.29 seconds
Time taken for JJA: 440.19 seconds
Calculating for SON
First two files saved in 112.26 seconds
Second two files saved in 31.23 seconds
Third two files saved in 118.39 seconds
Fourth two files saved in 28.44 seconds
Fifth two files saved in 139.43 seconds
Time taken for SON: 429.76 seconds
NetCDF files for UBB and ws saved
#executed by process	3 in 1738.65s	with status	0 : python /home/vdemeyer/TRACKING/KATJA/POSTPROCESSING/contribution_ETCs.py 1986 --sim UBB --var ws
Calculating for DJF
First two files saved in 108.46 seconds
Second two files saved in 22.49 seconds
Third two files saved in 132.45 seconds
Fourth two files saved in 26.80 seconds
Fifth two files saved in 150.46 seconds
Time taken for DJF: 440.66 seconds
Calculating for MAM
First two files saved in 113.46 seconds
Second two files saved in 23.40 seconds
Third two files saved in 115.46 seconds
Fourth two files saved in 29.74 seconds
Fifth two files saved in 143.93 seconds
Time taken for MAM: 425.99 seconds
Calculating for JJA
First two files saved in 120.64 seconds
Second two files saved in 22.14 seconds
Third two files saved in 119.89 seconds
Fourth two files saved in 35.54 seconds
Fifth two files saved in 147.91 seconds
Time taken for JJA: 446.11 seconds
Calculating for SON
First two files saved in 121.74 seconds
Second two files saved in 27.46 seconds
Third two files saved in 115.15 seconds
Fourth two files saved in 26.60 seconds
Fifth two files saved in 137.00 seconds
Time taken for SON: 427.95 seconds
NetCDF files for UBB and ws saved
#executed by process	4 in 1761.43s	with status	0 : python /home/vdemeyer/TRACKING/KATJA/POSTPROCESSING/contribution_ETCs.py 1985 --sim UBB --var ws
Calculating for DJF
First two files saved in 117.98 seconds
Second two files saved in 19.23 seconds
Third two files saved in 128.91 seconds
Fourth two files saved in 38.90 seconds
Fifth two files saved in 140.90 seconds
Time taken for DJF: 445.93 seconds
Calculating for MAM
First two files saved in 109.31 seconds
Second two files saved in 19.53 seconds
Third two files saved in 113.14 seconds
Fourth two files saved in 32.14 seconds
Fifth two files saved in 145.80 seconds
Time taken for MAM: 419.92 seconds
Calculating for JJA
First two files saved in 122.59 seconds
Second two files saved in 22.86 seconds
Third two files saved in 122.39 seconds
Fourth two files saved in 35.88 seconds
Fifth two files saved in 141.07 seconds
Time taken for JJA: 444.78 seconds
Calculating for SON
First two files saved in 136.15 seconds
Second two files saved in 21.72 seconds
Third two files saved in 113.36 seconds
Fourth two files saved in 26.43 seconds
Fifth two files saved in 136.30 seconds
Time taken for SON: 433.96 seconds
NetCDF files for UBB and ws saved
#executed by process	5 in 1764.94s	with status	0 : python /home/vdemeyer/TRACKING/KATJA/POSTPROCESSING/contribution_ETCs.py 1987 --sim UBB --var ws
Calculating for DJF
First two files saved in 87.38 seconds
Second two files saved in 15.70 seconds
Third two files saved in 92.99 seconds
Fourth two files saved in 17.39 seconds
Fifth two files saved in 120.78 seconds
Time taken for DJF: 334.24 seconds
Calculating for MAM
First two files saved in 96.04 seconds
Second two files saved in 13.45 seconds
Third two files saved in 90.34 seconds
Fourth two files saved in 16.95 seconds
Fifth two files saved in 97.62 seconds
Time taken for MAM: 314.41 seconds
Calculating for JJA
First two files saved in 106.35 seconds
Second two files saved in 19.19 seconds
Third two files saved in 86.97 seconds
Fourth two files saved in 22.05 seconds
Fifth two files saved in 93.34 seconds
Time taken for JJA: 327.90 seconds
Calculating for SON
First two files saved in 91.69 seconds
Second two files saved in 13.18 seconds
Third two files saved in 86.56 seconds
Fourth two files saved in 17.82 seconds
Fifth two files saved in 80.35 seconds
Time taken for SON: 289.61 seconds
NetCDF files for UBB and ws saved
#executed by process	1 in 1283.5s	with status	0 : python /home/vdemeyer/TRACKING/KATJA/POSTPROCESSING/contribution_ETCs.py 1990 --sim UBB --var ws
Calculating for DJF
First two files saved in 123.46 seconds
Second two files saved in 23.33 seconds
Third two files saved in 161.83 seconds
Fourth two files saved in 25.80 seconds
Fifth two files saved in 124.59 seconds
Time taken for DJF: 459.00 seconds
Calculating for MAM
First two files saved in 119.76 seconds
Second two files saved in 19.48 seconds
Third two files saved in 123.62 seconds
Fourth two files saved in 24.80 seconds
Fifth two files saved in 160.01 seconds
Time taken for MAM: 447.67 seconds
Calculating for JJA
First two files saved in 128.62 seconds
Second two files saved in 20.95 seconds
Third two files saved in 132.40 seconds
Fourth two files saved in 24.84 seconds
Fifth two files saved in 170.74 seconds
Time taken for JJA: 477.55 seconds
Calculating for SON
First two files saved in 136.45 seconds
Second two files saved in 19.04 seconds
Third two files saved in 122.42 seconds
Fourth two files saved in 22.33 seconds
Fifth two files saved in 170.88 seconds
Time taken for SON: 471.13 seconds
NetCDF files for UBB and ws saved
#executed by process	9 in 1878.4s	with status	0 : python /home/vdemeyer/TRACKING/KATJA/POSTPROCESSING/contribution_ETCs.py 1988 --sim UBB --var ws
Calculating for DJF
First two files saved in 131.44 seconds
Second two files saved in 19.39 seconds
Third two files saved in 157.90 seconds
Fourth two files saved in 24.22 seconds
Fifth two files saved in 123.93 seconds
Time taken for DJF: 456.88 seconds
Calculating for MAM
First two files saved in 124.42 seconds
Second two files saved in 18.43 seconds
Third two files saved in 119.01 seconds
Fourth two files saved in 70.17 seconds
Fifth two files saved in 118.85 seconds
Time taken for MAM: 450.89 seconds
Calculating for JJA
First two files saved in 126.91 seconds
Second two files saved in 19.79 seconds
Third two files saved in 126.88 seconds
Fourth two files saved in 27.19 seconds
Fifth two files saved in 161.29 seconds
Time taken for JJA: 462.06 seconds
Calculating for SON
First two files saved in 129.16 seconds
Second two files saved in 17.34 seconds
Third two files saved in 122.10 seconds
Fourth two files saved in 21.25 seconds
Fifth two files saved in 165.51 seconds
Time taken for SON: 455.36 seconds
NetCDF files for UBB and ws saved
#executed by process	8 in 1845.57s	with status	0 : python /home/vdemeyer/TRACKING/KATJA/POSTPROCESSING/contribution_ETCs.py 1989 --sim UBB --var ws
Calculating for DJF
First two files saved in 97.53 seconds
Second two files saved in 14.56 seconds
Third two files saved in 92.16 seconds
Fourth two files saved in 19.29 seconds
Fifth two files saved in 125.31 seconds
Time taken for DJF: 348.85 seconds
Calculating for MAM
First two files saved in 107.22 seconds
Second two files saved in 16.56 seconds
Third two files saved in 92.67 seconds
Fourth two files saved in 18.47 seconds
Fifth two files saved in 110.82 seconds
Time taken for MAM: 345.73 seconds
Calculating for JJA
First two files saved in 92.28 seconds
Second two files saved in 18.08 seconds
Third two files saved in 97.55 seconds
Fourth two files saved in 20.28 seconds
Fifth two files saved in 111.30 seconds
Time taken for JJA: 339.49 seconds
Calculating for SON
First two files saved in 90.57 seconds
Second two files saved in 16.22 seconds
Third two files saved in 93.04 seconds
Fourth two files saved in 26.10 seconds
Fifth two files saved in 136.75 seconds
Time taken for SON: 362.67 seconds
NetCDF files for UBB and ws saved
#executed by process	7 in 1414.32s	with status	0 : python /home/vdemeyer/TRACKING/KATJA/POSTPROCESSING/contribution_ETCs.py 1992 --sim UBB --var ws
Calculating for DJF
First two files saved in 100.33 seconds
Second two files saved in 14.40 seconds
Third two files saved in 91.32 seconds
Fourth two files saved in 19.44 seconds
Fifth two files saved in 134.38 seconds
Time taken for DJF: 359.87 seconds
Calculating for MAM
First two files saved in 103.93 seconds
Second two files saved in 16.92 seconds
Third two files saved in 92.61 seconds
Fourth two files saved in 18.55 seconds
Fifth two files saved in 109.29 seconds
Time taken for MAM: 341.31 seconds
Calculating for JJA
First two files saved in 94.87 seconds
Second two files saved in 18.12 seconds
Third two files saved in 100.69 seconds
Fourth two files saved in 18.94 seconds
Fifth two files saved in 114.66 seconds
Time taken for JJA: 347.28 seconds
Calculating for SON
First two files saved in 90.41 seconds
Second two files saved in 17.41 seconds
Third two files saved in 97.19 seconds
Fourth two files saved in 34.14 seconds
Fifth two files saved in 129.92 seconds
Time taken for SON: 369.07 seconds
NetCDF files for UBB and ws saved
#executed by process	2 in 1434.98s	with status	0 : python /home/vdemeyer/TRACKING/KATJA/POSTPROCESSING/contribution_ETCs.py 1991 --sim UBB --var ws
Calculating for DJF
First two files saved in 170.24 seconds
Second two files saved in 29.98 seconds
Third two files saved in 204.28 seconds
Fourth two files saved in 32.71 seconds
Fifth two files saved in 201.69 seconds
Time taken for DJF: 638.90 seconds
Calculating for MAM
First two files saved in 172.27 seconds
Second two files saved in 33.99 seconds
Third two files saved in 196.90 seconds
Fourth two files saved in 31.85 seconds
Fifth two files saved in 205.37 seconds
Time taken for MAM: 640.38 seconds
Calculating for JJA
First two files saved in 222.74 seconds
Second two files saved in 36.78 seconds
Third two files saved in 175.62 seconds
Fourth two files saved in 34.77 seconds
Fifth two files saved in 230.29 seconds
Time taken for JJA: 700.19 seconds
Calculating for SON
First two files saved in 192.40 seconds
Second two files saved in 42.10 seconds
Third two files saved in 219.05 seconds
Fourth two files saved in 39.39 seconds
Fifth two files saved in 169.88 seconds
Time taken for SON: 662.81 seconds
NetCDF files for UBB and ws saved
#executed by process	12 in 2668.83s	with status	0 : python /home/vdemeyer/TRACKING/KATJA/POSTPROCESSING/contribution_ETCs.py 1984 --sim UBB --var ws
Calculating for DJF
First two files saved in 131.71 seconds
Second two files saved in 21.71 seconds
Third two files saved in 111.36 seconds
Fourth two files saved in 21.40 seconds
Fifth two files saved in 124.02 seconds
Time taken for DJF: 410.20 seconds
Calculating for MAM
First two files saved in 101.43 seconds
Second two files saved in 16.95 seconds
Third two files saved in 109.49 seconds
Fourth two files saved in 22.01 seconds
Fifth two files saved in 105.33 seconds
Time taken for MAM: 355.21 seconds
Calculating for JJA
First two files saved in 99.96 seconds
Second two files saved in 19.72 seconds
Third two files saved in 104.29 seconds
Fourth two files saved in 21.09 seconds
Fifth two files saved in 154.44 seconds
Time taken for JJA: 399.51 seconds
Calculating for SON
First two files saved in 101.99 seconds
Second two files saved in 17.47 seconds
Third two files saved in 97.34 seconds
Fourth two files saved in 21.54 seconds
Fifth two files saved in 131.96 seconds
Time taken for SON: 370.31 seconds
NetCDF files for UBB and ws saved
#executed by process	6 in 1553.38s	with status	0 : python /home/vdemeyer/TRACKING/KATJA/POSTPROCESSING/contribution_ETCs.py 1993 --sim UBB --var ws
Calculating for DJF
First two files saved in 107.01 seconds
Second two files saved in 12.94 seconds
Third two files saved in 88.83 seconds
Fourth two files saved in 18.65 seconds
Fifth two files saved in 117.34 seconds
Time taken for DJF: 344.78 seconds
Calculating for MAM
First two files saved in 118.37 seconds
Second two files saved in 13.61 seconds
Third two files saved in 87.57 seconds
Fourth two files saved in 17.41 seconds
Fifth two files saved in 85.74 seconds
Time taken for MAM: 322.69 seconds
Calculating for JJA
First two files saved in 118.70 seconds
Second two files saved in 20.57 seconds
Third two files saved in 95.91 seconds
Fourth two files saved in 17.42 seconds
Fifth two files saved in 84.43 seconds
Time taken for JJA: 337.03 seconds
Calculating for SON
First two files saved in 89.97 seconds
Second two files saved in 16.91 seconds
Third two files saved in 95.45 seconds
Fourth two files saved in 19.13 seconds
Fifth two files saved in 93.67 seconds
Time taken for SON: 315.15 seconds
NetCDF files for UBB and ws saved
#executed by process	1 in 1336.99s	with status	0 : python /home/vdemeyer/TRACKING/KATJA/POSTPROCESSING/contribution_ETCs.py 2002 --sim UBB --var ws
Calculating for DJF
First two files saved in 137.32 seconds
Second two files saved in 21.79 seconds
Third two files saved in 113.51 seconds
Fourth two files saved in 32.73 seconds
Fifth two files saved in 162.24 seconds
Time taken for DJF: 467.58 seconds
Calculating for MAM
First two files saved in 114.30 seconds
Second two files saved in 22.67 seconds
Third two files saved in 114.66 seconds
Fourth two files saved in 30.51 seconds
Fifth two files saved in 144.43 seconds
Time taken for MAM: 426.57 seconds
Calculating for JJA
First two files saved in 112.02 seconds
Second two files saved in 22.61 seconds
Third two files saved in 122.78 seconds
Fourth two files saved in 30.70 seconds
Fifth two files saved in 142.78 seconds
Time taken for JJA: 430.89 seconds
Calculating for SON
First two files saved in 114.86 seconds
Second two files saved in 19.30 seconds
Third two files saved in 122.93 seconds
Fourth two files saved in 26.86 seconds
Fifth two files saved in 134.00 seconds
Time taken for SON: 417.95 seconds
NetCDF files for UBB and ws saved
#executed by process	3 in 1762.9s	with status	0 : python /home/vdemeyer/TRACKING/KATJA/POSTPROCESSING/contribution_ETCs.py 1999 --sim UBB --var ws
Calculating for DJF
First two files saved in 136.80 seconds
Second two files saved in 22.82 seconds
Third two files saved in 120.30 seconds
Fourth two files saved in 28.12 seconds
Fifth two files saved in 168.01 seconds
Time taken for DJF: 476.04 seconds
Calculating for MAM
First two files saved in 118.48 seconds
Second two files saved in 19.79 seconds
Third two files saved in 120.81 seconds
Fourth two files saved in 39.14 seconds
Fifth two files saved in 149.16 seconds
Time taken for MAM: 447.37 seconds
Calculating for JJA
First two files saved in 122.47 seconds
Second two files saved in 22.01 seconds
Third two files saved in 127.36 seconds
Fourth two files saved in 30.36 seconds
Fifth two files saved in 141.64 seconds
Time taken for JJA: 443.85 seconds
Calculating for SON
First two files saved in 116.96 seconds
Second two files saved in 23.79 seconds
Third two files saved in 122.89 seconds
Fourth two files saved in 26.59 seconds
Fifth two files saved in 134.29 seconds
Time taken for SON: 424.51 seconds
NetCDF files for UBB and ws saved
#executed by process	4 in 1811.03s	with status	0 : python /home/vdemeyer/TRACKING/KATJA/POSTPROCESSING/contribution_ETCs.py 2000 --sim UBB --var ws
Calculating for DJF
First two files saved in 139.06 seconds
Second two files saved in 23.27 seconds
Third two files saved in 117.94 seconds
Fourth two files saved in 35.60 seconds
Fifth two files saved in 160.58 seconds
Time taken for DJF: 476.45 seconds
Calculating for MAM
First two files saved in 120.34 seconds
Second two files saved in 21.03 seconds
Third two files saved in 120.40 seconds
Fourth two files saved in 39.15 seconds
Fifth two files saved in 134.60 seconds
Time taken for MAM: 435.52 seconds
Calculating for JJA
First two files saved in 119.56 seconds
Second two files saved in 21.66 seconds
Third two files saved in 130.67 seconds
Fourth two files saved in 26.63 seconds
Fifth two files saved in 137.44 seconds
Time taken for JJA: 435.96 seconds
Calculating for SON
First two files saved in 146.68 seconds
Second two files saved in 27.37 seconds
Third two files saved in 117.93 seconds
Fourth two files saved in 33.46 seconds
Fifth two files saved in 117.55 seconds
Time taken for SON: 442.99 seconds
NetCDF files for UBB and ws saved
#executed by process	5 in 1810.74s	with status	0 : python /home/vdemeyer/TRACKING/KATJA/POSTPROCESSING/contribution_ETCs.py 2001 --sim UBB --var ws
Calculating for DJF
First two files saved in 100.85 seconds
Second two files saved in 14.41 seconds
Third two files saved in 100.07 seconds
Fourth two files saved in 21.52 seconds
Fifth two files saved in 127.36 seconds
Time taken for DJF: 364.21 seconds
Calculating for MAM
First two files saved in 93.51 seconds
Second two files saved in 18.44 seconds
Third two files saved in 87.53 seconds
Fourth two files saved in 18.17 seconds
Fifth two files saved in 105.30 seconds
Time taken for MAM: 322.95 seconds
Calculating for JJA
First two files saved in 107.19 seconds
Second two files saved in 14.85 seconds
Third two files saved in 96.92 seconds
Fourth two files saved in 20.22 seconds
Fifth two files saved in 92.81 seconds
Time taken for JJA: 332.00 seconds
Calculating for SON
First two files saved in 109.34 seconds
Second two files saved in 18.33 seconds
Third two files saved in 98.95 seconds
Fourth two files saved in 18.95 seconds
Fifth two files saved in 99.23 seconds
Time taken for SON: 344.81 seconds
NetCDF files for UBB and ws saved
#executed by process	7 in 1381.83s	with status	0 : python /home/vdemeyer/TRACKING/KATJA/POSTPROCESSING/contribution_ETCs.py 2005 --sim UBB --var ws
Calculating for DJF
First two files saved in 103.84 seconds
Second two files saved in 14.24 seconds
Third two files saved in 98.58 seconds
Fourth two files saved in 22.34 seconds
Fifth two files saved in 127.97 seconds
Time taken for DJF: 366.98 seconds
Calculating for MAM
First two files saved in 98.15 seconds
Second two files saved in 14.62 seconds
Third two files saved in 87.34 seconds
Fourth two files saved in 20.90 seconds
Fifth two files saved in 105.12 seconds
Time taken for MAM: 326.12 seconds
Calculating for JJA
First two files saved in 117.03 seconds
Second two files saved in 19.01 seconds
Third two files saved in 88.81 seconds
Fourth two files saved in 18.28 seconds
Fifth two files saved in 99.59 seconds
Time taken for JJA: 342.71 seconds
Calculating for SON
First two files saved in 107.53 seconds
Second two files saved in 14.58 seconds
Third two files saved in 96.58 seconds
Fourth two files saved in 22.92 seconds
Fifth two files saved in 91.65 seconds
Time taken for SON: 333.25 seconds
NetCDF files for UBB and ws saved
#executed by process	2 in 1386.72s	with status	0 : python /home/vdemeyer/TRACKING/KATJA/POSTPROCESSING/contribution_ETCs.py 2006 --sim UBB --var ws
Calculating for DJF
First two files saved in 142.02 seconds
Second two files saved in 29.45 seconds
Third two files saved in 137.27 seconds
Fourth two files saved in 26.01 seconds
Fifth two files saved in 193.45 seconds
Time taken for DJF: 528.20 seconds
Calculating for MAM
First two files saved in 144.88 seconds
Second two files saved in 27.77 seconds
Third two files saved in 147.03 seconds
Fourth two files saved in 78.94 seconds
Fifth two files saved in 152.83 seconds
Time taken for MAM: 551.45 seconds
Calculating for JJA
First two files saved in 145.49 seconds
Second two files saved in 29.20 seconds
Third two files saved in 148.44 seconds
Fourth two files saved in 37.01 seconds
Fifth two files saved in 168.25 seconds
Time taken for JJA: 528.39 seconds
Calculating for SON
First two files saved in 181.33 seconds
Second two files saved in 47.27 seconds
Third two files saved in 240.30 seconds
Fourth two files saved in 55.40 seconds
Fifth two files saved in 234.95 seconds
Time taken for SON: 759.26 seconds
NetCDF files for UBB and ws saved
#executed by process	15 in 2391.94s	with status	0 : python /home/vdemeyer/TRACKING/KATJA/POSTPROCESSING/contribution_ETCs.py 1994 --sim UBB --var ws
Calculating for DJF
First two files saved in 149.72 seconds
Second two files saved in 22.88 seconds
Third two files saved in 131.26 seconds
Fourth two files saved in 29.61 seconds
Fifth two files saved in 183.03 seconds
Time taken for DJF: 516.50 seconds
Calculating for MAM
First two files saved in 153.14 seconds
Second two files saved in 28.25 seconds
Third two files saved in 183.05 seconds
Fourth two files saved in 41.15 seconds
Fifth two files saved in 147.62 seconds
Time taken for MAM: 553.22 seconds
Calculating for JJA
First two files saved in 159.45 seconds
Second two files saved in 23.88 seconds
Third two files saved in 152.43 seconds
Fourth two files saved in 36.01 seconds
Fifth two files saved in 171.59 seconds
Time taken for JJA: 543.37 seconds
Calculating for SON
First two files saved in 188.07 seconds
Second two files saved in 89.37 seconds
Third two files saved in 207.54 seconds
Fourth two files saved in 46.82 seconds
Fifth two files saved in 220.76 seconds
Time taken for SON: 752.56 seconds
NetCDF files for UBB and ws saved
#executed by process	14 in 2387.21s	with status	0 : python /home/vdemeyer/TRACKING/KATJA/POSTPROCESSING/contribution_ETCs.py 1995 --sim UBB --var ws
Calculating for DJF
First two files saved in 124.84 seconds
Second two files saved in 19.27 seconds
Third two files saved in 121.85 seconds
Fourth two files saved in 23.43 seconds
Fifth two files saved in 176.37 seconds
Time taken for DJF: 465.76 seconds
Calculating for MAM
First two files saved in 134.01 seconds
Second two files saved in 19.49 seconds
Third two files saved in 120.00 seconds
Fourth two files saved in 23.56 seconds
Fifth two files saved in 128.60 seconds
Time taken for MAM: 425.66 seconds
Calculating for JJA
First two files saved in 143.60 seconds
Second two files saved in 28.81 seconds
Third two files saved in 132.17 seconds
Fourth two files saved in 29.58 seconds
Fifth two files saved in 193.05 seconds
Time taken for JJA: 527.21 seconds
Calculating for SON
First two files saved in 145.81 seconds
Second two files saved in 24.08 seconds
Third two files saved in 137.57 seconds
Fourth two files saved in 26.61 seconds
Fifth two files saved in 140.72 seconds
Time taken for SON: 474.79 seconds
NetCDF files for UBB and ws saved
#executed by process	9 in 1914.12s	with status	0 : python /home/vdemeyer/TRACKING/KATJA/POSTPROCESSING/contribution_ETCs.py 2003 --sim UBB --var ws
Calculating for DJF
First two files saved in 136.62 seconds
Second two files saved in 19.73 seconds
Third two files saved in 119.48 seconds
Fourth two files saved in 23.82 seconds
Fifth two files saved in 168.74 seconds
Time taken for DJF: 468.39 seconds
Calculating for MAM
First two files saved in 134.38 seconds
Second two files saved in 19.11 seconds
Third two files saved in 119.80 seconds
Fourth two files saved in 24.27 seconds
Fifth two files saved in 131.86 seconds
Time taken for MAM: 429.42 seconds
Calculating for JJA
First two files saved in 138.86 seconds
Second two files saved in 27.05 seconds
Third two files saved in 131.23 seconds
Fourth two files saved in 30.29 seconds
Fifth two files saved in 195.63 seconds
Time taken for JJA: 523.06 seconds
Calculating for SON
First two files saved in 154.66 seconds
Second two files saved in 23.71 seconds
Third two files saved in 136.38 seconds
Fourth two files saved in 27.72 seconds
Fifth two files saved in 138.05 seconds
Time taken for SON: 480.53 seconds
NetCDF files for UBB and ws saved
#executed by process	8 in 1921.19s	with status	0 : python /home/vdemeyer/TRACKING/KATJA/POSTPROCESSING/contribution_ETCs.py 2004 --sim UBB --var ws
Calculating for DJF
First two files saved in 107.73 seconds
Second two files saved in 17.10 seconds
Third two files saved in 96.77 seconds
Fourth two files saved in 26.97 seconds
Fifth two files saved in 124.71 seconds
Time taken for DJF: 373.29 seconds
Calculating for MAM
First two files saved in 130.66 seconds
Second two files saved in 15.83 seconds
Third two files saved in 101.09 seconds
Fourth two files saved in 20.90 seconds
Fifth two files saved in 106.59 seconds
Time taken for MAM: 375.07 seconds
Calculating for JJA
First two files saved in 123.17 seconds
Second two files saved in 16.27 seconds
Third two files saved in 104.75 seconds
Fourth two files saved in 20.18 seconds
Fifth two files saved in 97.96 seconds
Time taken for JJA: 362.33 seconds
Calculating for SON
First two files saved in 116.90 seconds
Second two files saved in 16.85 seconds
Third two files saved in 117.33 seconds
Fourth two files saved in 26.64 seconds
Fifth two files saved in 106.90 seconds
Time taken for SON: 384.63 seconds
NetCDF files for UBB and ws saved
#executed by process	6 in 1513.88s	with status	0 : python /home/vdemeyer/TRACKING/KATJA/POSTPROCESSING/contribution_ETCs.py 2008 --sim UBB --var ws
Calculating for DJF
First two files saved in 111.18 seconds
Second two files saved in 12.86 seconds
Third two files saved in 94.78 seconds
Fourth two files saved in 16.98 seconds
Fifth two files saved in 116.94 seconds
Time taken for DJF: 352.74 seconds
Calculating for MAM
First two files saved in 101.88 seconds
Second two files saved in 15.28 seconds
Third two files saved in 92.33 seconds
Fourth two files saved in 19.31 seconds
Fifth two files saved in 90.39 seconds
Time taken for MAM: 319.19 seconds
Calculating for JJA
First two files saved in 104.31 seconds
Second two files saved in 20.65 seconds
Third two files saved in 113.65 seconds
Fourth two files saved in 17.45 seconds
Fifth two files saved in 87.49 seconds
Time taken for JJA: 343.53 seconds
Calculating for SON
First two files saved in 88.35 seconds
Second two files saved in 13.69 seconds
Third two files saved in 89.26 seconds
Fourth two files saved in 20.67 seconds
Fifth two files saved in 86.95 seconds
Time taken for SON: 298.93 seconds
NetCDF files for UBB and ws saved
#executed by process	1 in 1332.53s	with status	0 : python /home/vdemeyer/TRACKING/KATJA/POSTPROCESSING/contribution_ETCs.py 2009 --sim UBB --var ws
Calculating for DJF
First two files saved in 214.24 seconds
Second two files saved in 32.96 seconds
Third two files saved in 179.31 seconds
Fourth two files saved in 46.53 seconds
Fifth two files saved in 236.30 seconds
Time taken for DJF: 709.34 seconds
Calculating for MAM
First two files saved in 178.74 seconds
Second two files saved in 35.83 seconds
Third two files saved in 189.55 seconds
Fourth two files saved in 44.16 seconds
Fifth two files saved in 236.72 seconds
Time taken for MAM: 684.99 seconds
Calculating for JJA
First two files saved in 259.97 seconds
Second two files saved in 56.41 seconds
Third two files saved in 221.79 seconds
Fourth two files saved in 58.88 seconds
Fifth two files saved in 224.17 seconds
Time taken for JJA: 821.21 seconds
Calculating for SON
First two files saved in 230.03 seconds
Second two files saved in 52.57 seconds
Third two files saved in 241.59 seconds
Fourth two files saved in 55.09 seconds
Fifth two files saved in 241.60 seconds
Time taken for SON: 820.88 seconds
NetCDF files for UBB and ws saved
#executed by process	10 in 3058.64s	with status	0 : python /home/vdemeyer/TRACKING/KATJA/POSTPROCESSING/contribution_ETCs.py 1996 --sim UBB --var ws
Calculating for DJF
First two files saved in 215.26 seconds
Second two files saved in 26.12 seconds
Third two files saved in 183.74 seconds
Fourth two files saved in 42.53 seconds
Fifth two files saved in 245.22 seconds
Time taken for DJF: 712.88 seconds
Calculating for MAM
First two files saved in 171.30 seconds
Second two files saved in 37.16 seconds
Third two files saved in 192.49 seconds
Fourth two files saved in 45.41 seconds
Fifth two files saved in 231.01 seconds
Time taken for MAM: 677.37 seconds
Calculating for JJA
First two files saved in 264.01 seconds
Second two files saved in 51.19 seconds
Third two files saved in 231.28 seconds
Fourth two files saved in 52.70 seconds
Fifth two files saved in 228.72 seconds
Time taken for JJA: 827.90 seconds
Calculating for SON
First two files saved in 221.22 seconds
Second two files saved in 81.07 seconds
Third two files saved in 208.12 seconds
Fourth two files saved in 53.67 seconds
Fifth two files saved in 239.70 seconds
Time taken for SON: 803.78 seconds
NetCDF files for UBB and ws saved
#executed by process	11 in 3042.46s	with status	0 : python /home/vdemeyer/TRACKING/KATJA/POSTPROCESSING/contribution_ETCs.py 1998 --sim UBB --var ws
Calculating for DJF
First two files saved in 208.48 seconds
Second two files saved in 29.02 seconds
Third two files saved in 187.89 seconds
Fourth two files saved in 42.08 seconds
Fifth two files saved in 250.80 seconds
Time taken for DJF: 718.27 seconds
Calculating for MAM
First two files saved in 176.48 seconds
Second two files saved in 34.82 seconds
Third two files saved in 188.87 seconds
Fourth two files saved in 45.89 seconds
Fifth two files saved in 236.42 seconds
Time taken for MAM: 682.49 seconds
Calculating for JJA
First two files saved in 268.29 seconds
Second two files saved in 48.90 seconds
Third two files saved in 233.43 seconds
Fourth two files saved in 52.96 seconds
Fifth two files saved in 235.18 seconds
Time taken for JJA: 838.75 seconds
Calculating for SON
First two files saved in 226.44 seconds
Second two files saved in 85.87 seconds
Third two files saved in 224.17 seconds
Fourth two files saved in 48.31 seconds
Fifth two files saved in 228.60 seconds
Time taken for SON: 813.40 seconds
NetCDF files for UBB and ws saved
#executed by process	13 in 3074.17s	with status	0 : python /home/vdemeyer/TRACKING/KATJA/POSTPROCESSING/contribution_ETCs.py 1997 --sim UBB --var ws
Calculating for DJF
First two files saved in 113.27 seconds
Second two files saved in 19.16 seconds
Third two files saved in 97.63 seconds
Fourth two files saved in 17.87 seconds
Fifth two files saved in 130.52 seconds
Time taken for DJF: 378.46 seconds
Calculating for MAM
First two files saved in 104.71 seconds
Second two files saved in 15.00 seconds
Third two files saved in 88.33 seconds
Fourth two files saved in 18.87 seconds
Fifth two files saved in 102.27 seconds
Time taken for MAM: 329.17 seconds
Calculating for JJA
First two files saved in 109.95 seconds
Second two files saved in 15.74 seconds
Third two files saved in 94.58 seconds
Fourth two files saved in 19.44 seconds
Fifth two files saved in 94.62 seconds
Time taken for JJA: 334.32 seconds
Calculating for SON
First two files saved in 108.56 seconds
Second two files saved in 18.57 seconds
Third two files saved in 96.81 seconds
Fourth two files saved in 18.07 seconds
Fifth two files saved in 88.98 seconds
Time taken for SON: 330.99 seconds
NetCDF files for UBB and ws saved
#executed by process	7 in 1391.42s	with status	0 : python /home/vdemeyer/TRACKING/KATJA/POSTPROCESSING/contribution_ETCs.py 2013 --sim UBB --var ws
Calculating for DJF
First two files saved in 120.21 seconds
Second two files saved in 16.40 seconds
Third two files saved in 101.73 seconds
Fourth two files saved in 25.90 seconds
Fifth two files saved in 121.93 seconds
Time taken for DJF: 386.17 seconds
Calculating for MAM
First two files saved in 96.99 seconds
Second two files saved in 16.08 seconds
Third two files saved in 89.82 seconds
Fourth two files saved in 19.92 seconds
Fifth two files saved in 111.42 seconds
Time taken for MAM: 334.23 seconds
Calculating for JJA
First two files saved in 99.21 seconds
Second two files saved in 18.16 seconds
Third two files saved in 91.99 seconds
Fourth two files saved in 19.58 seconds
Fifth two files saved in 101.38 seconds
Time taken for JJA: 330.33 seconds
Calculating for SON
First two files saved in 109.58 seconds
Second two files saved in 15.55 seconds
Third two files saved in 94.62 seconds
Fourth two files saved in 21.56 seconds
Fifth two files saved in 90.58 seconds
Time taken for SON: 331.89 seconds
NetCDF files for UBB and ws saved
#executed by process	2 in 1400.26s	with status	0 : python /home/vdemeyer/TRACKING/KATJA/POSTPROCESSING/contribution_ETCs.py 2014 --sim UBB --var ws
Calculating for DJF
First two files saved in 127.27 seconds
Second two files saved in 23.32 seconds
Third two files saved in 119.17 seconds
Fourth two files saved in 23.76 seconds
Fifth two files saved in 155.94 seconds
Time taken for DJF: 449.47 seconds
Calculating for MAM
First two files saved in 134.96 seconds
Second two files saved in 19.75 seconds
Third two files saved in 110.17 seconds
Fourth two files saved in 26.68 seconds
Fifth two files saved in 140.17 seconds
Time taken for MAM: 431.73 seconds
Calculating for JJA
First two files saved in 133.94 seconds
Second two files saved in 19.15 seconds
Third two files saved in 117.08 seconds
Fourth two files saved in 26.31 seconds
Fifth two files saved in 145.27 seconds
Time taken for JJA: 441.76 seconds
Calculating for SON
First two files saved in 124.86 seconds
Second two files saved in 21.89 seconds
Third two files saved in 110.99 seconds
Fourth two files saved in 25.66 seconds
Fifth two files saved in 144.01 seconds
Time taken for SON: 427.41 seconds
NetCDF files for UBB and ws saved
#executed by process	3 in 1770.5s	with status	0 : python /home/vdemeyer/TRACKING/KATJA/POSTPROCESSING/contribution_ETCs.py 2010 --sim UBB --var ws
Calculating for DJF
First two files saved in 140.30 seconds
Second two files saved in 18.72 seconds
Third two files saved in 123.20 seconds
Fourth two files saved in 28.47 seconds
Fifth two files saved in 160.79 seconds
Time taken for DJF: 471.49 seconds
Calculating for MAM
First two files saved in 116.75 seconds
Second two files saved in 21.21 seconds
Third two files saved in 119.27 seconds
Fourth two files saved in 27.12 seconds
Fifth two files saved in 129.55 seconds
Time taken for MAM: 413.88 seconds
Calculating for JJA
First two files saved in 123.97 seconds
Second two files saved in 22.70 seconds
Third two files saved in 122.93 seconds
Fourth two files saved in 29.36 seconds
Fifth two files saved in 133.27 seconds
Time taken for JJA: 432.22 seconds
Calculating for SON
First two files saved in 124.16 seconds
Second two files saved in 19.86 seconds
Third two files saved in 123.42 seconds
Fourth two files saved in 24.96 seconds
Fifth two files saved in 118.18 seconds
Time taken for SON: 410.59 seconds
NetCDF files for UBB and ws saved
#executed by process	5 in 1747.14s	with status	0 : python /home/vdemeyer/TRACKING/KATJA/POSTPROCESSING/contribution_ETCs.py 2012 --sim UBB --var ws
Calculating for DJF
First two files saved in 130.70 seconds
Second two files saved in 25.27 seconds
Third two files saved in 119.44 seconds
Fourth two files saved in 26.92 seconds
Fifth two files saved in 160.88 seconds
Time taken for DJF: 463.22 seconds
Calculating for MAM
First two files saved in 116.34 seconds
Second two files saved in 21.80 seconds
Third two files saved in 114.72 seconds
Fourth two files saved in 28.95 seconds
Fifth two files saved in 142.42 seconds
Time taken for MAM: 424.22 seconds
Calculating for JJA
First two files saved in 119.47 seconds
Second two files saved in 22.76 seconds
Third two files saved in 126.49 seconds
Fourth two files saved in 26.53 seconds
Fifth two files saved in 148.39 seconds
Time taken for JJA: 443.64 seconds
Calculating for SON
First two files saved in 132.58 seconds
Second two files saved in 19.67 seconds
Third two files saved in 120.15 seconds
Fourth two files saved in 27.11 seconds
Fifth two files saved in 116.45 seconds
Time taken for SON: 415.97 seconds
NetCDF files for UBB and ws saved
#executed by process	4 in 1766.7s	with status	0 : python /home/vdemeyer/TRACKING/KATJA/POSTPROCESSING/contribution_ETCs.py 2011 --sim UBB --var ws
Calculating for DJF
First two files saved in 122.47 seconds
Second two files saved in 21.39 seconds
Third two files saved in 112.51 seconds
Fourth two files saved in 23.14 seconds
Fifth two files saved in 116.21 seconds
Time taken for DJF: 395.73 seconds
Calculating for MAM
First two files saved in 115.11 seconds
Second two files saved in 18.83 seconds
Third two files saved in 105.87 seconds
Fourth two files saved in 25.81 seconds
Fifth two files saved in 107.75 seconds
Time taken for MAM: 373.37 seconds
Calculating for JJA
First two files saved in 108.05 seconds
Second two files saved in 17.75 seconds
Third two files saved in 100.27 seconds
Fourth two files saved in 26.64 seconds
Fifth two files saved in 110.76 seconds
Time taken for JJA: 363.47 seconds
Calculating for SON
First two files saved in 92.68 seconds
Second two files saved in 14.80 seconds
Third two files saved in 93.51 seconds
Fourth two files saved in 21.71 seconds
Fifth two files saved in 91.33 seconds
Time taken for SON: 314.03 seconds
NetCDF files for UBB and ws saved
#executed by process	6 in 1464.29s	with status	0 : python /home/vdemeyer/TRACKING/KATJA/POSTPROCESSING/contribution_ETCs.py 2019 --sim UBB --var ws
Calculating for DJF
First two files saved in 62.67 seconds
Second two files saved in 22.62 seconds
Third two files saved in 32.49 seconds
Fourth two files saved in 8.20 seconds
Fifth two files saved in 41.11 seconds
Time taken for DJF: 167.08 seconds
Calculating for MAM
First two files saved in 9.57 seconds
Second two files saved in 5.32 seconds
Third two files saved in 3.37 seconds
Fourth two files saved in 2.11 seconds
Fifth two files saved in 13.17 seconds
Time taken for MAM: 33.53 seconds
Calculating for JJA
First two files saved in 7.24 seconds
Second two files saved in 5.40 seconds
Third two files saved in 3.98 seconds
Fourth two files saved in 2.56 seconds
Fifth two files saved in 5.04 seconds
Time taken for JJA: 24.22 seconds
Calculating for SON
First two files saved in 145.59 seconds
Second two files saved in 56.65 seconds
Third two files saved in 94.52 seconds
Fourth two files saved in 14.15 seconds
Fifth two files saved in 60.33 seconds
Time taken for SON: 371.24 seconds
NetCDF files for UBD and pr saved
#executed by process	7 in 605.848s	with status	0 : python /home/vdemeyer/TRACKING/KATJA/POSTPROCESSING/contribution_ETCs.py 1979 --sim UBD --var pr
Calculating for DJF
First two files saved in 189.66 seconds
Second two files saved in 38.24 seconds
Third two files saved in 208.68 seconds
Fourth two files saved in 48.93 seconds
Fifth two files saved in 283.92 seconds
Time taken for DJF: 769.42 seconds
Calculating for MAM
First two files saved in 221.12 seconds
Second two files saved in 58.08 seconds
Third two files saved in 201.45 seconds
Fourth two files saved in 48.41 seconds
Fifth two files saved in 240.41 seconds
Time taken for MAM: 769.47 seconds
Calculating for JJA
First two files saved in 245.92 seconds
Second two files saved in 49.20 seconds
Third two files saved in 208.58 seconds
Fourth two files saved in 56.77 seconds
Fifth two files saved in 211.30 seconds
Time taken for JJA: 771.77 seconds
Calculating for SON
First two files saved in 225.54 seconds
Second two files saved in 50.71 seconds
Third two files saved in 213.47 seconds
Fourth two files saved in 58.27 seconds
Fifth two files saved in 255.43 seconds
Time taken for SON: 803.42 seconds
NetCDF files for UBB and ws saved
#executed by process	12 in 3139.45s	with status	0 : python /home/vdemeyer/TRACKING/KATJA/POSTPROCESSING/contribution_ETCs.py 2007 --sim UBB --var ws
Calculating for DJF
First two files saved in 104.03 seconds
Second two files saved in 14.50 seconds
Third two files saved in 92.60 seconds
Fourth two files saved in 17.98 seconds
Fifth two files saved in 116.23 seconds
Time taken for DJF: 345.34 seconds
Calculating for MAM
First two files saved in 112.05 seconds
Second two files saved in 14.41 seconds
Third two files saved in 93.13 seconds
Fourth two files saved in 18.00 seconds
Fifth two files saved in 93.73 seconds
Time taken for MAM: 331.31 seconds
Calculating for JJA
First two files saved in 114.63 seconds
Second two files saved in 14.17 seconds
Third two files saved in 87.83 seconds
Fourth two files saved in 17.80 seconds
Fifth two files saved in 78.61 seconds
Time taken for JJA: 313.04 seconds
Calculating for SON
First two files saved in 94.01 seconds
Second two files saved in 13.93 seconds
Third two files saved in 81.24 seconds
Fourth two files saved in 19.88 seconds
Fifth two files saved in 85.13 seconds
Time taken for SON: 294.19 seconds
NetCDF files for UBB and ws saved
#executed by process	1 in 1301.61s	with status	0 : python /home/vdemeyer/TRACKING/KATJA/POSTPROCESSING/contribution_ETCs.py 2020 --sim UBB --var ws
Calculating for DJF
First two files saved in 144.44 seconds
Second two files saved in 25.12 seconds
Third two files saved in 136.59 seconds
Fourth two files saved in 29.94 seconds
Fifth two files saved in 175.77 seconds
Time taken for DJF: 511.85 seconds
Calculating for MAM
First two files saved in 139.75 seconds
Second two files saved in 23.75 seconds
Third two files saved in 129.07 seconds
Fourth two files saved in 27.39 seconds
Fifth two files saved in 133.69 seconds
Time taken for MAM: 453.64 seconds
Calculating for JJA
First two files saved in 137.92 seconds
Second two files saved in 24.68 seconds
Third two files saved in 129.14 seconds
Fourth two files saved in 29.72 seconds
Fifth two files saved in 136.55 seconds
Time taken for JJA: 458.00 seconds
Calculating for SON
First two files saved in 137.76 seconds
Second two files saved in 26.88 seconds
Third two files saved in 135.42 seconds
Fourth two files saved in 29.70 seconds
Fifth two files saved in 145.90 seconds
Time taken for SON: 475.66 seconds
NetCDF files for UBB and ws saved
#executed by process	8 in 1917.69s	with status	0 : python /home/vdemeyer/TRACKING/KATJA/POSTPROCESSING/contribution_ETCs.py 2018 --sim UBB --var ws
Calculating for DJF
First two files saved in 149.58 seconds
Second two files saved in 25.05 seconds
Third two files saved in 136.70 seconds
Fourth two files saved in 29.65 seconds
Fifth two files saved in 172.70 seconds
Time taken for DJF: 513.67 seconds
Calculating for MAM
First two files saved in 150.58 seconds
Second two files saved in 23.12 seconds
Third two files saved in 136.08 seconds
Fourth two files saved in 29.26 seconds
Fifth two files saved in 132.73 seconds
Time taken for MAM: 471.78 seconds
Calculating for JJA
First two files saved in 146.06 seconds
Second two files saved in 25.27 seconds
Third two files saved in 137.37 seconds
Fourth two files saved in 32.60 seconds
Fifth two files saved in 145.29 seconds
Time taken for JJA: 486.60 seconds
Calculating for SON
First two files saved in 145.30 seconds
Second two files saved in 26.46 seconds
Third two files saved in 136.10 seconds
Fourth two files saved in 33.76 seconds
Fifth two files saved in 134.85 seconds
Time taken for SON: 476.49 seconds
NetCDF files for UBB and ws saved
#executed by process	9 in 1970.01s	with status	0 : python /home/vdemeyer/TRACKING/KATJA/POSTPROCESSING/contribution_ETCs.py 2017 --sim UBB --var ws
Calculating for DJF
First two files saved in 179.80 seconds
Second two files saved in 42.36 seconds
Third two files saved in 219.99 seconds
Fourth two files saved in 49.95 seconds
Fifth two files saved in 212.96 seconds
Time taken for DJF: 705.06 seconds
Calculating for MAM
First two files saved in 203.39 seconds
Second two files saved in 45.87 seconds
Third two files saved in 180.43 seconds
Fourth two files saved in 48.78 seconds
Fifth two files saved in 211.23 seconds
Time taken for MAM: 689.69 seconds
Calculating for JJA
First two files saved in 199.99 seconds
Second two files saved in 44.69 seconds
Third two files saved in 184.49 seconds
Fourth two files saved in 48.76 seconds
Fifth two files saved in 188.03 seconds
Time taken for JJA: 665.96 seconds
Calculating for SON
First two files saved in 175.15 seconds
Second two files saved in 34.09 seconds
Third two files saved in 180.28 seconds
Fourth two files saved in 66.14 seconds
Fifth two files saved in 197.91 seconds
Time taken for SON: 653.57 seconds
NetCDF files for UBB and ws saved
#executed by process	15 in 2741.1s	with status	0 : python /home/vdemeyer/TRACKING/KATJA/POSTPROCESSING/contribution_ETCs.py 2015 --sim UBB --var ws
Calculating for DJF
First two files saved in 198.17 seconds
Second two files saved in 38.51 seconds
Third two files saved in 232.55 seconds
Fourth two files saved in 59.07 seconds
Fifth two files saved in 213.50 seconds
Time taken for DJF: 741.79 seconds
Calculating for MAM
First two files saved in 220.34 seconds
Second two files saved in 38.28 seconds
Third two files saved in 190.56 seconds
Fourth two files saved in 45.46 seconds
Fifth two files saved in 212.86 seconds
Time taken for MAM: 707.50 seconds
Calculating for JJA
First two files saved in 196.87 seconds
Second two files saved in 42.43 seconds
Third two files saved in 189.90 seconds
Fourth two files saved in 48.12 seconds
Fifth two files saved in 166.60 seconds
Time taken for JJA: 643.93 seconds
Calculating for SON
First two files saved in 179.62 seconds
Second two files saved in 37.67 seconds
Third two files saved in 213.65 seconds
Fourth two files saved in 48.18 seconds
Fifth two files saved in 176.76 seconds
Time taken for SON: 655.88 seconds
NetCDF files for UBB and ws saved
#executed by process	14 in 2774.62s	with status	0 : python /home/vdemeyer/TRACKING/KATJA/POSTPROCESSING/contribution_ETCs.py 2016 --sim UBB --var ws
Calculating for DJF
First two files saved in 215.01 seconds
Second two files saved in 62.83 seconds
Third two files saved in 83.99 seconds
Fourth two files saved in 17.79 seconds
Fifth two files saved in 107.71 seconds
Time taken for DJF: 487.33 seconds
Calculating for MAM
First two files saved in 163.39 seconds
Second two files saved in 61.37 seconds
Third two files saved in 99.62 seconds
Fourth two files saved in 17.66 seconds
Fifth two files saved in 92.16 seconds
Time taken for MAM: 434.20 seconds
Calculating for JJA
First two files saved in 182.08 seconds
Second two files saved in 63.11 seconds
Third two files saved in 89.94 seconds
Fourth two files saved in 18.26 seconds
Fifth two files saved in 99.27 seconds
Time taken for JJA: 452.66 seconds
Calculating for SON
First two files saved in 175.09 seconds
Second two files saved in 61.41 seconds
Third two files saved in 92.87 seconds
Fourth two files saved in 19.04 seconds
Fifth two files saved in 101.22 seconds
Time taken for SON: 449.64 seconds
NetCDF files for UBD and pr saved
#executed by process	2 in 1842.83s	with status	0 : python /home/vdemeyer/TRACKING/KATJA/POSTPROCESSING/contribution_ETCs.py 1980 --sim UBD --var pr
Calculating for DJF
First two files saved in 215.90 seconds
Second two files saved in 70.62 seconds
Third two files saved in 97.65 seconds
Fourth two files saved in 22.64 seconds
Fifth two files saved in 137.51 seconds
Time taken for DJF: 544.31 seconds
Calculating for MAM
First two files saved in 201.60 seconds
Second two files saved in 68.65 seconds
Third two files saved in 96.33 seconds
Fourth two files saved in 22.82 seconds
Fifth two files saved in 108.61 seconds
Time taken for MAM: 498.03 seconds
Calculating for JJA
First two files saved in 198.86 seconds
Second two files saved in 67.73 seconds
Third two files saved in 94.43 seconds
Fourth two files saved in 23.56 seconds
Fifth two files saved in 126.51 seconds
Time taken for JJA: 511.09 seconds
Calculating for SON
First two files saved in 198.81 seconds
Second two files saved in 67.22 seconds
Third two files saved in 99.17 seconds
Fourth two files saved in 23.75 seconds
Fifth two files saved in 135.89 seconds
Time taken for SON: 524.84 seconds
NetCDF files for UBD and pr saved
#executed by process	3 in 2100.51s	with status	0 : python /home/vdemeyer/TRACKING/KATJA/POSTPROCESSING/contribution_ETCs.py 1981 --sim UBD --var pr
Calculating for DJF
First two files saved in 212.74 seconds
Second two files saved in 61.83 seconds
Third two files saved in 92.60 seconds
Fourth two files saved in 17.14 seconds
Fifth two files saved in 98.04 seconds
Time taken for DJF: 482.35 seconds
Calculating for MAM
First two files saved in 185.14 seconds
Second two files saved in 63.88 seconds
Third two files saved in 89.18 seconds
Fourth two files saved in 17.00 seconds
Fifth two files saved in 85.90 seconds
Time taken for MAM: 441.10 seconds
Calculating for JJA
First two files saved in 164.09 seconds
Second two files saved in 61.41 seconds
Third two files saved in 100.66 seconds
Fourth two files saved in 19.94 seconds
Fifth two files saved in 89.08 seconds
Time taken for JJA: 435.19 seconds
Calculating for SON
First two files saved in 159.88 seconds
Second two files saved in 62.41 seconds
Third two files saved in 92.04 seconds
Fourth two files saved in 21.96 seconds
Fifth two files saved in 106.47 seconds
Time taken for SON: 442.77 seconds
NetCDF files for UBD and pr saved
#executed by process	7 in 1819.59s	with status	0 : python /home/vdemeyer/TRACKING/KATJA/POSTPROCESSING/contribution_ETCs.py 1985 --sim UBD --var pr
Calculating for DJF
First two files saved in 223.31 seconds
Second two files saved in 64.93 seconds
Third two files saved in 111.48 seconds
Fourth two files saved in 23.14 seconds
Fifth two files saved in 125.10 seconds
Time taken for DJF: 547.96 seconds
Calculating for MAM
First two files saved in 217.17 seconds
Second two files saved in 66.35 seconds
Third two files saved in 107.74 seconds
Fourth two files saved in 23.62 seconds
Fifth two files saved in 117.90 seconds
Time taken for MAM: 532.78 seconds
Calculating for JJA
First two files saved in 183.04 seconds
Second two files saved in 67.54 seconds
Third two files saved in 106.82 seconds
Fourth two files saved in 29.52 seconds
Fifth two files saved in 115.90 seconds
Time taken for JJA: 502.82 seconds
Calculating for SON
First two files saved in 177.97 seconds
Second two files saved in 69.36 seconds
Third two files saved in 112.34 seconds
Fourth two files saved in 29.30 seconds
Fifth two files saved in 127.83 seconds
Time taken for SON: 516.80 seconds
NetCDF files for UBD and pr saved
Calculating for DJF
First two files saved in 219.00 seconds
Second two files saved in 65.52 seconds
Third two files saved in 113.74 seconds
Fourth two files saved in 23.01 seconds
Fifth two files saved in 122.60 seconds
Time taken for DJF: 543.87 seconds
Calculating for MAM
First two files saved in 210.36 seconds
Second two files saved in 66.21 seconds
Third two files saved in 106.93 seconds
Fourth two files saved in 22.37 seconds
Fifth two files saved in 121.04 seconds
Time taken for MAM: 526.92 seconds
Calculating for JJA
First two files saved in 175.36 seconds
Second two files saved in 67.72 seconds
Third two files saved in 110.30 seconds
Fourth two files saved in 23.59 seconds
Fifth two files saved in 122.85 seconds
Time taken for JJA: 499.82 seconds
Calculating for SON
First two files saved in 192.31 seconds
Second two files saved in 69.41 seconds
Third two files saved in 113.05 seconds
Fourth two files saved in 27.37 seconds
Fifth two files saved in 126.23 seconds
Time taken for SON: 528.37 seconds
NetCDF files for UBD and pr saved
#executed by process	5 in 2119.54s	with status	0 : python /home/vdemeyer/TRACKING/KATJA/POSTPROCESSING/contribution_ETCs.py 1982 --sim UBD --var pr
#executed by process	4 in 2117.56s	with status	0 : python /home/vdemeyer/TRACKING/KATJA/POSTPROCESSING/contribution_ETCs.py 1983 --sim UBD --var pr
Calculating for DJF
First two files saved in 208.27 seconds
Second two files saved in 64.79 seconds
Third two files saved in 100.58 seconds
Fourth two files saved in 18.25 seconds
Fifth two files saved in 102.71 seconds
Time taken for DJF: 494.60 seconds
Calculating for MAM
First two files saved in 191.97 seconds
Second two files saved in 66.74 seconds
Third two files saved in 98.48 seconds
Fourth two files saved in 18.31 seconds
Fifth two files saved in 92.12 seconds
Time taken for MAM: 467.62 seconds
Calculating for JJA
First two files saved in 181.55 seconds
Second two files saved in 67.91 seconds
Third two files saved in 98.79 seconds
Fourth two files saved in 18.74 seconds
Fifth two files saved in 97.65 seconds
Time taken for JJA: 464.65 seconds
Calculating for SON
First two files saved in 173.22 seconds
Second two files saved in 67.09 seconds
Third two files saved in 110.92 seconds
Fourth two files saved in 19.76 seconds
Fifth two files saved in 89.82 seconds
Time taken for SON: 460.82 seconds
NetCDF files for UBD and pr saved
#executed by process	6 in 1907.02s	with status	0 : python /home/vdemeyer/TRACKING/KATJA/POSTPROCESSING/contribution_ETCs.py 1984 --sim UBD --var pr
Calculating for DJF
First two files saved in 217.00 seconds
Second two files saved in 62.37 seconds
Third two files saved in 88.46 seconds
Fourth two files saved in 17.05 seconds
Fifth two files saved in 99.62 seconds
Time taken for DJF: 484.49 seconds
Calculating for MAM
First two files saved in 185.16 seconds
Second two files saved in 58.87 seconds
Third two files saved in 84.89 seconds
Fourth two files saved in 17.48 seconds
Fifth two files saved in 75.39 seconds
Time taken for MAM: 421.79 seconds
Calculating for JJA
First two files saved in 199.95 seconds
Second two files saved in 60.33 seconds
Third two files saved in 90.60 seconds
Fourth two files saved in 17.12 seconds
Fifth two files saved in 74.91 seconds
Time taken for JJA: 442.92 seconds
Calculating for SON
First two files saved in 183.93 seconds
Second two files saved in 65.82 seconds
Third two files saved in 88.00 seconds
Fourth two files saved in 16.70 seconds
Fifth two files saved in 72.88 seconds
Time taken for SON: 427.33 seconds
NetCDF files for UBD and pr saved
#executed by process	1 in 1794.71s	with status	0 : python /home/vdemeyer/TRACKING/KATJA/POSTPROCESSING/contribution_ETCs.py 1987 --sim UBD --var pr
Calculating for DJF
First two files saved in 217.11 seconds
Second two files saved in 47.93 seconds
Third two files saved in 213.04 seconds
Fourth two files saved in 52.74 seconds
Fifth two files saved in 251.34 seconds
Time taken for DJF: 782.17 seconds
Calculating for MAM
First two files saved in 218.24 seconds
Second two files saved in 36.33 seconds
Third two files saved in 175.49 seconds
Fourth two files saved in 42.72 seconds
Fifth two files saved in 227.51 seconds
Time taken for MAM: 700.29 seconds
Calculating for JJA
First two files saved in 239.05 seconds
Second two files saved in 42.12 seconds
Third two files saved in 169.34 seconds
Fourth two files saved in 45.94 seconds
Fifth two files saved in 226.17 seconds
Time taken for JJA: 722.61 seconds
Calculating for SON
First two files saved in 203.80 seconds
Second two files saved in 41.71 seconds
Third two files saved in 203.76 seconds
Fourth two files saved in 50.82 seconds
Fifth two files saved in 223.81 seconds
Time taken for SON: 723.91 seconds
NetCDF files for UBB and ws saved
#executed by process	11 in 2952.05s	with status	0 : python /home/vdemeyer/TRACKING/KATJA/POSTPROCESSING/contribution_ETCs.py 2022 --sim UBB --var ws
Calculating for DJF
First two files saved in 208.50 seconds
Second two files saved in 43.96 seconds
Third two files saved in 224.92 seconds
Fourth two files saved in 47.43 seconds
Fifth two files saved in 253.03 seconds
Time taken for DJF: 777.84 seconds
Calculating for MAM
First two files saved in 212.32 seconds
Second two files saved in 30.77 seconds
Third two files saved in 169.20 seconds
Fourth two files saved in 43.79 seconds
Fifth two files saved in 219.51 seconds
Time taken for MAM: 675.59 seconds
Calculating for JJA
First two files saved in 239.27 seconds
Second two files saved in 40.37 seconds
Third two files saved in 169.27 seconds
Fourth two files saved in 45.89 seconds
Fifth two files saved in 226.87 seconds
Time taken for JJA: 721.66 seconds
Calculating for SON
First two files saved in 192.77 seconds
Second two files saved in 43.09 seconds
Third two files saved in 221.38 seconds
Fourth two files saved in 81.65 seconds
Fifth two files saved in 191.79 seconds
Time taken for SON: 730.67 seconds
NetCDF files for UBB and ws saved
#executed by process	13 in 2935.08s	with status	0 : python /home/vdemeyer/TRACKING/KATJA/POSTPROCESSING/contribution_ETCs.py 2023 --sim UBB --var ws
Calculating for DJF
First two files saved in 211.21 seconds
Second two files saved in 50.40 seconds
Third two files saved in 217.63 seconds
Fourth two files saved in 52.17 seconds
Fifth two files saved in 250.50 seconds
Time taken for DJF: 781.90 seconds
Calculating for MAM
First two files saved in 214.09 seconds
Second two files saved in 39.74 seconds
Third two files saved in 170.10 seconds
Fourth two files saved in 44.88 seconds
Fifth two files saved in 225.95 seconds
Time taken for MAM: 694.76 seconds
Calculating for JJA
First two files saved in 242.72 seconds
Second two files saved in 42.08 seconds
Third two files saved in 167.91 seconds
Fourth two files saved in 46.60 seconds
Fifth two files saved in 238.96 seconds
Time taken for JJA: 738.26 seconds
Calculating for SON
First two files saved in 203.21 seconds
Second two files saved in 43.20 seconds
Third two files saved in 207.16 seconds
Fourth two files saved in 82.67 seconds
Fifth two files saved in 194.19 seconds
Time taken for SON: 730.44 seconds
NetCDF files for UBB and ws saved
#executed by process	10 in 2968.74s	with status	0 : python /home/vdemeyer/TRACKING/KATJA/POSTPROCESSING/contribution_ETCs.py 2021 --sim UBB --var ws
Calculating for DJF
First two files saved in 197.85 seconds
Second two files saved in 74.82 seconds
Third two files saved in 131.39 seconds
Fourth two files saved in 31.98 seconds
Fifth two files saved in 177.80 seconds
Time taken for DJF: 613.84 seconds
Calculating for MAM
First two files saved in 204.38 seconds
Second two files saved in 73.67 seconds
Third two files saved in 130.84 seconds
Fourth two files saved in 31.63 seconds
Fifth two files saved in 144.76 seconds
Time taken for MAM: 585.28 seconds
Calculating for JJA
First two files saved in 208.70 seconds
Second two files saved in 77.77 seconds
Third two files saved in 137.37 seconds
Fourth two files saved in 32.91 seconds
Fifth two files saved in 186.00 seconds
Time taken for JJA: 642.74 seconds
Calculating for SON
First two files saved in 198.90 seconds
Second two files saved in 76.58 seconds
Third two files saved in 135.99 seconds
Fourth two files saved in 28.46 seconds
Fifth two files saved in 143.86 seconds
Time taken for SON: 583.80 seconds
NetCDF files for UBD and pr saved
#executed by process	8 in 2449.28s	with status	0 : python /home/vdemeyer/TRACKING/KATJA/POSTPROCESSING/contribution_ETCs.py 1988 --sim UBD --var pr
Calculating for DJF
First two files saved in 206.99 seconds
Second two files saved in 76.24 seconds
Third two files saved in 134.29 seconds
Fourth two files saved in 29.38 seconds
Fifth two files saved in 162.42 seconds
Time taken for DJF: 609.31 seconds
Calculating for MAM
First two files saved in 192.50 seconds
Second two files saved in 73.45 seconds
Third two files saved in 132.82 seconds
Fourth two files saved in 29.33 seconds
Fifth two files saved in 138.26 seconds
Time taken for MAM: 566.36 seconds
Calculating for JJA
First two files saved in 209.31 seconds
Second two files saved in 76.38 seconds
Third two files saved in 137.63 seconds
Fourth two files saved in 33.59 seconds
Fifth two files saved in 179.34 seconds
Time taken for JJA: 636.25 seconds
Calculating for SON
First two files saved in 209.52 seconds
Second two files saved in 77.32 seconds
Third two files saved in 136.04 seconds
Fourth two files saved in 26.44 seconds
Fifth two files saved in 138.63 seconds
Time taken for SON: 587.95 seconds
NetCDF files for UBD and pr saved
#executed by process	9 in 2421.81s	with status	0 : python /home/vdemeyer/TRACKING/KATJA/POSTPROCESSING/contribution_ETCs.py 1989 --sim UBD --var pr
Calculating for DJF
First two files saved in 190.04 seconds
Second two files saved in 60.70 seconds
Third two files saved in 97.52 seconds
Fourth two files saved in 21.95 seconds
Fifth two files saved in 119.00 seconds
Time taken for DJF: 489.21 seconds
Calculating for MAM
First two files saved in 170.67 seconds
Second two files saved in 60.80 seconds
Third two files saved in 82.42 seconds
Fourth two files saved in 18.86 seconds
Fifth two files saved in 120.06 seconds
Time taken for MAM: 452.81 seconds
Calculating for JJA
First two files saved in 203.41 seconds
Second two files saved in 60.97 seconds
Third two files saved in 83.66 seconds
Fourth two files saved in 17.73 seconds
Fifth two files saved in 90.16 seconds
Time taken for JJA: 455.93 seconds
Calculating for SON
First two files saved in 202.02 seconds
Second two files saved in 62.23 seconds
Third two files saved in 82.07 seconds
Fourth two files saved in 18.07 seconds
Fifth two files saved in 90.07 seconds
Time taken for SON: 454.47 seconds
NetCDF files for UBD and pr saved
#executed by process	2 in 1871.9s	with status	0 : python /home/vdemeyer/TRACKING/KATJA/POSTPROCESSING/contribution_ETCs.py 1992 --sim UBD --var pr
Calculating for DJF
First two files saved in 277.20 seconds
Second two files saved in 121.65 seconds
Third two files saved in 227.66 seconds
Fourth two files saved in 47.14 seconds
Fifth two files saved in 194.36 seconds
Time taken for DJF: 868.01 seconds
Calculating for MAM
First two files saved in 278.89 seconds
Second two files saved in 112.59 seconds
Third two files saved in 189.31 seconds
Fourth two files saved in 41.91 seconds
Fifth two files saved in 258.66 seconds
Time taken for MAM: 881.37 seconds
Calculating for JJA
First two files saved in 246.79 seconds
Second two files saved in 92.42 seconds
Third two files saved in 176.40 seconds
Fourth two files saved in 34.80 seconds
Fifth two files saved in 202.52 seconds
Time taken for JJA: 752.93 seconds
Calculating for SON
First two files saved in 284.49 seconds
Second two files saved in 93.44 seconds
Third two files saved in 168.95 seconds
Fourth two files saved in 37.34 seconds
Fifth two files saved in 183.19 seconds
Time taken for SON: 767.41 seconds
NetCDF files for UBD and pr saved
#executed by process	12 in 3297.19s	with status	0 : python /home/vdemeyer/TRACKING/KATJA/POSTPROCESSING/contribution_ETCs.py 1986 --sim UBD --var pr
Calculating for DJF
First two files saved in 168.53 seconds
Second two files saved in 59.71 seconds
Third two files saved in 91.74 seconds
Fourth two files saved in 22.93 seconds
Fifth two files saved in 121.82 seconds
Time taken for DJF: 464.73 seconds
Calculating for MAM
First two files saved in 179.08 seconds
Second two files saved in 59.16 seconds
Third two files saved in 82.51 seconds
Fourth two files saved in 19.00 seconds
Fifth two files saved in 96.48 seconds
Time taken for MAM: 436.23 seconds
Calculating for JJA
First two files saved in 183.47 seconds
Second two files saved in 60.52 seconds
Third two files saved in 81.90 seconds
Fourth two files saved in 19.47 seconds
Fifth two files saved in 94.92 seconds
Time taken for JJA: 440.28 seconds
Calculating for SON
First two files saved in 192.62 seconds
Second two files saved in 61.23 seconds
Third two files saved in 82.37 seconds
Fourth two files saved in 17.69 seconds
Fifth two files saved in 104.90 seconds
Time taken for SON: 458.81 seconds
NetCDF files for UBD and pr saved
#executed by process	7 in 1819.82s	with status	0 : python /home/vdemeyer/TRACKING/KATJA/POSTPROCESSING/contribution_ETCs.py 1994 --sim UBD --var pr
Calculating for DJF
First two files saved in 165.24 seconds
Second two files saved in 62.11 seconds
Third two files saved in 120.83 seconds
Fourth two files saved in 19.13 seconds
Fifth two files saved in 109.55 seconds
Time taken for DJF: 476.87 seconds
Calculating for MAM
First two files saved in 154.12 seconds
Second two files saved in 58.42 seconds
Third two files saved in 88.54 seconds
Fourth two files saved in 17.96 seconds
Fifth two files saved in 92.41 seconds
Time taken for MAM: 411.45 seconds
Calculating for JJA
First two files saved in 157.88 seconds
Second two files saved in 59.11 seconds
Third two files saved in 90.53 seconds
Fourth two files saved in 17.75 seconds
Fifth two files saved in 90.75 seconds
Time taken for JJA: 416.02 seconds
Calculating for SON
First two files saved in 170.65 seconds
Second two files saved in 60.18 seconds
Third two files saved in 81.19 seconds
Fourth two files saved in 20.82 seconds
Fifth two files saved in 85.81 seconds
Time taken for SON: 418.64 seconds
NetCDF files for UBD and pr saved
#executed by process	1 in 1740.99s	with status	0 : python /home/vdemeyer/TRACKING/KATJA/POSTPROCESSING/contribution_ETCs.py 1998 --sim UBD --var pr
Calculating for DJF
First two files saved in 170.06 seconds
Second two files saved in 63.96 seconds
Third two files saved in 111.04 seconds
Fourth two files saved in 28.13 seconds
Fifth two files saved in 128.60 seconds
Time taken for DJF: 501.80 seconds
Calculating for MAM
First two files saved in 155.95 seconds
Second two files saved in 61.52 seconds
Third two files saved in 101.06 seconds
Fourth two files saved in 23.39 seconds
Fifth two files saved in 106.82 seconds
Time taken for MAM: 448.74 seconds
Calculating for JJA
First two files saved in 168.67 seconds
Second two files saved in 62.87 seconds
Third two files saved in 100.80 seconds
Fourth two files saved in 20.01 seconds
Fifth two files saved in 112.35 seconds
Time taken for JJA: 464.70 seconds
Calculating for SON
First two files saved in 168.56 seconds
Second two files saved in 63.24 seconds
Third two files saved in 103.35 seconds
Fourth two files saved in 19.54 seconds
Fifth two files saved in 99.58 seconds
Time taken for SON: 454.26 seconds
NetCDF files for UBD and pr saved
#executed by process	6 in 1888.21s	with status	0 : python /home/vdemeyer/TRACKING/KATJA/POSTPROCESSING/contribution_ETCs.py 1997 --sim UBD --var pr
Calculating for DJF
First two files saved in 236.71 seconds
Second two files saved in 102.22 seconds
Third two files saved in 168.67 seconds
Fourth two files saved in 39.32 seconds
Fifth two files saved in 184.54 seconds
Time taken for DJF: 731.46 seconds
Calculating for MAM
First two files saved in 308.46 seconds
Second two files saved in 107.09 seconds
Third two files saved in 139.17 seconds
Fourth two files saved in 32.38 seconds
Fifth two files saved in 167.38 seconds
Time taken for MAM: 754.48 seconds
Calculating for JJA
First two files saved in 226.84 seconds
Second two files saved in 124.71 seconds
Third two files saved in 143.37 seconds
Fourth two files saved in 30.43 seconds
Fifth two files saved in 162.42 seconds
Time taken for JJA: 687.77 seconds
Calculating for SON
First two files saved in 227.68 seconds
Second two files saved in 83.96 seconds
Third two files saved in 153.77 seconds
Fourth two files saved in 42.70 seconds
Fifth two files saved in 193.17 seconds
Time taken for SON: 701.28 seconds
NetCDF files for UBD and pr saved
#executed by process	15 in 2906.5s	with status	0 : python /home/vdemeyer/TRACKING/KATJA/POSTPROCESSING/contribution_ETCs.py 1990 --sim UBD --var pr
Calculating for DJF
First two files saved in 178.55 seconds
Second two files saved in 66.77 seconds
Third two files saved in 90.98 seconds
Fourth two files saved in 26.44 seconds
Fifth two files saved in 151.68 seconds
Time taken for DJF: 514.42 seconds
Calculating for MAM
First two files saved in 195.36 seconds
Second two files saved in 66.84 seconds
Third two files saved in 94.78 seconds
Fourth two files saved in 26.33 seconds
Fifth two files saved in 143.85 seconds
Time taken for MAM: 527.16 seconds
Calculating for JJA
First two files saved in 176.37 seconds
Second two files saved in 67.50 seconds
Third two files saved in 106.30 seconds
Fourth two files saved in 26.26 seconds
Fifth two files saved in 132.48 seconds
Time taken for JJA: 508.90 seconds
Calculating for SON
First two files saved in 169.27 seconds
Second two files saved in 70.75 seconds
Third two files saved in 106.22 seconds
Fourth two files saved in 27.35 seconds
Fifth two files saved in 121.31 seconds
Time taken for SON: 494.90 seconds
NetCDF files for UBD and pr saved
#executed by process	3 in 2068.23s	with status	0 : python /home/vdemeyer/TRACKING/KATJA/POSTPROCESSING/contribution_ETCs.py 1993 --sim UBD --var pr
Calculating for DJF
First two files saved in 239.23 seconds
Second two files saved in 96.99 seconds
Third two files saved in 170.63 seconds
Fourth two files saved in 38.30 seconds
Fifth two files saved in 182.28 seconds
Time taken for DJF: 727.42 seconds
Calculating for MAM
First two files saved in 288.18 seconds
Second two files saved in 93.87 seconds
Third two files saved in 141.65 seconds
Fourth two files saved in 30.53 seconds
Fifth two files saved in 173.26 seconds
Time taken for MAM: 727.48 seconds
Calculating for JJA
First two files saved in 222.89 seconds
Second two files saved in 140.67 seconds
Third two files saved in 150.07 seconds
Fourth two files saved in 34.20 seconds
Fifth two files saved in 161.80 seconds
Time taken for JJA: 709.63 seconds
Calculating for SON
First two files saved in 215.61 seconds
Second two files saved in 83.59 seconds
Third two files saved in 167.65 seconds
Fourth two files saved in 36.18 seconds
Fifth two files saved in 194.89 seconds
Time taken for SON: 697.93 seconds
NetCDF files for UBD and pr saved
#executed by process	14 in 2883.82s	with status	0 : python /home/vdemeyer/TRACKING/KATJA/POSTPROCESSING/contribution_ETCs.py 1991 --sim UBD --var pr
Calculating for DJF
First two files saved in 181.48 seconds
Second two files saved in 68.28 seconds
Third two files saved in 129.37 seconds
Fourth two files saved in 29.03 seconds
Fifth two files saved in 150.54 seconds
Time taken for DJF: 558.70 seconds
Calculating for MAM
First two files saved in 169.53 seconds
Second two files saved in 67.46 seconds
Third two files saved in 125.52 seconds
Fourth two files saved in 25.62 seconds
Fifth two files saved in 107.74 seconds
Time taken for MAM: 495.87 seconds
Calculating for JJA
First two files saved in 176.01 seconds
Second two files saved in 71.41 seconds
Third two files saved in 116.86 seconds
Fourth two files saved in 29.71 seconds
Fifth two files saved in 100.75 seconds
Time taken for JJA: 494.74 seconds
Calculating for SON
First two files saved in 175.82 seconds
Second two files saved in 75.52 seconds
Third two files saved in 112.50 seconds
Fourth two files saved in 20.84 seconds
Fifth two files saved in 97.76 seconds
Time taken for SON: 482.43 seconds
NetCDF files for UBD and pr saved
#executed by process	5 in 2050.96s	with status	0 : python /home/vdemeyer/TRACKING/KATJA/POSTPROCESSING/contribution_ETCs.py 1995 --sim UBD --var pr
Calculating for DJF
First two files saved in 185.12 seconds
Second two files saved in 68.30 seconds
Third two files saved in 125.43 seconds
Fourth two files saved in 29.07 seconds
Fifth two files saved in 153.56 seconds
Time taken for DJF: 561.48 seconds
Calculating for MAM
First two files saved in 168.81 seconds
Second two files saved in 68.42 seconds
Third two files saved in 117.16 seconds
Fourth two files saved in 27.95 seconds
Fifth two files saved in 110.43 seconds
Time taken for MAM: 492.77 seconds
Calculating for JJA
First two files saved in 174.84 seconds
Second two files saved in 72.91 seconds
Third two files saved in 116.55 seconds
Fourth two files saved in 29.98 seconds
Fifth two files saved in 104.75 seconds
Time taken for JJA: 499.02 seconds
Calculating for SON
First two files saved in 194.89 seconds
Second two files saved in 74.08 seconds
Third two files saved in 109.91 seconds
Fourth two files saved in 25.15 seconds
Fifth two files saved in 90.52 seconds
Time taken for SON: 494.56 seconds
NetCDF files for UBD and pr saved
#executed by process	4 in 2066.22s	with status	0 : python /home/vdemeyer/TRACKING/KATJA/POSTPROCESSING/contribution_ETCs.py 1996 --sim UBD --var pr
Calculating for DJF
First two files saved in 216.59 seconds
Second two files saved in 60.64 seconds
Third two files saved in 83.80 seconds
Fourth two files saved in 17.36 seconds
Fifth two files saved in 113.34 seconds
Time taken for DJF: 491.73 seconds
Calculating for MAM
First two files saved in 179.42 seconds
Second two files saved in 60.34 seconds
Third two files saved in 85.51 seconds
Fourth two files saved in 17.90 seconds
Fifth two files saved in 104.07 seconds
Time taken for MAM: 447.24 seconds
Calculating for JJA
First two files saved in 184.67 seconds
Second two files saved in 62.09 seconds
Third two files saved in 106.26 seconds
Fourth two files saved in 18.57 seconds
Fifth two files saved in 87.11 seconds
Time taken for JJA: 458.71 seconds
Calculating for SON
First two files saved in 162.45 seconds
Second two files saved in 62.25 seconds
Third two files saved in 96.77 seconds
Fourth two files saved in 20.89 seconds
Fifth two files saved in 96.07 seconds
Time taken for SON: 438.42 seconds
NetCDF files for UBD and pr saved
#executed by process	2 in 1855.4s	with status	0 : python /home/vdemeyer/TRACKING/KATJA/POSTPROCESSING/contribution_ETCs.py 2004 --sim UBD --var pr
Calculating for DJF
First two files saved in 244.42 seconds
Second two files saved in 71.04 seconds
Third two files saved in 132.10 seconds
Fourth two files saved in 28.18 seconds
Fifth two files saved in 130.52 seconds
Time taken for DJF: 606.26 seconds
Calculating for MAM
First two files saved in 192.37 seconds
Second two files saved in 74.24 seconds
Third two files saved in 133.07 seconds
Fourth two files saved in 28.72 seconds
Fifth two files saved in 165.68 seconds
Time taken for MAM: 594.08 seconds
Calculating for JJA
First two files saved in 202.62 seconds
Second two files saved in 78.15 seconds
Third two files saved in 138.51 seconds
Fourth two files saved in 33.44 seconds
Fifth two files saved in 176.49 seconds
Time taken for JJA: 629.22 seconds
Calculating for SON
First two files saved in 196.97 seconds
Second two files saved in 75.70 seconds
Third two files saved in 130.36 seconds
Fourth two files saved in 30.71 seconds
Fifth two files saved in 193.33 seconds
Time taken for SON: 627.07 seconds
NetCDF files for UBD and pr saved
#executed by process	9 in 2475.48s	with status	0 : python /home/vdemeyer/TRACKING/KATJA/POSTPROCESSING/contribution_ETCs.py 2003 --sim UBD --var pr
Calculating for DJF
First two files saved in 260.36 seconds
Second two files saved in 71.78 seconds
Third two files saved in 135.19 seconds
Fourth two files saved in 28.73 seconds
Fifth two files saved in 133.43 seconds
Time taken for DJF: 629.49 seconds
Calculating for MAM
First two files saved in 190.44 seconds
Second two files saved in 76.45 seconds
Third two files saved in 134.35 seconds
Fourth two files saved in 29.38 seconds
Fifth two files saved in 164.75 seconds
Time taken for MAM: 595.37 seconds
Calculating for JJA
First two files saved in 207.39 seconds
Second two files saved in 77.25 seconds
Third two files saved in 145.53 seconds
Fourth two files saved in 32.37 seconds
Fifth two files saved in 179.39 seconds
Time taken for JJA: 641.93 seconds
Calculating for SON
First two files saved in 191.68 seconds
Second two files saved in 76.54 seconds
Third two files saved in 134.29 seconds
Fourth two files saved in 31.39 seconds
Fifth two files saved in 187.62 seconds
Time taken for SON: 621.51 seconds
NetCDF files for UBD and pr saved
#executed by process	8 in 2513.04s	with status	0 : python /home/vdemeyer/TRACKING/KATJA/POSTPROCESSING/contribution_ETCs.py 2002 --sim UBD --var pr
Calculating for DJF
First two files saved in 238.56 seconds
Second two files saved in 99.99 seconds
Third two files saved in 180.33 seconds
Fourth two files saved in 35.35 seconds
Fifth two files saved in 220.32 seconds
Time taken for DJF: 774.55 seconds
Calculating for MAM
First two files saved in 246.86 seconds
Second two files saved in 89.99 seconds
Third two files saved in 167.20 seconds
Fourth two files saved in 37.18 seconds
Fifth two files saved in 198.41 seconds
Time taken for MAM: 739.64 seconds
Calculating for JJA
First two files saved in 274.71 seconds
Second two files saved in 93.30 seconds
Third two files saved in 180.13 seconds
Fourth two files saved in 57.52 seconds
Fifth two files saved in 290.39 seconds
Time taken for JJA: 896.04 seconds
Calculating for SON
First two files saved in 219.48 seconds
Second two files saved in 96.51 seconds
Third two files saved in 248.00 seconds
Fourth two files saved in 44.65 seconds
Fifth two files saved in 247.19 seconds
Time taken for SON: 855.83 seconds
NetCDF files for UBD and pr saved
#executed by process	11 in 3291.28s	with status	0 : python /home/vdemeyer/TRACKING/KATJA/POSTPROCESSING/contribution_ETCs.py 1999 --sim UBD --var pr
Calculating for DJF
First two files saved in 251.21 seconds
Second two files saved in 97.84 seconds
Third two files saved in 183.00 seconds
Fourth two files saved in 32.44 seconds
Fifth two files saved in 215.25 seconds
Time taken for DJF: 779.74 seconds
Calculating for MAM
First two files saved in 242.63 seconds
Second two files saved in 87.20 seconds
Third two files saved in 177.74 seconds
Fourth two files saved in 33.29 seconds
Fifth two files saved in 202.26 seconds
Time taken for MAM: 743.11 seconds
Calculating for JJA
First two files saved in 271.34 seconds
Second two files saved in 93.46 seconds
Third two files saved in 189.60 seconds
Fourth two files saved in 57.18 seconds
Fifth two files saved in 285.47 seconds
Time taken for JJA: 897.06 seconds
Calculating for SON
First two files saved in 212.97 seconds
Second two files saved in 98.77 seconds
Third two files saved in 255.19 seconds
Fourth two files saved in 43.89 seconds
Fifth two files saved in 245.39 seconds
Time taken for SON: 856.22 seconds
NetCDF files for UBD and pr saved
#executed by process	10 in 3297.07s	with status	0 : python /home/vdemeyer/TRACKING/KATJA/POSTPROCESSING/contribution_ETCs.py 2001 --sim UBD --var pr
Calculating for DJF
First two files saved in 260.63 seconds
Second two files saved in 98.20 seconds
Third two files saved in 183.32 seconds
Fourth two files saved in 29.40 seconds
Fifth two files saved in 210.62 seconds
Time taken for DJF: 782.17 seconds
Calculating for MAM
First two files saved in 256.91 seconds
Second two files saved in 90.83 seconds
Third two files saved in 174.88 seconds
Fourth two files saved in 28.75 seconds
Fifth two files saved in 203.30 seconds
Time taken for MAM: 754.67 seconds
Calculating for JJA
First two files saved in 262.77 seconds
Second two files saved in 94.65 seconds
Third two files saved in 190.85 seconds
Fourth two files saved in 60.68 seconds
Fifth two files saved in 277.97 seconds
Time taken for JJA: 886.93 seconds
Calculating for SON
First two files saved in 235.92 seconds
Second two files saved in 103.27 seconds
Third two files saved in 251.76 seconds
Fourth two files saved in 50.03 seconds
Fifth two files saved in 228.52 seconds
Time taken for SON: 869.50 seconds
NetCDF files for UBD and pr saved
#executed by process	13 in 3314.5s	with status	0 : python /home/vdemeyer/TRACKING/KATJA/POSTPROCESSING/contribution_ETCs.py 2000 --sim UBD --var pr
Calculating for DJF
First two files saved in 179.87 seconds
Second two files saved in 60.22 seconds
Third two files saved in 85.45 seconds
Fourth two files saved in 17.33 seconds
Fifth two files saved in 108.87 seconds
Time taken for DJF: 451.74 seconds
Calculating for MAM
First two files saved in 176.29 seconds
Second two files saved in 60.43 seconds
Third two files saved in 104.64 seconds
Fourth two files saved in 17.90 seconds
Fifth two files saved in 86.58 seconds
Time taken for MAM: 445.84 seconds
Calculating for JJA
First two files saved in 157.92 seconds
Second two files saved in 60.72 seconds
Third two files saved in 98.95 seconds
Fourth two files saved in 19.55 seconds
Fifth two files saved in 102.78 seconds
Time taken for JJA: 439.92 seconds
Calculating for SON
First two files saved in 167.96 seconds
Second two files saved in 61.75 seconds
Third two files saved in 86.80 seconds
Fourth two files saved in 19.05 seconds
Fifth two files saved in 112.62 seconds
Time taken for SON: 448.18 seconds
NetCDF files for UBD and pr saved
#executed by process	7 in 1803.75s	with status	0 : python /home/vdemeyer/TRACKING/KATJA/POSTPROCESSING/contribution_ETCs.py 2006 --sim UBD --var pr
Calculating for DJF
First two files saved in 209.10 seconds
Second two files saved in 59.60 seconds
Third two files saved in 91.26 seconds
Fourth two files saved in 19.98 seconds
Fifth two files saved in 85.37 seconds
Time taken for DJF: 465.30 seconds
Calculating for MAM
First two files saved in 168.00 seconds
Second two files saved in 65.13 seconds
Third two files saved in 91.36 seconds
Fourth two files saved in 17.65 seconds
Fifth two files saved in 87.86 seconds
Time taken for MAM: 430.00 seconds
Calculating for JJA
First two files saved in 183.14 seconds
Second two files saved in 59.80 seconds
Third two files saved in 103.92 seconds
Fourth two files saved in 20.36 seconds
Fifth two files saved in 79.76 seconds
Time taken for JJA: 446.99 seconds
Calculating for SON
First two files saved in 164.14 seconds
Second two files saved in 61.14 seconds
Third two files saved in 86.75 seconds
Fourth two files saved in 29.77 seconds
Fifth two files saved in 97.69 seconds
Time taken for SON: 439.49 seconds
NetCDF files for UBD and pr saved
#executed by process	1 in 1800.09s	with status	0 : python /home/vdemeyer/TRACKING/KATJA/POSTPROCESSING/contribution_ETCs.py 2007 --sim UBD --var pr
Calculating for DJF
First two files saved in 176.57 seconds
Second two files saved in 63.50 seconds
Third two files saved in 102.66 seconds
Fourth two files saved in 18.55 seconds
Fifth two files saved in 104.53 seconds
Time taken for DJF: 465.81 seconds
Calculating for MAM
First two files saved in 204.64 seconds
Second two files saved in 61.65 seconds
Third two files saved in 90.44 seconds
Fourth two files saved in 19.30 seconds
Fifth two files saved in 82.11 seconds
Time taken for MAM: 458.14 seconds
Calculating for JJA
First two files saved in 206.27 seconds
Second two files saved in 66.24 seconds
Third two files saved in 86.24 seconds
Fourth two files saved in 20.12 seconds
Fifth two files saved in 83.20 seconds
Time taken for JJA: 462.08 seconds
Calculating for SON
First two files saved in 200.84 seconds
Second two files saved in 74.46 seconds
Third two files saved in 88.26 seconds
Fourth two files saved in 19.21 seconds
Fifth two files saved in 90.44 seconds
Time taken for SON: 473.21 seconds
NetCDF files for UBD and pr saved
#executed by process	6 in 1877.97s	with status	0 : python /home/vdemeyer/TRACKING/KATJA/POSTPROCESSING/contribution_ETCs.py 2008 --sim UBD --var pr
Calculating for DJF
First two files saved in 45.91 seconds
Second two files saved in 9.33 seconds
Third two files saved in 49.99 seconds
Fourth two files saved in 11.51 seconds
Fifth two files saved in 54.08 seconds
Time taken for DJF: 170.81 seconds
Calculating for MAM
First two files saved in 6.54 seconds
Second two files saved in 1.87 seconds
Third two files saved in 5.37 seconds
Fourth two files saved in 3.09 seconds
Fifth two files saved in 10.21 seconds
Time taken for MAM: 27.07 seconds
Calculating for JJA
First two files saved in 3.61 seconds
Second two files saved in 1.85 seconds
Third two files saved in 3.19 seconds
Fourth two files saved in 2.79 seconds
Fifth two files saved in 5.71 seconds
Time taken for JJA: 17.15 seconds
Calculating for SON
First two files saved in 122.05 seconds
Second two files saved in 22.73 seconds
Third two files saved in 168.02 seconds
Fourth two files saved in 23.77 seconds
Fifth two files saved in 127.79 seconds
Time taken for SON: 464.35 seconds
NetCDF files for UBD and ws saved
#executed by process	9 in 693.065s	with status	0 : python /home/vdemeyer/TRACKING/KATJA/POSTPROCESSING/contribution_ETCs.py 1979 --sim UBD --var ws
Calculating for DJF
First two files saved in 231.26 seconds
Second two files saved in 67.43 seconds
Third two files saved in 122.78 seconds
Fourth two files saved in 22.16 seconds
Fifth two files saved in 124.96 seconds
Time taken for DJF: 568.60 seconds
Calculating for MAM
First two files saved in 179.39 seconds
Second two files saved in 68.47 seconds
Third two files saved in 105.74 seconds
Fourth two files saved in 23.02 seconds
Fifth two files saved in 124.31 seconds
Time taken for MAM: 500.93 seconds
Calculating for JJA
First two files saved in 176.92 seconds
Second two files saved in 71.02 seconds
Third two files saved in 95.00 seconds
Fourth two files saved in 24.58 seconds
Fifth two files saved in 142.66 seconds
Time taken for JJA: 510.18 seconds
Calculating for SON
First two files saved in 179.41 seconds
Second two files saved in 70.50 seconds
Third two files saved in 121.94 seconds
Fourth two files saved in 26.27 seconds
Fifth two files saved in 141.52 seconds
Time taken for SON: 539.64 seconds
NetCDF files for UBD and pr saved
#executed by process	3 in 2140.51s	with status	0 : python /home/vdemeyer/TRACKING/KATJA/POSTPROCESSING/contribution_ETCs.py 2010 --sim UBD --var pr
Calculating for DJF
First two files saved in 201.45 seconds
Second two files saved in 68.69 seconds
Third two files saved in 111.00 seconds
Fourth two files saved in 22.17 seconds
Fifth two files saved in 136.99 seconds
Time taken for DJF: 540.32 seconds
Calculating for MAM
First two files saved in 178.01 seconds
Second two files saved in 68.48 seconds
Third two files saved in 97.54 seconds
Fourth two files saved in 24.04 seconds
Fifth two files saved in 131.69 seconds
Time taken for MAM: 499.76 seconds
Calculating for JJA
First two files saved in 178.19 seconds
Second two files saved in 67.37 seconds
Third two files saved in 107.21 seconds
Fourth two files saved in 26.55 seconds
Fifth two files saved in 143.41 seconds
Time taken for JJA: 522.72 seconds
Calculating for SON
First two files saved in 182.11 seconds
Second two files saved in 71.93 seconds
Third two files saved in 124.13 seconds
Fourth two files saved in 27.01 seconds
Fifth two files saved in 151.02 seconds
Time taken for SON: 556.21 seconds
NetCDF files for UBD and pr saved
#executed by process	4 in 2138.52s	with status	0 : python /home/vdemeyer/TRACKING/KATJA/POSTPROCESSING/contribution_ETCs.py 2013 --sim UBD --var pr
Calculating for DJF
First two files saved in 226.58 seconds
Second two files saved in 69.08 seconds
Third two files saved in 107.29 seconds
Fourth two files saved in 21.00 seconds
Fifth two files saved in 136.72 seconds
Time taken for DJF: 560.67 seconds
Calculating for MAM
First two files saved in 174.30 seconds
Second two files saved in 69.69 seconds
Third two files saved in 98.99 seconds
Fourth two files saved in 26.08 seconds
Fifth two files saved in 127.34 seconds
Time taken for MAM: 496.40 seconds
Calculating for JJA
First two files saved in 177.65 seconds
Second two files saved in 67.62 seconds
Third two files saved in 106.00 seconds
Fourth two files saved in 26.38 seconds
Fifth two files saved in 144.72 seconds
Time taken for JJA: 522.37 seconds
Calculating for SON
First two files saved in 184.40 seconds
Second two files saved in 73.06 seconds
Third two files saved in 120.94 seconds
Fourth two files saved in 27.35 seconds
Fifth two files saved in 151.27 seconds
Time taken for SON: 557.02 seconds
NetCDF files for UBD and pr saved
#executed by process	5 in 2155.58s	with status	0 : python /home/vdemeyer/TRACKING/KATJA/POSTPROCESSING/contribution_ETCs.py 2012 --sim UBD --var pr
Calculating for DJF
First two files saved in 95.77 seconds
Second two files saved in 12.92 seconds
Third two files saved in 84.16 seconds
Fourth two files saved in 16.84 seconds
Fifth two files saved in 114.56 seconds
Time taken for DJF: 324.23 seconds
Calculating for MAM
First two files saved in 101.75 seconds
Second two files saved in 15.77 seconds
Third two files saved in 102.86 seconds
Fourth two files saved in 17.03 seconds
Fifth two files saved in 89.08 seconds
Time taken for MAM: 326.48 seconds
Calculating for JJA
First two files saved in 108.15 seconds
Second two files saved in 13.24 seconds
Third two files saved in 90.08 seconds
Fourth two files saved in 22.11 seconds
Fifth two files saved in 112.87 seconds
Time taken for JJA: 346.46 seconds
Calculating for SON
First two files saved in 82.07 seconds
Second two files saved in 14.13 seconds
Third two files saved in 80.72 seconds
Fourth two files saved in 18.22 seconds
Fifth two files saved in 86.74 seconds
Time taken for SON: 281.88 seconds
NetCDF files for UBD and ws saved
#executed by process	1 in 1297.38s	with status	0 : python /home/vdemeyer/TRACKING/KATJA/POSTPROCESSING/contribution_ETCs.py 1985 --sim UBD --var ws
Calculating for DJF
First two files saved in 98.11 seconds
Second two files saved in 15.32 seconds
Third two files saved in 95.14 seconds
Fourth two files saved in 17.69 seconds
Fifth two files saved in 119.73 seconds
Time taken for DJF: 345.99 seconds
Calculating for MAM
First two files saved in 103.09 seconds
Second two files saved in 18.71 seconds
Third two files saved in 101.77 seconds
Fourth two files saved in 17.88 seconds
Fifth two files saved in 92.67 seconds
Time taken for MAM: 334.11 seconds
Calculating for JJA
First two files saved in 105.50 seconds
Second two files saved in 14.65 seconds
Third two files saved in 98.73 seconds
Fourth two files saved in 29.10 seconds
Fifth two files saved in 103.88 seconds
Time taken for JJA: 351.86 seconds
Calculating for SON
First two files saved in 89.10 seconds
Second two files saved in 16.14 seconds
Third two files saved in 84.21 seconds
Fourth two files saved in 18.61 seconds
Fifth two files saved in 105.34 seconds
Time taken for SON: 313.40 seconds
NetCDF files for UBD and ws saved
#executed by process	7 in 1367.75s	with status	0 : python /home/vdemeyer/TRACKING/KATJA/POSTPROCESSING/contribution_ETCs.py 1984 --sim UBD --var ws
Calculating for DJF
First two files saved in 178.59 seconds
Second two files saved in 62.74 seconds
Third two files saved in 112.64 seconds
Fourth two files saved in 22.68 seconds
Fifth two files saved in 103.22 seconds
Time taken for DJF: 479.87 seconds
Calculating for MAM
First two files saved in 164.95 seconds
Second two files saved in 65.19 seconds
Third two files saved in 100.56 seconds
Fourth two files saved in 22.10 seconds
Fifth two files saved in 104.94 seconds
Time taken for MAM: 457.73 seconds
Calculating for JJA
First two files saved in 201.25 seconds
Second two files saved in 63.31 seconds
Third two files saved in 94.78 seconds
Fourth two files saved in 20.34 seconds
Fifth two files saved in 112.78 seconds
Time taken for JJA: 492.45 seconds
Calculating for SON
First two files saved in 168.92 seconds
Second two files saved in 61.52 seconds
Third two files saved in 96.07 seconds
Fourth two files saved in 19.49 seconds
Fifth two files saved in 107.38 seconds
Time taken for SON: 453.39 seconds
NetCDF files for UBD and pr saved
#executed by process	2 in 1903.81s	with status	0 : python /home/vdemeyer/TRACKING/KATJA/POSTPROCESSING/contribution_ETCs.py 2014 --sim UBD --var pr
Calculating for DJF
First two files saved in 226.91 seconds
Second two files saved in 90.34 seconds
Third two files saved in 174.65 seconds
Fourth two files saved in 63.26 seconds
Fifth two files saved in 181.75 seconds
Time taken for DJF: 736.91 seconds
Calculating for MAM
First two files saved in 211.65 seconds
Second two files saved in 95.10 seconds
Third two files saved in 211.96 seconds
Fourth two files saved in 40.24 seconds
Fifth two files saved in 204.68 seconds
Time taken for MAM: 763.63 seconds
Calculating for JJA
First two files saved in 289.81 seconds
Second two files saved in 94.19 seconds
Third two files saved in 172.57 seconds
Fourth two files saved in 38.08 seconds
Fifth two files saved in 220.70 seconds
Time taken for JJA: 815.35 seconds
Calculating for SON
First two files saved in 253.23 seconds
Second two files saved in 159.84 seconds
Third two files saved in 188.52 seconds
Fourth two files saved in 47.29 seconds
Fifth two files saved in 204.52 seconds
Time taken for SON: 853.40 seconds
NetCDF files for UBD and pr saved
#executed by process	15 in 3197.12s	with status	0 : python /home/vdemeyer/TRACKING/KATJA/POSTPROCESSING/contribution_ETCs.py 2009 --sim UBD --var pr
Calculating for DJF
First two files saved in 231.88 seconds
Second two files saved in 93.59 seconds
Third two files saved in 197.84 seconds
Fourth two files saved in 53.18 seconds
Fifth two files saved in 154.38 seconds
Time taken for DJF: 730.87 seconds
Calculating for MAM
First two files saved in 217.38 seconds
Second two files saved in 94.02 seconds
Third two files saved in 220.71 seconds
Fourth two files saved in 44.23 seconds
Fifth two files saved in 204.47 seconds
Time taken for MAM: 780.81 seconds
Calculating for JJA
First two files saved in 286.11 seconds
Second two files saved in 93.53 seconds
Third two files saved in 175.05 seconds
Fourth two files saved in 45.36 seconds
Fifth two files saved in 217.65 seconds
Time taken for JJA: 817.69 seconds
Calculating for SON
First two files saved in 250.82 seconds
Second two files saved in 157.64 seconds
Third two files saved in 194.28 seconds
Fourth two files saved in 44.97 seconds
Fifth two files saved in 225.59 seconds
Time taken for SON: 873.31 seconds
NetCDF files for UBD and pr saved
#executed by process	14 in 3224.47s	with status	0 : python /home/vdemeyer/TRACKING/KATJA/POSTPROCESSING/contribution_ETCs.py 2011 --sim UBD --var pr
Calculating for DJF
First two files saved in 311.79 seconds
Second two files saved in 101.29 seconds
Third two files saved in 144.08 seconds
Fourth two files saved in 41.99 seconds
Fifth two files saved in 214.58 seconds
Time taken for DJF: 813.73 seconds
Calculating for MAM
First two files saved in 308.89 seconds
Second two files saved in 78.25 seconds
Third two files saved in 144.71 seconds
Fourth two files saved in 35.07 seconds
Fifth two files saved in 284.02 seconds
Time taken for MAM: 850.94 seconds
Calculating for JJA
First two files saved in 303.73 seconds
Second two files saved in 160.31 seconds
Third two files saved in 207.29 seconds
Fourth two files saved in 50.00 seconds
Fifth two files saved in 265.23 seconds
Time taken for JJA: 986.57 seconds
Calculating for SON
First two files saved in 289.53 seconds
Second two files saved in 173.20 seconds
Third two files saved in 223.98 seconds
Fourth two files saved in 48.96 seconds
Fifth two files saved in 245.14 seconds
Time taken for SON: 980.81 seconds
NetCDF files for UBD and pr saved
#executed by process	12 in 3658.46s	with status	0 : python /home/vdemeyer/TRACKING/KATJA/POSTPROCESSING/contribution_ETCs.py 2005 --sim UBD --var pr
Calculating for DJF
First two files saved in 144.83 seconds
Second two files saved in 22.68 seconds
Third two files saved in 133.04 seconds
Fourth two files saved in 28.67 seconds
Fifth two files saved in 178.57 seconds
Time taken for DJF: 507.79 seconds
Calculating for MAM
First two files saved in 146.14 seconds
Second two files saved in 20.30 seconds
Third two files saved in 143.26 seconds
Fourth two files saved in 30.79 seconds
Fifth two files saved in 144.29 seconds
Time taken for MAM: 484.78 seconds
Calculating for JJA
First two files saved in 140.09 seconds
Second two files saved in 25.33 seconds
Third two files saved in 135.66 seconds
Fourth two files saved in 31.01 seconds
Fifth two files saved in 177.79 seconds
Time taken for JJA: 509.89 seconds
Calculating for SON
First two files saved in 146.59 seconds
Second two files saved in 25.38 seconds
Third two files saved in 143.85 seconds
Fourth two files saved in 30.11 seconds
Fifth two files saved in 140.86 seconds
Time taken for SON: 486.79 seconds
NetCDF files for UBD and ws saved
#executed by process	8 in 2008.88s	with status	0 : python /home/vdemeyer/TRACKING/KATJA/POSTPROCESSING/contribution_ETCs.py 1980 --sim UBD --var ws
Calculating for DJF
First two files saved in 116.41 seconds
Second two files saved in 20.32 seconds
Third two files saved in 101.90 seconds
Fourth two files saved in 25.41 seconds
Fifth two files saved in 122.51 seconds
Time taken for DJF: 386.55 seconds
Calculating for MAM
First two files saved in 106.83 seconds
Second two files saved in 19.49 seconds
Third two files saved in 93.74 seconds
Fourth two files saved in 23.34 seconds
Fifth two files saved in 125.69 seconds
Time taken for MAM: 369.09 seconds
Calculating for JJA
First two files saved in 110.55 seconds
Second two files saved in 17.05 seconds
Third two files saved in 91.08 seconds
Fourth two files saved in 20.30 seconds
Fifth two files saved in 114.17 seconds
Time taken for JJA: 353.15 seconds
Calculating for SON
First two files saved in 114.24 seconds
Second two files saved in 16.78 seconds
Third two files saved in 91.82 seconds
Fourth two files saved in 22.85 seconds
Fifth two files saved in 115.28 seconds
Time taken for SON: 360.98 seconds
NetCDF files for UBD and ws saved
#executed by process	6 in 1487.4s	with status	0 : python /home/vdemeyer/TRACKING/KATJA/POSTPROCESSING/contribution_ETCs.py 1986 --sim UBD --var ws
Calculating for DJF
First two files saved in 134.15 seconds
Second two files saved in 17.27 seconds
Third two files saved in 113.06 seconds
Fourth two files saved in 25.20 seconds
Fifth two files saved in 159.66 seconds
Time taken for DJF: 449.33 seconds
Calculating for MAM
First two files saved in 121.28 seconds
Second two files saved in 18.69 seconds
Third two files saved in 110.28 seconds
Fourth two files saved in 25.32 seconds
Fifth two files saved in 135.61 seconds
Time taken for MAM: 411.18 seconds
Calculating for JJA
First two files saved in 120.96 seconds
Second two files saved in 19.49 seconds
Third two files saved in 129.17 seconds
Fourth two files saved in 22.31 seconds
Fifth two files saved in 139.84 seconds
Time taken for JJA: 431.76 seconds
Calculating for SON
First two files saved in 122.47 seconds
Second two files saved in 20.99 seconds
Third two files saved in 125.72 seconds
Fourth two files saved in 26.04 seconds
Fifth two files saved in 134.37 seconds
Time taken for SON: 429.59 seconds
NetCDF files for UBD and ws saved
#executed by process	3 in 1744.07s	with status	0 : python /home/vdemeyer/TRACKING/KATJA/POSTPROCESSING/contribution_ETCs.py 1988 --sim UBD --var ws
Calculating for DJF
First two files saved in 143.29 seconds
Second two files saved in 26.60 seconds
Third two files saved in 139.01 seconds
Fourth two files saved in 28.76 seconds
Fifth two files saved in 142.05 seconds
Time taken for DJF: 479.70 seconds
Calculating for MAM
First two files saved in 134.58 seconds
Second two files saved in 26.17 seconds
Third two files saved in 171.11 seconds
Fourth two files saved in 28.64 seconds
Fifth two files saved in 145.06 seconds
Time taken for MAM: 505.56 seconds
Calculating for JJA
First two files saved in 146.18 seconds
Second two files saved in 25.67 seconds
Third two files saved in 140.41 seconds
Fourth two files saved in 28.79 seconds
Fifth two files saved in 140.63 seconds
Time taken for JJA: 481.68 seconds
Calculating for SON
First two files saved in 153.25 seconds
Second two files saved in 27.14 seconds
Third two files saved in 139.38 seconds
Fourth two files saved in 34.38 seconds
Fifth two files saved in 150.86 seconds
Time taken for SON: 505.01 seconds
NetCDF files for UBD and ws saved
#executed by process	9 in 1994.66s	with status	0 : python /home/vdemeyer/TRACKING/KATJA/POSTPROCESSING/contribution_ETCs.py 1987 --sim UBD --var ws
Calculating for DJF
First two files saved in 126.65 seconds
Second two files saved in 21.62 seconds
Third two files saved in 123.34 seconds
Fourth two files saved in 25.24 seconds
Fifth two files saved in 153.35 seconds
Time taken for DJF: 450.19 seconds
Calculating for MAM
First two files saved in 109.88 seconds
Second two files saved in 21.92 seconds
Third two files saved in 121.97 seconds
Fourth two files saved in 23.61 seconds
Fifth two files saved in 134.65 seconds
Time taken for MAM: 412.03 seconds
Calculating for JJA
First two files saved in 117.40 seconds
Second two files saved in 25.45 seconds
Third two files saved in 125.29 seconds
Fourth two files saved in 25.25 seconds
Fifth two files saved in 128.23 seconds
Time taken for JJA: 421.61 seconds
Calculating for SON
First two files saved in 127.37 seconds
Second two files saved in 21.55 seconds
Third two files saved in 115.64 seconds
Fourth two files saved in 30.68 seconds
Fifth two files saved in 130.94 seconds
Time taken for SON: 426.17 seconds
NetCDF files for UBD and ws saved
#executed by process	5 in 1728.31s	with status	0 : python /home/vdemeyer/TRACKING/KATJA/POSTPROCESSING/contribution_ETCs.py 1990 --sim UBD --var ws
Calculating for DJF
First two files saved in 139.10 seconds
Second two files saved in 19.88 seconds
Third two files saved in 120.13 seconds
Fourth two files saved in 24.83 seconds
Fifth two files saved in 151.71 seconds
Time taken for DJF: 455.65 seconds
Calculating for MAM
First two files saved in 113.11 seconds
Second two files saved in 21.20 seconds
Third two files saved in 122.46 seconds
Fourth two files saved in 22.54 seconds
Fifth two files saved in 130.34 seconds
Time taken for MAM: 409.65 seconds
Calculating for JJA
First two files saved in 123.72 seconds
Second two files saved in 22.24 seconds
Third two files saved in 124.93 seconds
Fourth two files saved in 27.09 seconds
Fifth two files saved in 131.72 seconds
Time taken for JJA: 429.70 seconds
Calculating for SON
First two files saved in 128.32 seconds
Second two files saved in 24.11 seconds
Third two files saved in 113.67 seconds
Fourth two files saved in 26.37 seconds
Fifth two files saved in 131.40 seconds
Time taken for SON: 423.87 seconds
NetCDF files for UBD and ws saved
#executed by process	4 in 1738.03s	with status	0 : python /home/vdemeyer/TRACKING/KATJA/POSTPROCESSING/contribution_ETCs.py 1989 --sim UBD --var ws
Calculating for DJF
First two files saved in 108.35 seconds
Second two files saved in 12.95 seconds
Third two files saved in 90.80 seconds
Fourth two files saved in 17.94 seconds
Fifth two files saved in 111.01 seconds
Time taken for DJF: 341.06 seconds
Calculating for MAM
First two files saved in 98.30 seconds
Second two files saved in 22.10 seconds
Third two files saved in 87.91 seconds
Fourth two files saved in 16.99 seconds
Fifth two files saved in 81.44 seconds
Time taken for MAM: 306.74 seconds
Calculating for JJA
First two files saved in 101.79 seconds
Second two files saved in 13.36 seconds
Third two files saved in 97.85 seconds
Fourth two files saved in 17.87 seconds
Fifth two files saved in 99.10 seconds
Time taken for JJA: 329.97 seconds
Calculating for SON
First two files saved in 97.39 seconds
Second two files saved in 16.00 seconds
Third two files saved in 90.96 seconds
Fourth two files saved in 20.58 seconds
Fifth two files saved in 81.67 seconds
Time taken for SON: 306.62 seconds
NetCDF files for UBD and ws saved
#executed by process	1 in 1302.71s	with status	0 : python /home/vdemeyer/TRACKING/KATJA/POSTPROCESSING/contribution_ETCs.py 1991 --sim UBD --var ws
Calculating for DJF
First two files saved in 111.97 seconds
Second two files saved in 14.10 seconds
Third two files saved in 99.67 seconds
Fourth two files saved in 19.04 seconds
Fifth two files saved in 116.42 seconds
Time taken for DJF: 361.20 seconds
Calculating for MAM
First two files saved in 123.58 seconds
Second two files saved in 15.18 seconds
Third two files saved in 92.45 seconds
Fourth two files saved in 20.39 seconds
Fifth two files saved in 101.83 seconds
Time taken for MAM: 353.43 seconds
Calculating for JJA
First two files saved in 97.70 seconds
Second two files saved in 15.23 seconds
Third two files saved in 101.04 seconds
Fourth two files saved in 18.29 seconds
Fifth two files saved in 103.88 seconds
Time taken for JJA: 336.15 seconds
Calculating for SON
First two files saved in 93.41 seconds
Second two files saved in 16.31 seconds
Third two files saved in 94.72 seconds
Fourth two files saved in 21.61 seconds
Fifth two files saved in 106.42 seconds
Time taken for SON: 332.48 seconds
NetCDF files for UBD and ws saved
#executed by process	7 in 1401.22s	with status	0 : python /home/vdemeyer/TRACKING/KATJA/POSTPROCESSING/contribution_ETCs.py 1992 --sim UBD --var ws
Calculating for DJF
First two files saved in 104.04 seconds
Second two files saved in 18.58 seconds
Third two files saved in 106.69 seconds
Fourth two files saved in 23.56 seconds
Fifth two files saved in 112.59 seconds
Time taken for DJF: 365.46 seconds
Calculating for MAM
First two files saved in 104.27 seconds
Second two files saved in 14.28 seconds
Third two files saved in 98.16 seconds
Fourth two files saved in 23.10 seconds
Fifth two files saved in 81.11 seconds
Time taken for MAM: 320.92 seconds
Calculating for JJA
First two files saved in 110.67 seconds
Second two files saved in 20.29 seconds
Third two files saved in 94.92 seconds
Fourth two files saved in 22.32 seconds
Fifth two files saved in 94.79 seconds
Time taken for JJA: 342.99 seconds
Calculating for SON
First two files saved in 99.08 seconds
Second two files saved in 15.96 seconds
Third two files saved in 106.31 seconds
Fourth two files saved in 25.17 seconds
Fifth two files saved in 97.40 seconds
Time taken for SON: 343.92 seconds
NetCDF files for UBD and ws saved
#executed by process	2 in 1390.65s	with status	0 : python /home/vdemeyer/TRACKING/KATJA/POSTPROCESSING/contribution_ETCs.py 1993 --sim UBD --var ws
Calculating for DJF
First two files saved in 124.93 seconds
Second two files saved in 16.35 seconds
Third two files saved in 98.83 seconds
Fourth two files saved in 20.61 seconds
Fifth two files saved in 124.84 seconds
Time taken for DJF: 385.55 seconds
Calculating for MAM
First two files saved in 106.85 seconds
Second two files saved in 17.07 seconds
Third two files saved in 104.61 seconds
Fourth two files saved in 19.38 seconds
Fifth two files saved in 112.51 seconds
Time taken for MAM: 360.42 seconds
Calculating for JJA
First two files saved in 109.23 seconds
Second two files saved in 16.58 seconds
Third two files saved in 116.12 seconds
Fourth two files saved in 22.23 seconds
Fifth two files saved in 113.21 seconds
Time taken for JJA: 377.37 seconds
Calculating for SON
First two files saved in 94.71 seconds
Second two files saved in 17.46 seconds
Third two files saved in 101.68 seconds
Fourth two files saved in 21.57 seconds
Fifth two files saved in 121.68 seconds
Time taken for SON: 357.10 seconds
NetCDF files for UBD and ws saved
#executed by process	6 in 1499.27s	with status	0 : python /home/vdemeyer/TRACKING/KATJA/POSTPROCESSING/contribution_ETCs.py 1998 --sim UBD --var ws
Calculating for DJF
First two files saved in 211.24 seconds
Second two files saved in 40.88 seconds
Third two files saved in 202.28 seconds
Fourth two files saved in 50.31 seconds
Fifth two files saved in 254.26 seconds
Time taken for DJF: 758.96 seconds
Calculating for MAM
First two files saved in 184.58 seconds
Second two files saved in 49.01 seconds
Third two files saved in 222.65 seconds
Fourth two files saved in 49.12 seconds
Fifth two files saved in 263.81 seconds
Time taken for MAM: 769.17 seconds
Calculating for JJA
First two files saved in 199.41 seconds
Second two files saved in 49.86 seconds
Third two files saved in 226.29 seconds
Fourth two files saved in 54.09 seconds
Fifth two files saved in 279.90 seconds
Time taken for JJA: 809.55 seconds
Calculating for SON
First two files saved in 237.39 seconds
Second two files saved in 53.23 seconds
Third two files saved in 251.78 seconds
Fourth two files saved in 57.07 seconds
Fifth two files saved in 304.84 seconds
Time taken for SON: 904.32 seconds
NetCDF files for UBD and ws saved
#executed by process	10 in 3264.44s	with status	0 : python /home/vdemeyer/TRACKING/KATJA/POSTPROCESSING/contribution_ETCs.py 1982 --sim UBD --var ws
Calculating for DJF
First two files saved in 212.76 seconds
Second two files saved in 42.95 seconds
Third two files saved in 204.88 seconds
Fourth two files saved in 52.51 seconds
Fifth two files saved in 257.44 seconds
Time taken for DJF: 770.54 seconds
Calculating for MAM
First two files saved in 190.10 seconds
Second two files saved in 48.83 seconds
Third two files saved in 222.03 seconds
Fourth two files saved in 49.69 seconds
Fifth two files saved in 266.88 seconds
Time taken for MAM: 777.53 seconds
Calculating for JJA
First two files saved in 205.22 seconds
Second two files saved in 47.63 seconds
Third two files saved in 244.73 seconds
Fourth two files saved in 52.95 seconds
Fifth two files saved in 276.88 seconds
Time taken for JJA: 827.41 seconds
Calculating for SON
First two files saved in 235.09 seconds
Second two files saved in 56.67 seconds
Third two files saved in 248.05 seconds
Fourth two files saved in 57.49 seconds
Fifth two files saved in 297.80 seconds
Time taken for SON: 895.10 seconds
NetCDF files for UBD and ws saved
#executed by process	11 in 3291.93s	with status	0 : python /home/vdemeyer/TRACKING/KATJA/POSTPROCESSING/contribution_ETCs.py 1981 --sim UBD --var ws
Calculating for DJF
First two files saved in 217.87 seconds
Second two files saved in 37.00 seconds
Third two files saved in 210.06 seconds
Fourth two files saved in 50.25 seconds
Fifth two files saved in 247.81 seconds
Time taken for DJF: 763.00 seconds
Calculating for MAM
First two files saved in 190.27 seconds
Second two files saved in 43.83 seconds
Third two files saved in 213.62 seconds
Fourth two files saved in 45.91 seconds
Fifth two files saved in 260.51 seconds
Time taken for MAM: 754.14 seconds
Calculating for JJA
First two files saved in 214.72 seconds
Second two files saved in 46.47 seconds
Third two files saved in 232.24 seconds
Fourth two files saved in 55.15 seconds
Fifth two files saved in 283.31 seconds
Time taken for JJA: 831.89 seconds
Calculating for SON
First two files saved in 255.17 seconds
Second two files saved in 64.06 seconds
Third two files saved in 249.39 seconds
Fourth two files saved in 60.62 seconds
Fifth two files saved in 285.98 seconds
Time taken for SON: 915.21 seconds
NetCDF files for UBD and ws saved
#executed by process	13 in 3286.72s	with status	0 : python /home/vdemeyer/TRACKING/KATJA/POSTPROCESSING/contribution_ETCs.py 1983 --sim UBD --var ws
Calculating for DJF
First two files saved in 156.89 seconds
Second two files saved in 25.16 seconds
Third two files saved in 135.02 seconds
Fourth two files saved in 30.46 seconds
Fifth two files saved in 143.93 seconds
Time taken for DJF: 491.46 seconds
Calculating for MAM
First two files saved in 146.77 seconds
Second two files saved in 20.72 seconds
Third two files saved in 136.41 seconds
Fourth two files saved in 33.21 seconds
Fifth two files saved in 147.97 seconds
Time taken for MAM: 485.08 seconds
Calculating for JJA
First two files saved in 154.34 seconds
Second two files saved in 30.54 seconds
Third two files saved in 138.37 seconds
Fourth two files saved in 34.84 seconds
Fifth two files saved in 153.49 seconds
Time taken for JJA: 511.57 seconds
Calculating for SON
First two files saved in 152.63 seconds
Second two files saved in 30.75 seconds
Third two files saved in 139.88 seconds
Fourth two files saved in 33.94 seconds
Fifth two files saved in 157.02 seconds
Time taken for SON: 514.21 seconds
NetCDF files for UBD and ws saved
#executed by process	8 in 2022.96s	with status	0 : python /home/vdemeyer/TRACKING/KATJA/POSTPROCESSING/contribution_ETCs.py 1997 --sim UBD --var ws
Calculating for DJF
First two files saved in 116.64 seconds
Second two files saved in 18.71 seconds
Third two files saved in 92.41 seconds
Fourth two files saved in 17.10 seconds
Fifth two files saved in 98.74 seconds
Time taken for DJF: 343.61 seconds
Calculating for MAM
First two files saved in 85.67 seconds
Second two files saved in 16.48 seconds
Third two files saved in 103.85 seconds
Fourth two files saved in 23.95 seconds
Fifth two files saved in 85.60 seconds
Time taken for MAM: 315.56 seconds
Calculating for JJA
First two files saved in 100.04 seconds
Second two files saved in 13.33 seconds
Third two files saved in 92.93 seconds
Fourth two files saved in 17.42 seconds
Fifth two files saved in 100.33 seconds
Time taken for JJA: 324.05 seconds
Calculating for SON
First two files saved in 80.23 seconds
Second two files saved in 13.31 seconds
Third two files saved in 85.73 seconds
Fourth two files saved in 17.91 seconds
Fifth two files saved in 87.72 seconds
Time taken for SON: 284.89 seconds
NetCDF files for UBD and ws saved
#executed by process	1 in 1286.08s	with status	0 : python /home/vdemeyer/TRACKING/KATJA/POSTPROCESSING/contribution_ETCs.py 2003 --sim UBD --var ws
Calculating for DJF
First two files saved in 130.01 seconds
Second two files saved in 21.95 seconds
Third two files saved in 112.54 seconds
Fourth two files saved in 25.76 seconds
Fifth two files saved in 147.27 seconds
Time taken for DJF: 437.52 seconds
Calculating for MAM
First two files saved in 134.83 seconds
Second two files saved in 18.57 seconds
Third two files saved in 119.46 seconds
Fourth two files saved in 22.58 seconds
Fifth two files saved in 144.99 seconds
Time taken for MAM: 440.43 seconds
Calculating for JJA
First two files saved in 121.77 seconds
Second two files saved in 19.47 seconds
Third two files saved in 112.51 seconds
Fourth two files saved in 26.56 seconds
Fifth two files saved in 147.92 seconds
Time taken for JJA: 428.22 seconds
Calculating for SON
First two files saved in 115.80 seconds
Second two files saved in 21.19 seconds
Third two files saved in 117.94 seconds
Fourth two files saved in 27.70 seconds
Fifth two files saved in 133.41 seconds
Time taken for SON: 416.03 seconds
NetCDF files for UBD and ws saved
#executed by process	3 in 1742.37s	with status	0 : python /home/vdemeyer/TRACKING/KATJA/POSTPROCESSING/contribution_ETCs.py 1999 --sim UBD --var ws
Calculating for DJF
First two files saved in 137.35 seconds
Second two files saved in 21.24 seconds
Third two files saved in 116.09 seconds
Fourth two files saved in 23.58 seconds
Fifth two files saved in 157.22 seconds
Time taken for DJF: 455.48 seconds
Calculating for MAM
First two files saved in 118.55 seconds
Second two files saved in 22.55 seconds
Third two files saved in 117.73 seconds
Fourth two files saved in 28.67 seconds
Fifth two files saved in 142.90 seconds
Time taken for MAM: 430.40 seconds
Calculating for JJA
First two files saved in 115.80 seconds
Second two files saved in 21.28 seconds
Third two files saved in 123.27 seconds
Fourth two files saved in 24.79 seconds
Fifth two files saved in 141.80 seconds
Time taken for JJA: 426.96 seconds
Calculating for SON
First two files saved in 112.93 seconds
Second two files saved in 20.79 seconds
Third two files saved in 124.38 seconds
Fourth two files saved in 23.99 seconds
Fifth two files saved in 132.41 seconds
Time taken for SON: 414.49 seconds
NetCDF files for UBD and ws saved
#executed by process	4 in 1745.79s	with status	0 : python /home/vdemeyer/TRACKING/KATJA/POSTPROCESSING/contribution_ETCs.py 2002 --sim UBD --var ws
Calculating for DJF
First two files saved in 141.17 seconds
Second two files saved in 22.22 seconds
Third two files saved in 111.79 seconds
Fourth two files saved in 25.33 seconds
Fifth two files saved in 160.55 seconds
Time taken for DJF: 461.07 seconds
Calculating for MAM
First two files saved in 115.45 seconds
Second two files saved in 23.72 seconds
Third two files saved in 121.41 seconds
Fourth two files saved in 28.40 seconds
Fifth two files saved in 141.41 seconds
Time taken for MAM: 430.38 seconds
Calculating for JJA
First two files saved in 121.07 seconds
Second two files saved in 21.56 seconds
Third two files saved in 124.39 seconds
Fourth two files saved in 26.57 seconds
Fifth two files saved in 134.30 seconds
Time taken for JJA: 427.88 seconds
Calculating for SON
First two files saved in 123.96 seconds
Second two files saved in 20.13 seconds
Third two files saved in 126.47 seconds
Fourth two files saved in 26.20 seconds
Fifth two files saved in 127.49 seconds
Time taken for SON: 424.24 seconds
NetCDF files for UBD and ws saved
#executed by process	5 in 1762.85s	with status	0 : python /home/vdemeyer/TRACKING/KATJA/POSTPROCESSING/contribution_ETCs.py 2001 --sim UBD --var ws
Calculating for DJF
First two files saved in 97.14 seconds
Second two files saved in 16.91 seconds
Third two files saved in 98.72 seconds
Fourth two files saved in 18.09 seconds
Fifth two files saved in 109.82 seconds
Time taken for DJF: 340.68 seconds
Calculating for MAM
First two files saved in 117.07 seconds
Second two files saved in 17.32 seconds
Third two files saved in 87.70 seconds
Fourth two files saved in 18.67 seconds
Fifth two files saved in 90.16 seconds
Time taken for MAM: 330.93 seconds
Calculating for JJA
First two files saved in 116.29 seconds
Second two files saved in 14.98 seconds
Third two files saved in 88.72 seconds
Fourth two files saved in 19.48 seconds
Fifth two files saved in 92.39 seconds
Time taken for JJA: 331.85 seconds
Calculating for SON
First two files saved in 113.61 seconds
Second two files saved in 14.39 seconds
Third two files saved in 95.39 seconds
Fourth two files saved in 20.29 seconds
Fifth two files saved in 107.07 seconds
Time taken for SON: 350.76 seconds
NetCDF files for UBD and ws saved
#executed by process	7 in 1373.18s	with status	0 : python /home/vdemeyer/TRACKING/KATJA/POSTPROCESSING/contribution_ETCs.py 2004 --sim UBD --var ws
Calculating for DJF
First two files saved in 117.21 seconds
Second two files saved in 14.50 seconds
Third two files saved in 92.78 seconds
Fourth two files saved in 25.28 seconds
Fifth two files saved in 123.08 seconds
Time taken for DJF: 372.86 seconds
Calculating for MAM
First two files saved in 93.54 seconds
Second two files saved in 14.58 seconds
Third two files saved in 94.24 seconds
Fourth two files saved in 18.29 seconds
Fifth two files saved in 116.33 seconds
Time taken for MAM: 336.98 seconds
Calculating for JJA
First two files saved in 101.53 seconds
Second two files saved in 15.75 seconds
Third two files saved in 90.39 seconds
Fourth two files saved in 18.57 seconds
Fifth two files saved in 104.06 seconds
Time taken for JJA: 330.30 seconds
Calculating for SON
First two files saved in 110.93 seconds
Second two files saved in 16.36 seconds
Third two files saved in 98.41 seconds
Fourth two files saved in 20.56 seconds
Fifth two files saved in 94.59 seconds
Time taken for SON: 340.86 seconds
NetCDF files for UBD and ws saved
#executed by process	2 in 1399.8s	with status	0 : python /home/vdemeyer/TRACKING/KATJA/POSTPROCESSING/contribution_ETCs.py 2005 --sim UBD --var ws
Calculating for DJF
First two files saved in 178.74 seconds
Second two files saved in 43.52 seconds
Third two files saved in 187.74 seconds
Fourth two files saved in 45.39 seconds
Fifth two files saved in 217.48 seconds
Time taken for DJF: 672.87 seconds
Calculating for MAM
First two files saved in 192.04 seconds
Second two files saved in 45.02 seconds
Third two files saved in 194.29 seconds
Fourth two files saved in 45.90 seconds
Fifth two files saved in 206.13 seconds
Time taken for MAM: 683.39 seconds
Calculating for JJA
First two files saved in 202.50 seconds
Second two files saved in 49.65 seconds
Third two files saved in 179.73 seconds
Fourth two files saved in 48.38 seconds
Fifth two files saved in 224.70 seconds
Time taken for JJA: 704.95 seconds
Calculating for SON
First two files saved in 221.42 seconds
Second two files saved in 40.44 seconds
Third two files saved in 188.24 seconds
Fourth two files saved in 47.68 seconds
Fifth two files saved in 215.07 seconds
Time taken for SON: 712.85 seconds
NetCDF files for UBD and ws saved
#executed by process	15 in 2797.24s	with status	0 : python /home/vdemeyer/TRACKING/KATJA/POSTPROCESSING/contribution_ETCs.py 1994 --sim UBD --var ws
Calculating for DJF
First two files saved in 149.06 seconds
Second two files saved in 27.86 seconds
Third two files saved in 142.71 seconds
Fourth two files saved in 33.03 seconds
Fifth two files saved in 161.45 seconds
Time taken for DJF: 514.12 seconds
Calculating for MAM
First two files saved in 155.21 seconds
Second two files saved in 28.00 seconds
Third two files saved in 145.42 seconds
Fourth two files saved in 32.07 seconds
Fifth two files saved in 147.66 seconds
Time taken for MAM: 508.35 seconds
Calculating for JJA
First two files saved in 148.61 seconds
Second two files saved in 30.12 seconds
Third two files saved in 148.34 seconds
Fourth two files saved in 29.64 seconds
Fifth two files saved in 161.28 seconds
Time taken for JJA: 517.99 seconds
Calculating for SON
First two files saved in 146.97 seconds
Second two files saved in 29.81 seconds
Third two files saved in 143.36 seconds
Fourth two files saved in 34.98 seconds
Fifth two files saved in 153.22 seconds
Time taken for SON: 508.34 seconds
NetCDF files for UBD and ws saved
#executed by process	9 in 2070.6s	with status	0 : python /home/vdemeyer/TRACKING/KATJA/POSTPROCESSING/contribution_ETCs.py 2000 --sim UBD --var ws
Calculating for DJF
First two files saved in 191.69 seconds
Second two files saved in 39.48 seconds
Third two files saved in 182.61 seconds
Fourth two files saved in 42.28 seconds
Fifth two files saved in 216.24 seconds
Time taken for DJF: 672.30 seconds
Calculating for MAM
First two files saved in 196.75 seconds
Second two files saved in 42.53 seconds
Third two files saved in 185.37 seconds
Fourth two files saved in 49.62 seconds
Fifth two files saved in 211.51 seconds
Time taken for MAM: 685.78 seconds
Calculating for JJA
First two files saved in 203.61 seconds
Second two files saved in 35.22 seconds
Third two files saved in 190.16 seconds
Fourth two files saved in 49.26 seconds
Fifth two files saved in 225.56 seconds
Time taken for JJA: 703.81 seconds
Calculating for SON
First two files saved in 212.30 seconds
Second two files saved in 39.05 seconds
Third two files saved in 191.41 seconds
Fourth two files saved in 45.84 seconds
Fifth two files saved in 207.59 seconds
Time taken for SON: 696.19 seconds
NetCDF files for UBD and ws saved
#executed by process	14 in 2778.65s	with status	0 : python /home/vdemeyer/TRACKING/KATJA/POSTPROCESSING/contribution_ETCs.py 1995 --sim UBD --var ws
Calculating for DJF
First two files saved in 111.33 seconds
Second two files saved in 17.55 seconds
Third two files saved in 99.09 seconds
Fourth two files saved in 21.17 seconds
Fifth two files saved in 137.54 seconds
Time taken for DJF: 386.68 seconds
Calculating for MAM
First two files saved in 98.40 seconds
Second two files saved in 17.26 seconds
Third two files saved in 97.34 seconds
Fourth two files saved in 24.13 seconds
Fifth two files saved in 105.64 seconds
Time taken for MAM: 342.77 seconds
Calculating for JJA
First two files saved in 116.45 seconds
Second two files saved in 20.28 seconds
Third two files saved in 98.15 seconds
Fourth two files saved in 21.84 seconds
Fifth two files saved in 116.07 seconds
Time taken for JJA: 372.80 seconds
Calculating for SON
First two files saved in 96.21 seconds
Second two files saved in 24.32 seconds
Third two files saved in 106.60 seconds
Fourth two files saved in 19.20 seconds
Fifth two files saved in 104.50 seconds
Time taken for SON: 350.83 seconds
NetCDF files for UBD and ws saved
#executed by process	6 in 1471.59s	with status	0 : python /home/vdemeyer/TRACKING/KATJA/POSTPROCESSING/contribution_ETCs.py 2006 --sim UBD --var ws
Calculating for DJF
First two files saved in 67.28 seconds
Second two files saved in 23.35 seconds
Third two files saved in 40.58 seconds
Fourth two files saved in 6.50 seconds
Fifth two files saved in 33.17 seconds
Time taken for DJF: 170.88 seconds
Calculating for MAM
First two files saved in 8.15 seconds
Second two files saved in 5.03 seconds
Third two files saved in 5.84 seconds
Fourth two files saved in 2.21 seconds
Fifth two files saved in 10.84 seconds
Time taken for MAM: 32.07 seconds
Calculating for JJA
First two files saved in 6.47 seconds
Second two files saved in 4.97 seconds
Third two files saved in 2.43 seconds
Fourth two files saved in 2.79 seconds
Fifth two files saved in 5.41 seconds
Time taken for JJA: 22.08 seconds
Calculating for SON
First two files saved in 174.67 seconds
Second two files saved in 58.99 seconds
Third two files saved in 82.88 seconds
Fourth two files saved in 17.19 seconds
Fifth two files saved in 72.72 seconds
Time taken for SON: 406.46 seconds
NetCDF files for UBE and pr saved
#executed by process	7 in 640.209s	with status	0 : python /home/vdemeyer/TRACKING/KATJA/POSTPROCESSING/contribution_ETCs.py 1979 --sim UBE --var pr
Calculating for DJF
First two files saved in 223.41 seconds
Second two files saved in 50.80 seconds
Third two files saved in 223.92 seconds
Fourth two files saved in 53.40 seconds
Fifth two files saved in 262.85 seconds
Time taken for DJF: 814.37 seconds
Calculating for MAM
First two files saved in 242.16 seconds
Second two files saved in 55.48 seconds
Third two files saved in 252.43 seconds
Fourth two files saved in 58.40 seconds
Fifth two files saved in 278.98 seconds
Time taken for MAM: 887.46 seconds
Calculating for JJA
First two files saved in 258.45 seconds
Second two files saved in 70.07 seconds
Third two files saved in 248.93 seconds
Fourth two files saved in 63.68 seconds
Fifth two files saved in 308.48 seconds
Time taken for JJA: 949.62 seconds
Calculating for SON
First two files saved in 205.11 seconds
Second two files saved in 45.29 seconds
Third two files saved in 224.40 seconds
Fourth two files saved in 50.67 seconds
Fifth two files saved in 288.11 seconds
Time taken for SON: 813.59 seconds
NetCDF files for UBD and ws saved
#executed by process	12 in 3489.57s	with status	0 : python /home/vdemeyer/TRACKING/KATJA/POSTPROCESSING/contribution_ETCs.py 1996 --sim UBD --var ws
Calculating for DJF
First two files saved in 123.90 seconds
Second two files saved in 14.73 seconds
Third two files saved in 96.68 seconds
Fourth two files saved in 17.64 seconds
Fifth two files saved in 110.76 seconds
Time taken for DJF: 363.71 seconds
Calculating for MAM
First two files saved in 97.45 seconds
Second two files saved in 14.06 seconds
Third two files saved in 101.51 seconds
Fourth two files saved in 19.65 seconds
Fifth two files saved in 82.40 seconds
Time taken for MAM: 315.06 seconds
Calculating for JJA
First two files saved in 105.76 seconds
Second two files saved in 18.55 seconds
Third two files saved in 85.91 seconds
Fourth two files saved in 18.96 seconds
Fifth two files saved in 99.34 seconds
Time taken for JJA: 328.52 seconds
Calculating for SON
First two files saved in 85.79 seconds
Second two files saved in 13.80 seconds
Third two files saved in 85.45 seconds
Fourth two files saved in 19.68 seconds
Fifth two files saved in 89.18 seconds
Time taken for SON: 293.90 seconds
NetCDF files for UBD and ws saved
#executed by process	1 in 1319.7s	with status	0 : python /home/vdemeyer/TRACKING/KATJA/POSTPROCESSING/contribution_ETCs.py 2011 --sim UBD --var ws
Calculating for DJF
First two files saved in 139.77 seconds
Second two files saved in 21.20 seconds
Third two files saved in 126.03 seconds
Fourth two files saved in 22.27 seconds
Fifth two files saved in 142.22 seconds
Time taken for DJF: 451.49 seconds
Calculating for MAM
First two files saved in 122.02 seconds
Second two files saved in 23.29 seconds
Third two files saved in 106.46 seconds
Fourth two files saved in 23.14 seconds
Fifth two files saved in 113.75 seconds
Time taken for MAM: 388.66 seconds
Calculating for JJA
First two files saved in 125.06 seconds
Second two files saved in 18.93 seconds
Third two files saved in 114.71 seconds
Fourth two files saved in 24.93 seconds
Fifth two files saved in 139.40 seconds
Time taken for JJA: 423.02 seconds
Calculating for SON
First two files saved in 102.73 seconds
Second two files saved in 17.55 seconds
Third two files saved in 107.64 seconds
Fourth two files saved in 25.80 seconds
Fifth two files saved in 146.40 seconds
Time taken for SON: 400.12 seconds
NetCDF files for UBD and ws saved
#executed by process	3 in 1683.22s	with status	0 : python /home/vdemeyer/TRACKING/KATJA/POSTPROCESSING/contribution_ETCs.py 2012 --sim UBD --var ws
Calculating for DJF
First two files saved in 122.38 seconds
Second two files saved in 25.10 seconds
Third two files saved in 123.46 seconds
Fourth two files saved in 27.05 seconds
Fifth two files saved in 139.82 seconds
Time taken for DJF: 437.81 seconds
Calculating for MAM
First two files saved in 129.75 seconds
Second two files saved in 17.95 seconds
Third two files saved in 107.80 seconds
Fourth two files saved in 22.09 seconds
Fifth two files saved in 118.50 seconds
Time taken for MAM: 396.08 seconds
Calculating for JJA
First two files saved in 107.68 seconds
Second two files saved in 23.21 seconds
Third two files saved in 120.82 seconds
Fourth two files saved in 31.43 seconds
Fifth two files saved in 117.80 seconds
Time taken for JJA: 400.94 seconds
Calculating for SON
First two files saved in 100.20 seconds
Second two files saved in 18.78 seconds
Third two files saved in 116.67 seconds
Fourth two files saved in 29.66 seconds
Fifth two files saved in 143.11 seconds
Time taken for SON: 408.42 seconds
NetCDF files for UBD and ws saved
#executed by process	4 in 1662.85s	with status	0 : python /home/vdemeyer/TRACKING/KATJA/POSTPROCESSING/contribution_ETCs.py 2013 --sim UBD --var ws
Calculating for DJF
First two files saved in 129.72 seconds
Second two files saved in 20.02 seconds
Third two files saved in 118.81 seconds
Fourth two files saved in 25.45 seconds
Fifth two files saved in 138.77 seconds
Time taken for DJF: 432.77 seconds
Calculating for MAM
First two files saved in 131.30 seconds
Second two files saved in 17.56 seconds
Third two files saved in 121.37 seconds
Fourth two files saved in 24.78 seconds
Fifth two files saved in 117.01 seconds
Time taken for MAM: 412.03 seconds
Calculating for JJA
First two files saved in 110.70 seconds
Second two files saved in 21.02 seconds
Third two files saved in 134.01 seconds
Fourth two files saved in 26.69 seconds
Fifth two files saved in 105.72 seconds
Time taken for JJA: 398.14 seconds
Calculating for SON
First two files saved in 103.31 seconds
Second two files saved in 18.21 seconds
Third two files saved in 117.46 seconds
Fourth two files saved in 29.60 seconds
Fifth two files saved in 130.44 seconds
Time taken for SON: 399.02 seconds
NetCDF files for UBD and ws saved
#executed by process	5 in 1661.14s	with status	0 : python /home/vdemeyer/TRACKING/KATJA/POSTPROCESSING/contribution_ETCs.py 2014 --sim UBD --var ws
Calculating for DJF
First two files saved in 172.82 seconds
Second two files saved in 26.17 seconds
Third two files saved in 150.77 seconds
Fourth two files saved in 32.45 seconds
Fifth two files saved in 152.49 seconds
Time taken for DJF: 534.70 seconds
Calculating for MAM
First two files saved in 154.66 seconds
Second two files saved in 20.90 seconds
Third two files saved in 127.22 seconds
Fourth two files saved in 30.80 seconds
Fifth two files saved in 163.06 seconds
Time taken for MAM: 496.64 seconds
Calculating for JJA
First two files saved in 161.70 seconds
Second two files saved in 29.52 seconds
Third two files saved in 146.71 seconds
Fourth two files saved in 29.54 seconds
Fifth two files saved in 138.70 seconds
Time taken for JJA: 506.16 seconds
Calculating for SON
First two files saved in 141.80 seconds
Second two files saved in 28.89 seconds
Third two files saved in 147.96 seconds
Fourth two files saved in 33.52 seconds
Fifth two files saved in 188.96 seconds
Time taken for SON: 541.12 seconds
NetCDF files for UBD and ws saved
#executed by process	8 in 2101.77s	with status	0 : python /home/vdemeyer/TRACKING/KATJA/POSTPROCESSING/contribution_ETCs.py 2010 --sim UBD --var ws
Calculating for DJF
First two files saved in 231.62 seconds
Second two files saved in 63.89 seconds
Third two files saved in 100.81 seconds
Fourth two files saved in 18.24 seconds
Fifth two files saved in 105.76 seconds
Time taken for DJF: 520.32 seconds
Calculating for MAM
First two files saved in 198.74 seconds
Second two files saved in 61.21 seconds
Third two files saved in 95.78 seconds
Fourth two files saved in 23.23 seconds
Fifth two files saved in 105.48 seconds
Time taken for MAM: 484.43 seconds
Calculating for JJA
First two files saved in 165.88 seconds
Second two files saved in 63.96 seconds
Third two files saved in 93.48 seconds
Fourth two files saved in 21.64 seconds
Fifth two files saved in 119.26 seconds
Time taken for JJA: 464.22 seconds
Calculating for SON
First two files saved in 162.67 seconds
Second two files saved in 63.64 seconds
Third two files saved in 94.22 seconds
Fourth two files saved in 20.21 seconds
Fifth two files saved in 105.57 seconds
Time taken for SON: 446.32 seconds
NetCDF files for UBE and pr saved
#executed by process	2 in 1933.97s	with status	0 : python /home/vdemeyer/TRACKING/KATJA/POSTPROCESSING/contribution_ETCs.py 1980 --sim UBE --var pr
Calculating for DJF
First two files saved in 253.08 seconds
Second two files saved in 63.22 seconds
Third two files saved in 257.87 seconds
Fourth two files saved in 68.54 seconds
Fifth two files saved in 304.72 seconds
Time taken for DJF: 947.42 seconds
Calculating for MAM
First two files saved in 235.76 seconds
Second two files saved in 33.29 seconds
Third two files saved in 218.99 seconds
Fourth two files saved in 46.73 seconds
Fifth two files saved in 264.34 seconds
Time taken for MAM: 799.13 seconds
Calculating for JJA
First two files saved in 243.72 seconds
Second two files saved in 40.28 seconds
Third two files saved in 195.93 seconds
Fourth two files saved in 41.76 seconds
Fifth two files saved in 297.05 seconds
Time taken for JJA: 818.75 seconds
Calculating for SON
First two files saved in 202.65 seconds
Second two files saved in 42.37 seconds
Third two files saved in 201.78 seconds
Fourth two files saved in 78.51 seconds
Fifth two files saved in 216.12 seconds
Time taken for SON: 741.42 seconds
NetCDF files for UBD and ws saved
#executed by process	10 in 3329.74s	with status	0 : python /home/vdemeyer/TRACKING/KATJA/POSTPROCESSING/contribution_ETCs.py 2007 --sim UBD --var ws
Calculating for DJF
First two files saved in 258.30 seconds
Second two files saved in 60.64 seconds
Third two files saved in 249.19 seconds
Fourth two files saved in 62.15 seconds
Fifth two files saved in 292.12 seconds
Time taken for DJF: 922.39 seconds
Calculating for MAM
First two files saved in 229.58 seconds
Second two files saved in 35.99 seconds
Third two files saved in 228.02 seconds
Fourth two files saved in 47.09 seconds
Fifth two files saved in 265.33 seconds
Time taken for MAM: 806.00 seconds
Calculating for JJA
First two files saved in 230.36 seconds
Second two files saved in 33.99 seconds
Third two files saved in 191.04 seconds
Fourth two files saved in 40.43 seconds
Fifth two files saved in 307.42 seconds
Time taken for JJA: 803.25 seconds
Calculating for SON
First two files saved in 216.54 seconds
Second two files saved in 37.14 seconds
Third two files saved in 204.70 seconds
Fourth two files saved in 78.50 seconds
Fifth two files saved in 209.99 seconds
Time taken for SON: 746.86 seconds
NetCDF files for UBD and ws saved
#executed by process	13 in 3302.6s	with status	0 : python /home/vdemeyer/TRACKING/KATJA/POSTPROCESSING/contribution_ETCs.py 2009 --sim UBD --var ws
Calculating for DJF
First two files saved in 256.81 seconds
Second two files saved in 58.55 seconds
Third two files saved in 257.59 seconds
Fourth two files saved in 63.34 seconds
Fifth two files saved in 304.45 seconds
Time taken for DJF: 940.73 seconds
Calculating for MAM
First two files saved in 232.08 seconds
Second two files saved in 34.13 seconds
Third two files saved in 218.50 seconds
Fourth two files saved in 46.43 seconds
Fifth two files saved in 266.94 seconds
Time taken for MAM: 798.08 seconds
Calculating for JJA
First two files saved in 241.23 seconds
Second two files saved in 39.92 seconds
Third two files saved in 197.12 seconds
Fourth two files saved in 43.18 seconds
Fifth two files saved in 306.57 seconds
Time taken for JJA: 828.02 seconds
Calculating for SON
First two files saved in 213.79 seconds
Second two files saved in 36.96 seconds
Third two files saved in 205.15 seconds
Fourth two files saved in 89.17 seconds
Fifth two files saved in 210.12 seconds
Time taken for SON: 755.20 seconds
NetCDF files for UBD and ws saved
#executed by process	11 in 3344.33s	with status	0 : python /home/vdemeyer/TRACKING/KATJA/POSTPROCESSING/contribution_ETCs.py 2008 --sim UBD --var ws
Calculating for DJF
First two files saved in 198.09 seconds
Second two files saved in 60.43 seconds
Third two files saved in 93.72 seconds
Fourth two files saved in 24.83 seconds
Fifth two files saved in 104.03 seconds
Time taken for DJF: 481.10 seconds
Calculating for MAM
First two files saved in 157.57 seconds
Second two files saved in 60.08 seconds
Third two files saved in 94.88 seconds
Fourth two files saved in 21.17 seconds
Fifth two files saved in 113.43 seconds
Time taken for MAM: 447.13 seconds
Calculating for JJA
First two files saved in 157.92 seconds
Second two files saved in 60.17 seconds
Third two files saved in 90.01 seconds
Fourth two files saved in 22.08 seconds
Fifth two files saved in 106.69 seconds
Time taken for JJA: 436.87 seconds
Calculating for SON
First two files saved in 163.16 seconds
Second two files saved in 61.22 seconds
Third two files saved in 83.61 seconds
Fourth two files saved in 17.89 seconds
Fifth two files saved in 100.54 seconds
Time taken for SON: 426.42 seconds
NetCDF files for UBE and pr saved
#executed by process	7 in 1809.99s	with status	0 : python /home/vdemeyer/TRACKING/KATJA/POSTPROCESSING/contribution_ETCs.py 1985 --sim UBE --var pr
Calculating for DJF
First two files saved in 225.88 seconds
Second two files saved in 62.98 seconds
Third two files saved in 95.90 seconds
Fourth two files saved in 21.57 seconds
Fifth two files saved in 123.38 seconds
Time taken for DJF: 529.71 seconds
Calculating for MAM
First two files saved in 180.57 seconds
Second two files saved in 62.35 seconds
Third two files saved in 94.92 seconds
Fourth two files saved in 23.29 seconds
Fifth two files saved in 122.78 seconds
Time taken for MAM: 483.91 seconds
Calculating for JJA
First two files saved in 164.08 seconds
Second two files saved in 61.98 seconds
Third two files saved in 93.93 seconds
Fourth two files saved in 21.12 seconds
Fifth two files saved in 122.41 seconds
Time taken for JJA: 463.53 seconds
Calculating for SON
First two files saved in 189.08 seconds
Second two files saved in 62.78 seconds
Third two files saved in 87.52 seconds
Fourth two files saved in 25.31 seconds
Fifth two files saved in 111.15 seconds
Time taken for SON: 475.84 seconds
NetCDF files for UBE and pr saved
#executed by process	6 in 1972.05s	with status	0 : python /home/vdemeyer/TRACKING/KATJA/POSTPROCESSING/contribution_ETCs.py 1984 --sim UBE --var pr
Calculating for DJF
First two files saved in 249.14 seconds
Second two files saved in 94.07 seconds
Third two files saved in 140.50 seconds
Fourth two files saved in 33.61 seconds
Fifth two files saved in 142.82 seconds
Time taken for DJF: 660.14 seconds
Calculating for MAM
First two files saved in 205.90 seconds
Second two files saved in 76.14 seconds
Third two files saved in 131.41 seconds
Fourth two files saved in 27.53 seconds
Fifth two files saved in 201.33 seconds
Time taken for MAM: 642.31 seconds
Calculating for JJA
First two files saved in 211.89 seconds
Second two files saved in 79.04 seconds
Third two files saved in 133.95 seconds
Fourth two files saved in 31.36 seconds
Fifth two files saved in 184.66 seconds
Time taken for JJA: 640.89 seconds
Calculating for SON
First two files saved in 208.71 seconds
Second two files saved in 77.45 seconds
Third two files saved in 135.21 seconds
Fourth two files saved in 29.06 seconds
Fifth two files saved in 139.98 seconds
Time taken for SON: 590.42 seconds
NetCDF files for UBE and pr saved
#executed by process	9 in 2556.1s	with status	0 : python /home/vdemeyer/TRACKING/KATJA/POSTPROCESSING/contribution_ETCs.py 1982 --sim UBE --var pr
Calculating for DJF
First two files saved in 165.58 seconds
Second two files saved in 59.31 seconds
Third two files saved in 99.07 seconds
Fourth two files saved in 19.02 seconds
Fifth two files saved in 129.99 seconds
Time taken for DJF: 472.97 seconds
Calculating for MAM
First two files saved in 153.08 seconds
Second two files saved in 58.05 seconds
Third two files saved in 83.56 seconds
Fourth two files saved in 17.93 seconds
Fifth two files saved in 104.84 seconds
Time taken for MAM: 417.46 seconds
Calculating for JJA
First two files saved in 193.17 seconds
Second two files saved in 59.42 seconds
Third two files saved in 83.23 seconds
Fourth two files saved in 17.40 seconds
Fifth two files saved in 99.98 seconds
Time taken for JJA: 453.19 seconds
Calculating for SON
First two files saved in 168.17 seconds
Second two files saved in 60.58 seconds
Third two files saved in 79.74 seconds
Fourth two files saved in 18.70 seconds
Fifth two files saved in 82.22 seconds
Time taken for SON: 409.41 seconds
NetCDF files for UBE and pr saved
#executed by process	1 in 1771.09s	with status	0 : python /home/vdemeyer/TRACKING/KATJA/POSTPROCESSING/contribution_ETCs.py 1987 --sim UBE --var pr
Calculating for DJF
First two files saved in 268.44 seconds
Second two files saved in 113.15 seconds
Third two files saved in 178.79 seconds
Fourth two files saved in 41.56 seconds
Fifth two files saved in 205.39 seconds
Time taken for DJF: 807.33 seconds
Calculating for MAM
First two files saved in 237.76 seconds
Second two files saved in 90.45 seconds
Third two files saved in 216.59 seconds
Fourth two files saved in 50.32 seconds
Fifth two files saved in 171.99 seconds
Time taken for MAM: 767.11 seconds
Calculating for JJA
First two files saved in 243.89 seconds
Second two files saved in 133.16 seconds
Third two files saved in 169.57 seconds
Fourth two files saved in 44.11 seconds
Fifth two files saved in 166.72 seconds
Time taken for JJA: 757.45 seconds
Calculating for SON
First two files saved in 261.45 seconds
Second two files saved in 92.27 seconds
Third two files saved in 201.93 seconds
Fourth two files saved in 38.31 seconds
Fifth two files saved in 210.61 seconds
Time taken for SON: 804.57 seconds
NetCDF files for UBE and pr saved
#executed by process	15 in 3162.05s	with status	0 : python /home/vdemeyer/TRACKING/KATJA/POSTPROCESSING/contribution_ETCs.py 1981 --sim UBE --var pr
Calculating for DJF
First two files saved in 287.31 seconds
Second two files saved in 97.54 seconds
Third two files saved in 190.92 seconds
Fourth two files saved in 44.78 seconds
Fifth two files saved in 192.47 seconds
Time taken for DJF: 813.01 seconds
Calculating for MAM
First two files saved in 225.03 seconds
Second two files saved in 96.10 seconds
Third two files saved in 217.23 seconds
Fourth two files saved in 35.28 seconds
Fifth two files saved in 165.92 seconds
Time taken for MAM: 739.55 seconds
Calculating for JJA
First two files saved in 254.75 seconds
Second two files saved in 151.13 seconds
Third two files saved in 176.75 seconds
Fourth two files saved in 30.70 seconds
Fifth two files saved in 179.83 seconds
Time taken for JJA: 793.16 seconds
Calculating for SON
First two files saved in 247.94 seconds
Second two files saved in 96.62 seconds
Third two files saved in 198.67 seconds
Fourth two files saved in 45.85 seconds
Fifth two files saved in 186.05 seconds
Time taken for SON: 775.14 seconds
NetCDF files for UBE and pr saved
#executed by process	14 in 3143.6s	with status	0 : python /home/vdemeyer/TRACKING/KATJA/POSTPROCESSING/contribution_ETCs.py 1983 --sim UBE --var pr
Calculating for DJF
First two files saved in 174.65 seconds
Second two files saved in 67.87 seconds
Third two files saved in 120.35 seconds
Fourth two files saved in 29.81 seconds
Fifth two files saved in 135.17 seconds
Time taken for DJF: 527.85 seconds
Calculating for MAM
First two files saved in 168.03 seconds
Second two files saved in 69.28 seconds
Third two files saved in 126.23 seconds
Fourth two files saved in 25.68 seconds
Fifth two files saved in 103.94 seconds
Time taken for MAM: 493.16 seconds
Calculating for JJA
First two files saved in 177.69 seconds
Second two files saved in 71.97 seconds
Third two files saved in 132.09 seconds
Fourth two files saved in 30.23 seconds
Fifth two files saved in 110.08 seconds
Time taken for JJA: 522.05 seconds
Calculating for SON
First two files saved in 187.10 seconds
Second two files saved in 71.12 seconds
Third two files saved in 113.67 seconds
Fourth two files saved in 22.79 seconds
Fifth two files saved in 110.05 seconds
Time taken for SON: 504.73 seconds
NetCDF files for UBE and pr saved
#executed by process	3 in 2068.88s	with status	0 : python /home/vdemeyer/TRACKING/KATJA/POSTPROCESSING/contribution_ETCs.py 1988 --sim UBE --var pr
Calculating for DJF
First two files saved in 178.45 seconds
Second two files saved in 69.47 seconds
Third two files saved in 132.13 seconds
Fourth two files saved in 23.74 seconds
Fifth two files saved in 119.82 seconds
Time taken for DJF: 523.60 seconds
Calculating for MAM
First two files saved in 171.31 seconds
Second two files saved in 70.93 seconds
Third two files saved in 118.44 seconds
Fourth two files saved in 23.71 seconds
Fifth two files saved in 107.18 seconds
Time taken for MAM: 491.57 seconds
Calculating for JJA
First two files saved in 182.28 seconds
Second two files saved in 71.89 seconds
Third two files saved in 123.46 seconds
Fourth two files saved in 23.25 seconds
Fifth two files saved in 109.72 seconds
Time taken for JJA: 510.60 seconds
Calculating for SON
First two files saved in 190.39 seconds
Second two files saved in 74.59 seconds
Third two files saved in 109.21 seconds
Fourth two files saved in 25.59 seconds
Fifth two files saved in 107.02 seconds
Time taken for SON: 506.81 seconds
NetCDF files for UBE and pr saved
#executed by process	4 in 2052.24s	with status	0 : python /home/vdemeyer/TRACKING/KATJA/POSTPROCESSING/contribution_ETCs.py 1989 --sim UBE --var pr
Calculating for DJF
First two files saved in 179.47 seconds
Second two files saved in 69.47 seconds
Third two files saved in 132.74 seconds
Fourth two files saved in 25.52 seconds
Fifth two files saved in 118.30 seconds
Time taken for DJF: 525.50 seconds
Calculating for MAM
First two files saved in 173.74 seconds
Second two files saved in 70.00 seconds
Third two files saved in 119.11 seconds
Fourth two files saved in 21.58 seconds
Fifth two files saved in 108.37 seconds
Time taken for MAM: 492.79 seconds
Calculating for JJA
First two files saved in 188.86 seconds
Second two files saved in 73.25 seconds
Third two files saved in 116.86 seconds
Fourth two files saved in 24.75 seconds
Fifth two files saved in 105.92 seconds
Time taken for JJA: 509.65 seconds
Calculating for SON
First two files saved in 211.94 seconds
Second two files saved in 75.65 seconds
Third two files saved in 104.04 seconds
Fourth two files saved in 23.46 seconds
Fifth two files saved in 100.12 seconds
Time taken for SON: 515.21 seconds
NetCDF files for UBE and pr saved
#executed by process	5 in 2062.12s	with status	0 : python /home/vdemeyer/TRACKING/KATJA/POSTPROCESSING/contribution_ETCs.py 1990 --sim UBE --var pr
Calculating for DJF
First two files saved in 180.10 seconds
Second two files saved in 62.94 seconds
Third two files saved in 93.07 seconds
Fourth two files saved in 25.95 seconds
Fifth two files saved in 95.65 seconds
Time taken for DJF: 457.71 seconds
Calculating for MAM
First two files saved in 186.85 seconds
Second two files saved in 61.30 seconds
Third two files saved in 91.17 seconds
Fourth two files saved in 19.85 seconds
Fifth two files saved in 105.01 seconds
Time taken for MAM: 464.19 seconds
Calculating for JJA
First two files saved in 180.75 seconds
Second two files saved in 62.84 seconds
Third two files saved in 97.00 seconds
Fourth two files saved in 19.05 seconds
Fifth two files saved in 105.74 seconds
Time taken for JJA: 465.36 seconds
Calculating for SON
First two files saved in 173.72 seconds
Second two files saved in 64.51 seconds
Third two files saved in 95.16 seconds
Fourth two files saved in 18.61 seconds
Fifth two files saved in 88.50 seconds
Time taken for SON: 440.50 seconds
NetCDF files for UBE and pr saved
#executed by process	2 in 1847s	with status	0 : python /home/vdemeyer/TRACKING/KATJA/POSTPROCESSING/contribution_ETCs.py 1992 --sim UBE --var pr
Calculating for DJF
First two files saved in 197.75 seconds
Second two files saved in 77.80 seconds
Third two files saved in 139.53 seconds
Fourth two files saved in 29.59 seconds
Fifth two files saved in 183.01 seconds
Time taken for DJF: 627.68 seconds
Calculating for MAM
First two files saved in 195.24 seconds
Second two files saved in 76.87 seconds
Third two files saved in 136.74 seconds
Fourth two files saved in 28.45 seconds
Fifth two files saved in 122.50 seconds
Time taken for MAM: 559.80 seconds
Calculating for JJA
First two files saved in 236.86 seconds
Second two files saved in 91.20 seconds
Third two files saved in 140.97 seconds
Fourth two files saved in 30.28 seconds
Fifth two files saved in 136.06 seconds
Time taken for JJA: 635.37 seconds
Calculating for SON
First two files saved in 193.14 seconds
Second two files saved in 76.26 seconds
Third two files saved in 137.95 seconds
Fourth two files saved in 31.20 seconds
Fifth two files saved in 187.09 seconds
Time taken for SON: 625.63 seconds
NetCDF files for UBE and pr saved
#executed by process	8 in 2471.82s	with status	0 : python /home/vdemeyer/TRACKING/KATJA/POSTPROCESSING/contribution_ETCs.py 1991 --sim UBE --var pr
Calculating for DJF
First two files saved in 206.13 seconds
Second two files saved in 60.10 seconds
Third two files saved in 92.76 seconds
Fourth two files saved in 18.93 seconds
Fifth two files saved in 119.73 seconds
Time taken for DJF: 497.64 seconds
Calculating for MAM
First two files saved in 170.32 seconds
Second two files saved in 59.23 seconds
Third two files saved in 89.76 seconds
Fourth two files saved in 19.13 seconds
Fifth two files saved in 98.80 seconds
Time taken for MAM: 437.23 seconds
Calculating for JJA
First two files saved in 166.63 seconds
Second two files saved in 62.36 seconds
Third two files saved in 85.00 seconds
Fourth two files saved in 18.37 seconds
Fifth two files saved in 103.60 seconds
Time taken for JJA: 435.95 seconds
Calculating for SON
First two files saved in 157.23 seconds
Second two files saved in 63.42 seconds
Third two files saved in 107.07 seconds
Fourth two files saved in 21.12 seconds
Fifth two files saved in 101.17 seconds
Time taken for SON: 450.01 seconds
NetCDF files for UBE and pr saved
#executed by process	7 in 1839.13s	with status	0 : python /home/vdemeyer/TRACKING/KATJA/POSTPROCESSING/contribution_ETCs.py 1996 --sim UBE --var pr
Calculating for DJF
First two files saved in 284.76 seconds
Second two files saved in 107.68 seconds
Third two files saved in 257.44 seconds
Fourth two files saved in 38.37 seconds
Fifth two files saved in 213.52 seconds
Time taken for DJF: 901.78 seconds
Calculating for MAM
First two files saved in 328.68 seconds
Second two files saved in 135.76 seconds
Third two files saved in 152.37 seconds
Fourth two files saved in 36.69 seconds
Fifth two files saved in 186.14 seconds
Time taken for MAM: 839.63 seconds
Calculating for JJA
First two files saved in 267.42 seconds
Second two files saved in 160.56 seconds
Third two files saved in 192.03 seconds
Fourth two files saved in 35.96 seconds
Fifth two files saved in 168.39 seconds
Time taken for JJA: 824.35 seconds
Calculating for SON
First two files saved in 262.65 seconds
Second two files saved in 156.51 seconds
Third two files saved in 176.15 seconds
Fourth two files saved in 24.38 seconds
Fifth two files saved in 160.09 seconds
Time taken for SON: 779.78 seconds
NetCDF files for UBE and pr saved
#executed by process	12 in 3369.63s	with status	0 : python /home/vdemeyer/TRACKING/KATJA/POSTPROCESSING/contribution_ETCs.py 1986 --sim UBE --var pr
Calculating for DJF
First two files saved in 202.41 seconds
Second two files saved in 61.59 seconds
Third two files saved in 94.90 seconds
Fourth two files saved in 26.11 seconds
Fifth two files saved in 117.62 seconds
Time taken for DJF: 502.62 seconds
Calculating for MAM
First two files saved in 176.93 seconds
Second two files saved in 61.58 seconds
Third two files saved in 94.27 seconds
Fourth two files saved in 21.52 seconds
Fifth two files saved in 109.63 seconds
Time taken for MAM: 463.92 seconds
Calculating for JJA
First two files saved in 197.09 seconds
Second two files saved in 63.13 seconds
Third two files saved in 101.99 seconds
Fourth two files saved in 19.26 seconds
Fifth two files saved in 86.52 seconds
Time taken for JJA: 467.99 seconds
Calculating for SON
First two files saved in 185.94 seconds
Second two files saved in 71.18 seconds
Third two files saved in 101.20 seconds
Fourth two files saved in 19.44 seconds
Fifth two files saved in 95.08 seconds
Time taken for SON: 472.84 seconds
NetCDF files for UBE and pr saved
#executed by process	6 in 1925.86s	with status	0 : python /home/vdemeyer/TRACKING/KATJA/POSTPROCESSING/contribution_ETCs.py 1997 --sim UBE --var pr
Calculating for DJF
First two files saved in 198.53 seconds
Second two files saved in 59.69 seconds
Third two files saved in 79.24 seconds
Fourth two files saved in 17.09 seconds
Fifth two files saved in 99.46 seconds
Time taken for DJF: 454.01 seconds
Calculating for MAM
First two files saved in 188.09 seconds
Second two files saved in 60.87 seconds
Third two files saved in 82.99 seconds
Fourth two files saved in 17.19 seconds
Fifth two files saved in 92.78 seconds
Time taken for MAM: 441.92 seconds
Calculating for JJA
First two files saved in 165.44 seconds
Second two files saved in 59.68 seconds
Third two files saved in 91.53 seconds
Fourth two files saved in 17.46 seconds
Fifth two files saved in 112.16 seconds
Time taken for JJA: 446.26 seconds
Calculating for SON
First two files saved in 155.19 seconds
Second two files saved in 60.94 seconds
Third two files saved in 83.55 seconds
Fourth two files saved in 18.19 seconds
Fifth two files saved in 81.33 seconds
Time taken for SON: 399.20 seconds
NetCDF files for UBE and pr saved
#executed by process	1 in 1760.96s	with status	0 : python /home/vdemeyer/TRACKING/KATJA/POSTPROCESSING/contribution_ETCs.py 1999 --sim UBE --var pr
Calculating for DJF
First two files saved in 232.33 seconds
Second two files saved in 85.37 seconds
Third two files saved in 137.59 seconds
Fourth two files saved in 32.43 seconds
Fifth two files saved in 137.92 seconds
Time taken for DJF: 625.64 seconds
Calculating for MAM
First two files saved in 194.77 seconds
Second two files saved in 72.71 seconds
Third two files saved in 131.29 seconds
Fourth two files saved in 32.11 seconds
Fifth two files saved in 190.01 seconds
Time taken for MAM: 620.89 seconds
Calculating for JJA
First two files saved in 192.12 seconds
Second two files saved in 74.11 seconds
Third two files saved in 126.08 seconds
Fourth two files saved in 31.43 seconds
Fifth two files saved in 172.24 seconds
Time taken for JJA: 595.97 seconds
Calculating for SON
First two files saved in 200.97 seconds
Second two files saved in 76.31 seconds
Third two files saved in 128.03 seconds
Fourth two files saved in 30.03 seconds
Fifth two files saved in 125.88 seconds
Time taken for SON: 561.24 seconds
NetCDF files for UBE and pr saved
#executed by process	9 in 2426.62s	with status	0 : python /home/vdemeyer/TRACKING/KATJA/POSTPROCESSING/contribution_ETCs.py 1998 --sim UBE --var pr
Calculating for DJF
First two files saved in 271.17 seconds
Second two files saved in 97.63 seconds
Third two files saved in 169.97 seconds
Fourth two files saved in 46.58 seconds
Fifth two files saved in 228.54 seconds
Time taken for DJF: 813.89 seconds
Calculating for MAM
First two files saved in 262.82 seconds
Second two files saved in 93.53 seconds
Third two files saved in 160.06 seconds
Fourth two files saved in 46.31 seconds
Fifth two files saved in 279.82 seconds
Time taken for MAM: 842.53 seconds
Calculating for JJA
First two files saved in 239.55 seconds
Second two files saved in 81.89 seconds
Third two files saved in 226.01 seconds
Fourth two files saved in 67.30 seconds
Fifth two files saved in 216.10 seconds
Time taken for JJA: 830.86 seconds
Calculating for SON
First two files saved in 252.69 seconds
Second two files saved in 88.90 seconds
Third two files saved in 178.32 seconds
Fourth two files saved in 40.65 seconds
Fifth two files saved in 213.71 seconds
Time taken for SON: 774.27 seconds
NetCDF files for UBE and pr saved
#executed by process	13 in 3283.55s	with status	0 : python /home/vdemeyer/TRACKING/KATJA/POSTPROCESSING/contribution_ETCs.py 1994 --sim UBE --var pr
Calculating for DJF
First two files saved in 253.95 seconds
Second two files saved in 96.89 seconds
Third two files saved in 169.03 seconds
Fourth two files saved in 45.85 seconds
Fifth two files saved in 251.67 seconds
Time taken for DJF: 817.38 seconds
Calculating for MAM
First two files saved in 255.87 seconds
Second two files saved in 92.25 seconds
Third two files saved in 161.28 seconds
Fourth two files saved in 47.46 seconds
Fifth two files saved in 280.88 seconds
Time taken for MAM: 837.74 seconds
Calculating for JJA
First two files saved in 228.41 seconds
Second two files saved in 86.29 seconds
Third two files saved in 204.43 seconds
Fourth two files saved in 84.93 seconds
Fifth two files saved in 220.01 seconds
Time taken for JJA: 824.07 seconds
Calculating for SON
First two files saved in 250.37 seconds
Second two files saved in 89.38 seconds
Third two files saved in 174.28 seconds
Fourth two files saved in 51.80 seconds
Fifth two files saved in 225.76 seconds
Time taken for SON: 791.60 seconds
NetCDF files for UBE and pr saved
#executed by process	10 in 3296.03s	with status	0 : python /home/vdemeyer/TRACKING/KATJA/POSTPROCESSING/contribution_ETCs.py 1993 --sim UBE --var pr
Calculating for DJF
First two files saved in 257.31 seconds
Second two files saved in 98.40 seconds
Third two files saved in 171.61 seconds
Fourth two files saved in 47.13 seconds
Fifth two files saved in 232.84 seconds
Time taken for DJF: 807.28 seconds
Calculating for MAM
First two files saved in 261.43 seconds
Second two files saved in 94.87 seconds
Third two files saved in 164.64 seconds
Fourth two files saved in 51.16 seconds
Fifth two files saved in 273.59 seconds
Time taken for MAM: 845.68 seconds
Calculating for JJA
First two files saved in 232.00 seconds
Second two files saved in 82.14 seconds
Third two files saved in 244.96 seconds
Fourth two files saved in 47.49 seconds
Fifth two files saved in 221.23 seconds
Time taken for JJA: 827.83 seconds
Calculating for SON
First two files saved in 258.93 seconds
Second two files saved in 86.30 seconds
Third two files saved in 183.49 seconds
Fourth two files saved in 38.52 seconds
Fifth two files saved in 219.15 seconds
Time taken for SON: 786.39 seconds
NetCDF files for UBE and pr saved
#executed by process	11 in 3287.65s	with status	0 : python /home/vdemeyer/TRACKING/KATJA/POSTPROCESSING/contribution_ETCs.py 1995 --sim UBE --var pr
Calculating for DJF
First two files saved in 230.12 seconds
Second two files saved in 68.57 seconds
Third two files saved in 97.74 seconds
Fourth two files saved in 23.14 seconds
Fifth two files saved in 138.32 seconds
Time taken for DJF: 557.88 seconds
Calculating for MAM
First two files saved in 191.36 seconds
Second two files saved in 66.37 seconds
Third two files saved in 96.55 seconds
Fourth two files saved in 25.01 seconds
Fifth two files saved in 127.70 seconds
Time taken for MAM: 506.99 seconds
Calculating for JJA
First two files saved in 179.42 seconds
Second two files saved in 69.48 seconds
Third two files saved in 111.35 seconds
Fourth two files saved in 24.00 seconds
Fifth two files saved in 136.52 seconds
Time taken for JJA: 520.77 seconds
Calculating for SON
First two files saved in 179.78 seconds
Second two files saved in 69.45 seconds
Third two files saved in 103.55 seconds
Fourth two files saved in 24.11 seconds
Fifth two files saved in 129.45 seconds
Time taken for SON: 506.34 seconds
NetCDF files for UBE and pr saved
#executed by process	3 in 2114.29s	with status	0 : python /home/vdemeyer/TRACKING/KATJA/POSTPROCESSING/contribution_ETCs.py 2002 --sim UBE --var pr
Calculating for DJF
First two files saved in 220.27 seconds
Second two files saved in 67.27 seconds
Third two files saved in 97.31 seconds
Fourth two files saved in 17.65 seconds
Fifth two files saved in 91.03 seconds
Time taken for DJF: 493.52 seconds
Calculating for MAM
First two files saved in 194.85 seconds
Second two files saved in 65.65 seconds
Third two files saved in 109.45 seconds
Fourth two files saved in 17.82 seconds
Fifth two files saved in 78.08 seconds
Time taken for MAM: 465.85 seconds
Calculating for JJA
First two files saved in 181.42 seconds
Second two files saved in 64.73 seconds
Third two files saved in 105.35 seconds
Fourth two files saved in 18.62 seconds
Fifth two files saved in 85.41 seconds
Time taken for JJA: 455.53 seconds
Calculating for SON
First two files saved in 185.62 seconds
Second two files saved in 65.51 seconds
Third two files saved in 90.56 seconds
Fourth two files saved in 21.97 seconds
Fifth two files saved in 96.10 seconds
Time taken for SON: 459.75 seconds
NetCDF files for UBE and pr saved
#executed by process	2 in 1893.72s	with status	0 : python /home/vdemeyer/TRACKING/KATJA/POSTPROCESSING/contribution_ETCs.py 2005 --sim UBE --var pr
Calculating for DJF
First two files saved in 234.43 seconds
Second two files saved in 67.83 seconds
Third two files saved in 106.33 seconds
Fourth two files saved in 22.26 seconds
Fifth two files saved in 150.53 seconds
Time taken for DJF: 581.39 seconds
Calculating for MAM
First two files saved in 182.29 seconds
Second two files saved in 64.34 seconds
Third two files saved in 105.15 seconds
Fourth two files saved in 24.39 seconds
Fifth two files saved in 131.46 seconds
Time taken for MAM: 507.64 seconds
Calculating for JJA
First two files saved in 184.75 seconds
Second two files saved in 68.11 seconds
Third two files saved in 111.07 seconds
Fourth two files saved in 25.78 seconds
Fifth two files saved in 131.52 seconds
Time taken for JJA: 521.22 seconds
Calculating for SON
First two files saved in 173.18 seconds
Second two files saved in 70.20 seconds
Third two files saved in 113.94 seconds
Fourth two files saved in 25.12 seconds
Fifth two files saved in 130.49 seconds
Time taken for SON: 512.93 seconds
NetCDF files for UBE and pr saved
#executed by process	4 in 2142.9s	with status	0 : python /home/vdemeyer/TRACKING/KATJA/POSTPROCESSING/contribution_ETCs.py 2003 --sim UBE --var pr
Calculating for DJF
First two files saved in 226.50 seconds
Second two files saved in 67.79 seconds
Third two files saved in 106.45 seconds
Fourth two files saved in 22.24 seconds
Fifth two files saved in 143.83 seconds
Time taken for DJF: 566.82 seconds
Calculating for MAM
First two files saved in 178.38 seconds
Second two files saved in 64.72 seconds
Third two files saved in 106.17 seconds
Fourth two files saved in 24.96 seconds
Fifth two files saved in 131.05 seconds
Time taken for MAM: 505.28 seconds
Calculating for JJA
First two files saved in 175.60 seconds
Second two files saved in 67.52 seconds
Third two files saved in 116.27 seconds
Fourth two files saved in 26.68 seconds
Fifth two files saved in 139.07 seconds
Time taken for JJA: 525.14 seconds
Calculating for SON
First two files saved in 178.15 seconds
Second two files saved in 70.61 seconds
Third two files saved in 108.51 seconds
Fourth two files saved in 24.99 seconds
Fifth two files saved in 128.90 seconds
Time taken for SON: 511.16 seconds
NetCDF files for UBE and pr saved
#executed by process	5 in 2128.24s	with status	0 : python /home/vdemeyer/TRACKING/KATJA/POSTPROCESSING/contribution_ETCs.py 2004 --sim UBE --var pr
Calculating for DJF
First two files saved in 175.56 seconds
Second two files saved in 61.02 seconds
Third two files saved in 94.12 seconds
Fourth two files saved in 23.88 seconds
Fifth two files saved in 107.34 seconds
Time taken for DJF: 461.92 seconds
Calculating for MAM
First two files saved in 157.12 seconds
Second two files saved in 59.39 seconds
Third two files saved in 93.25 seconds
Fourth two files saved in 19.54 seconds
Fifth two files saved in 107.08 seconds
Time taken for MAM: 436.38 seconds
Calculating for JJA
First two files saved in 162.14 seconds
Second two files saved in 61.36 seconds
Third two files saved in 90.33 seconds
Fourth two files saved in 18.15 seconds
Fifth two files saved in 91.51 seconds
Time taken for JJA: 423.49 seconds
Calculating for SON
First two files saved in 183.33 seconds
Second two files saved in 65.66 seconds
Third two files saved in 95.05 seconds
Fourth two files saved in 20.14 seconds
Fifth two files saved in 95.98 seconds
Time taken for SON: 460.15 seconds
NetCDF files for UBE and pr saved
#executed by process	7 in 1800.1s	with status	0 : python /home/vdemeyer/TRACKING/KATJA/POSTPROCESSING/contribution_ETCs.py 2007 --sim UBE --var pr
Calculating for DJF
First two files saved in 44.06 seconds
Second two files saved in 6.58 seconds
Third two files saved in 37.83 seconds
Fourth two files saved in 10.19 seconds
Fifth two files saved in 42.99 seconds
Time taken for DJF: 141.65 seconds
Calculating for MAM
First two files saved in 5.34 seconds
Second two files saved in 2.09 seconds
Third two files saved in 5.95 seconds
Fourth two files saved in 2.97 seconds
Fifth two files saved in 8.87 seconds
Time taken for MAM: 25.23 seconds
Calculating for JJA
First two files saved in 4.76 seconds
Second two files saved in 1.62 seconds
Third two files saved in 2.97 seconds
Fourth two files saved in 3.31 seconds
Fifth two files saved in 6.68 seconds
Time taken for JJA: 19.35 seconds
Calculating for SON
First two files saved in 106.16 seconds
Second two files saved in 19.00 seconds
Third two files saved in 113.14 seconds
Fourth two files saved in 21.01 seconds
Fifth two files saved in 97.63 seconds
Time taken for SON: 356.93 seconds
NetCDF files for UBE and ws saved
#executed by process	3 in 552.997s	with status	0 : python /home/vdemeyer/TRACKING/KATJA/POSTPROCESSING/contribution_ETCs.py 1979 --sim UBE --var ws
Calculating for DJF
First two files saved in 236.04 seconds
Second two files saved in 89.55 seconds
Third two files saved in 184.22 seconds
Fourth two files saved in 44.07 seconds
Fifth two files saved in 208.83 seconds
Time taken for DJF: 762.71 seconds
Calculating for MAM
First two files saved in 202.79 seconds
Second two files saved in 79.56 seconds
Third two files saved in 220.92 seconds
Fourth two files saved in 46.44 seconds
Fifth two files saved in 195.27 seconds
Time taken for MAM: 744.98 seconds
Calculating for JJA
First two files saved in 223.40 seconds
Second two files saved in 85.68 seconds
Third two files saved in 141.92 seconds
Fourth two files saved in 36.51 seconds
Fifth two files saved in 167.91 seconds
Time taken for JJA: 655.42 seconds
Calculating for SON
First two files saved in 263.55 seconds
Second two files saved in 102.92 seconds
Third two files saved in 150.51 seconds
Fourth two files saved in 30.05 seconds
Fifth two files saved in 198.18 seconds
Time taken for SON: 745.20 seconds
NetCDF files for UBE and pr saved
#executed by process	15 in 2934.15s	with status	0 : python /home/vdemeyer/TRACKING/KATJA/POSTPROCESSING/contribution_ETCs.py 2000 --sim UBE --var pr
Calculating for DJF
First two files saved in 237.85 seconds
Second two files saved in 91.49 seconds
Third two files saved in 181.51 seconds
Fourth two files saved in 86.30 seconds
Fifth two files saved in 157.29 seconds
Time taken for DJF: 754.44 seconds
Calculating for MAM
First two files saved in 206.99 seconds
Second two files saved in 84.19 seconds
Third two files saved in 209.66 seconds
Fourth two files saved in 48.76 seconds
Fifth two files saved in 185.43 seconds
Time taken for MAM: 735.03 seconds
Calculating for JJA
First two files saved in 233.74 seconds
Second two files saved in 81.88 seconds
Third two files saved in 147.99 seconds
Fourth two files saved in 36.60 seconds
Fifth two files saved in 165.24 seconds
Time taken for JJA: 665.46 seconds
Calculating for SON
First two files saved in 282.34 seconds
Second two files saved in 104.16 seconds
Third two files saved in 138.26 seconds
Fourth two files saved in 31.86 seconds
Fifth two files saved in 198.55 seconds
Time taken for SON: 755.17 seconds
NetCDF files for UBE and pr saved
#executed by process	14 in 2932.04s	with status	0 : python /home/vdemeyer/TRACKING/KATJA/POSTPROCESSING/contribution_ETCs.py 2001 --sim UBE --var pr
Calculating for DJF
First two files saved in 208.33 seconds
Second two files saved in 68.55 seconds
Third two files saved in 93.66 seconds
Fourth two files saved in 19.58 seconds
Fifth two files saved in 95.52 seconds
Time taken for DJF: 485.64 seconds
Calculating for MAM
First two files saved in 184.53 seconds
Second two files saved in 69.10 seconds
Third two files saved in 105.16 seconds
Fourth two files saved in 18.41 seconds
Fifth two files saved in 83.09 seconds
Time taken for MAM: 460.29 seconds
Calculating for JJA
First two files saved in 193.17 seconds
Second two files saved in 67.06 seconds
Third two files saved in 101.54 seconds
Fourth two files saved in 24.62 seconds
Fifth two files saved in 97.47 seconds
Time taken for JJA: 483.87 seconds
Calculating for SON
First two files saved in 212.20 seconds
Second two files saved in 71.84 seconds
Third two files saved in 100.98 seconds
Fourth two files saved in 21.42 seconds
Fifth two files saved in 111.95 seconds
Time taken for SON: 518.39 seconds
NetCDF files for UBE and pr saved
#executed by process	6 in 1967.21s	with status	0 : python /home/vdemeyer/TRACKING/KATJA/POSTPROCESSING/contribution_ETCs.py 2009 --sim UBE --var pr
Calculating for DJF
First two files saved in 186.71 seconds
Second two files saved in 72.95 seconds
Third two files saved in 135.10 seconds
Fourth two files saved in 31.92 seconds
Fifth two files saved in 171.83 seconds
Time taken for DJF: 598.52 seconds
Calculating for MAM
First two files saved in 192.20 seconds
Second two files saved in 71.59 seconds
Third two files saved in 136.02 seconds
Fourth two files saved in 27.83 seconds
Fifth two files saved in 108.95 seconds
Time taken for MAM: 536.59 seconds
Calculating for JJA
First two files saved in 198.96 seconds
Second two files saved in 73.06 seconds
Third two files saved in 140.43 seconds
Fourth two files saved in 28.38 seconds
Fifth two files saved in 172.87 seconds
Time taken for JJA: 613.69 seconds
Calculating for SON
First two files saved in 191.60 seconds
Second two files saved in 74.02 seconds
Third two files saved in 139.62 seconds
Fourth two files saved in 28.05 seconds
Fifth two files saved in 148.17 seconds
Time taken for SON: 581.46 seconds
NetCDF files for UBE and pr saved
Calculating for DJF
First two files saved in 207.57 seconds
Second two files saved in 59.54 seconds
Third two files saved in 80.75 seconds
Fourth two files saved in 16.98 seconds
Fifth two files saved in 95.28 seconds
Time taken for DJF: 460.12 seconds
Calculating for MAM
First two files saved in 194.05 seconds
Second two files saved in 58.95 seconds
Third two files saved in 79.87 seconds
Fourth two files saved in 17.39 seconds
Fifth two files saved in 86.51 seconds
Time taken for MAM: 436.77 seconds
Calculating for JJA
First two files saved in 201.03 seconds
Second two files saved in 61.16 seconds
Third two files saved in 95.98 seconds
Fourth two files saved in 19.34 seconds
Fifth two files saved in 98.41 seconds
Time taken for JJA: 475.91 seconds
Calculating for SON
First two files saved in 187.01 seconds
Second two files saved in 64.85 seconds
Third two files saved in 95.38 seconds
Fourth two files saved in 18.50 seconds
Fifth two files saved in 92.99 seconds
Time taken for SON: 458.73 seconds
NetCDF files for UBE and pr saved
#executed by process	8 in 2353.86s	with status	0 : python /home/vdemeyer/TRACKING/KATJA/POSTPROCESSING/contribution_ETCs.py 2006 --sim UBE --var pr
#executed by process	1 in 1849.8s	with status	0 : python /home/vdemeyer/TRACKING/KATJA/POSTPROCESSING/contribution_ETCs.py 2010 --sim UBE --var pr
Calculating for DJF
First two files saved in 103.84 seconds
Second two files saved in 17.80 seconds
Third two files saved in 106.97 seconds
Fourth two files saved in 20.74 seconds
Fifth two files saved in 120.82 seconds
Time taken for DJF: 370.17 seconds
Calculating for MAM
First two files saved in 102.03 seconds
Second two files saved in 16.17 seconds
Third two files saved in 97.51 seconds
Fourth two files saved in 21.44 seconds
Fifth two files saved in 105.24 seconds
Time taken for MAM: 342.39 seconds
Calculating for JJA
First two files saved in 95.41 seconds
Second two files saved in 22.17 seconds
Third two files saved in 108.25 seconds
Fourth two files saved in 23.71 seconds
Fifth two files saved in 101.28 seconds
Time taken for JJA: 350.81 seconds
Calculating for SON
First two files saved in 92.21 seconds
Second two files saved in 15.03 seconds
Third two files saved in 101.47 seconds
Fourth two files saved in 23.43 seconds
Fifth two files saved in 103.57 seconds
Time taken for SON: 335.70 seconds
NetCDF files for UBE and ws saved
#executed by process	2 in 1417.92s	with status	0 : python /home/vdemeyer/TRACKING/KATJA/POSTPROCESSING/contribution_ETCs.py 1980 --sim UBE --var ws
Calculating for DJF
First two files saved in 110.66 seconds
Second two files saved in 16.67 seconds
Third two files saved in 90.26 seconds
Fourth two files saved in 22.32 seconds
Fifth two files saved in 118.63 seconds
Time taken for DJF: 358.53 seconds
Calculating for MAM
First two files saved in 90.78 seconds
Second two files saved in 16.89 seconds
Third two files saved in 94.96 seconds
Fourth two files saved in 21.00 seconds
Fifth two files saved in 115.35 seconds
Time taken for MAM: 338.98 seconds
Calculating for JJA
First two files saved in 88.96 seconds
Second two files saved in 15.04 seconds
Third two files saved in 89.55 seconds
Fourth two files saved in 18.53 seconds
Fifth two files saved in 118.99 seconds
Time taken for JJA: 331.07 seconds
Calculating for SON
First two files saved in 94.55 seconds
Second two files saved in 14.65 seconds
Third two files saved in 86.08 seconds
Fourth two files saved in 18.73 seconds
Fifth two files saved in 99.92 seconds
Time taken for SON: 313.92 seconds
NetCDF files for UBE and ws saved
#executed by process	7 in 1360.59s	with status	0 : python /home/vdemeyer/TRACKING/KATJA/POSTPROCESSING/contribution_ETCs.py 1983 --sim UBE --var ws
Calculating for DJF
First two files saved in 120.39 seconds
Second two files saved in 23.36 seconds
Third two files saved in 129.29 seconds
Fourth two files saved in 25.80 seconds
Fifth two files saved in 148.93 seconds
Time taken for DJF: 447.78 seconds
Calculating for MAM
First two files saved in 119.53 seconds
Second two files saved in 20.35 seconds
Third two files saved in 123.02 seconds
Fourth two files saved in 25.31 seconds
Fifth two files saved in 131.65 seconds
Time taken for MAM: 419.86 seconds
Calculating for JJA
First two files saved in 138.92 seconds
Second two files saved in 21.84 seconds
Third two files saved in 116.26 seconds
Fourth two files saved in 24.30 seconds
Fifth two files saved in 141.86 seconds
Time taken for JJA: 443.18 seconds
Calculating for SON
First two files saved in 121.04 seconds
Second two files saved in 21.90 seconds
Third two files saved in 118.83 seconds
Fourth two files saved in 25.28 seconds
Fifth two files saved in 149.90 seconds
Time taken for SON: 436.95 seconds
NetCDF files for UBE and ws saved
#executed by process	4 in 1766.37s	with status	0 : python /home/vdemeyer/TRACKING/KATJA/POSTPROCESSING/contribution_ETCs.py 1981 --sim UBE --var ws
Calculating for DJF
First two files saved in 117.26 seconds
Second two files saved in 21.29 seconds
Third two files saved in 132.83 seconds
Fourth two files saved in 25.75 seconds
Fifth two files saved in 146.75 seconds
Time taken for DJF: 443.87 seconds
Calculating for MAM
First two files saved in 119.72 seconds
Second two files saved in 20.36 seconds
Third two files saved in 116.55 seconds
Fourth two files saved in 27.27 seconds
Fifth two files saved in 132.44 seconds
Time taken for MAM: 416.33 seconds
Calculating for JJA
First two files saved in 137.93 seconds
Second two files saved in 20.88 seconds
Third two files saved in 115.33 seconds
Fourth two files saved in 25.90 seconds
Fifth two files saved in 146.94 seconds
Time taken for JJA: 446.98 seconds
Calculating for SON
First two files saved in 124.63 seconds
Second two files saved in 21.48 seconds
Third two files saved in 119.38 seconds
Fourth two files saved in 25.03 seconds
Fifth two files saved in 148.66 seconds
Time taken for SON: 439.17 seconds
NetCDF files for UBE and ws saved
#executed by process	5 in 1765.42s	with status	0 : python /home/vdemeyer/TRACKING/KATJA/POSTPROCESSING/contribution_ETCs.py 1982 --sim UBE --var ws
Calculating for DJF
First two files saved in 198.45 seconds
Second two files saved in 71.69 seconds
Third two files saved in 144.35 seconds
Fourth two files saved in 29.99 seconds
Fifth two files saved in 180.17 seconds
Time taken for DJF: 624.65 seconds
Calculating for MAM
First two files saved in 193.81 seconds
Second two files saved in 71.80 seconds
Third two files saved in 145.85 seconds
Fourth two files saved in 28.91 seconds
Fifth two files saved in 145.21 seconds
Time taken for MAM: 585.59 seconds
Calculating for JJA
First two files saved in 197.16 seconds
Second two files saved in 78.59 seconds
Third two files saved in 134.39 seconds
Fourth two files saved in 30.94 seconds
Fifth two files saved in 179.22 seconds
Time taken for JJA: 620.30 seconds
Calculating for SON
First two files saved in 209.32 seconds
Second two files saved in 79.64 seconds
Third two files saved in 145.00 seconds
Fourth two files saved in 31.12 seconds
Fifth two files saved in 141.59 seconds
Time taken for SON: 606.67 seconds
NetCDF files for UBE and pr saved
#executed by process	9 in 2458.98s	with status	0 : python /home/vdemeyer/TRACKING/KATJA/POSTPROCESSING/contribution_ETCs.py 2011 --sim UBE --var pr
Calculating for DJF
First two files saved in 336.63 seconds
Second two files saved in 136.41 seconds
Third two files saved in 155.87 seconds
Fourth two files saved in 33.08 seconds
Fifth two files saved in 172.06 seconds
Time taken for DJF: 834.05 seconds
Calculating for MAM
First two files saved in 264.75 seconds
Second two files saved in 104.73 seconds
Third two files saved in 209.12 seconds
Fourth two files saved in 39.25 seconds
Fifth two files saved in 161.28 seconds
Time taken for MAM: 779.12 seconds
Calculating for JJA
First two files saved in 260.76 seconds
Second two files saved in 119.00 seconds
Third two files saved in 222.66 seconds
Fourth two files saved in 38.61 seconds
Fifth two files saved in 203.26 seconds
Time taken for JJA: 844.29 seconds
Calculating for SON
First two files saved in 332.36 seconds
Second two files saved in 110.72 seconds
Third two files saved in 223.99 seconds
Fourth two files saved in 42.93 seconds
Fifth two files saved in 210.42 seconds
Time taken for SON: 920.43 seconds
NetCDF files for UBE and pr saved
#executed by process	12 in 3398.39s	with status	0 : python /home/vdemeyer/TRACKING/KATJA/POSTPROCESSING/contribution_ETCs.py 2008 --sim UBE --var pr
Calculating for DJF
First two files saved in 103.30 seconds
Second two files saved in 13.40 seconds
Third two files saved in 102.35 seconds
Fourth two files saved in 22.47 seconds
Fifth two files saved in 104.47 seconds
Time taken for DJF: 346.00 seconds
Calculating for MAM
First two files saved in 86.33 seconds
Second two files saved in 14.90 seconds
Third two files saved in 86.04 seconds
Fourth two files saved in 18.19 seconds
Fifth two files saved in 106.20 seconds
Time taken for MAM: 311.66 seconds
Calculating for JJA
First two files saved in 90.95 seconds
Second two files saved in 14.50 seconds
Third two files saved in 85.49 seconds
Fourth two files saved in 17.66 seconds
Fifth two files saved in 109.14 seconds
Time taken for JJA: 317.74 seconds
Calculating for SON
First two files saved in 110.37 seconds
Second two files saved in 14.92 seconds
Third two files saved in 91.93 seconds
Fourth two files saved in 17.99 seconds
Fifth two files saved in 89.71 seconds
Time taken for SON: 324.93 seconds
NetCDF files for UBE and ws saved
#executed by process	1 in 1317.63s	with status	0 : python /home/vdemeyer/TRACKING/KATJA/POSTPROCESSING/contribution_ETCs.py 1989 --sim UBE --var ws
Calculating for DJF
First two files saved in 120.00 seconds
Second two files saved in 16.85 seconds
Third two files saved in 118.79 seconds
Fourth two files saved in 20.45 seconds
Fifth two files saved in 137.53 seconds
Time taken for DJF: 413.63 seconds
Calculating for MAM
First two files saved in 95.27 seconds
Second two files saved in 18.50 seconds
Third two files saved in 94.32 seconds
Fourth two files saved in 22.49 seconds
Fifth two files saved in 131.39 seconds
Time taken for MAM: 361.96 seconds
Calculating for JJA
First two files saved in 100.50 seconds
Second two files saved in 17.72 seconds
Third two files saved in 100.35 seconds
Fourth two files saved in 24.98 seconds
Fifth two files saved in 120.95 seconds
Time taken for JJA: 364.50 seconds
Calculating for SON
First two files saved in 100.80 seconds
Second two files saved in 16.80 seconds
Third two files saved in 100.63 seconds
Fourth two files saved in 23.54 seconds
Fifth two files saved in 113.91 seconds
Time taken for SON: 355.68 seconds
NetCDF files for UBE and ws saved
#executed by process	6 in 1514.06s	with status	0 : python /home/vdemeyer/TRACKING/KATJA/POSTPROCESSING/contribution_ETCs.py 1987 --sim UBE --var ws
Calculating for DJF
First two files saved in 136.71 seconds
Second two files saved in 21.54 seconds
Third two files saved in 114.55 seconds
Fourth two files saved in 24.73 seconds
Fifth two files saved in 150.83 seconds
Time taken for DJF: 448.35 seconds
Calculating for MAM
First two files saved in 124.50 seconds
Second two files saved in 21.36 seconds
Third two files saved in 112.97 seconds
Fourth two files saved in 25.88 seconds
Fifth two files saved in 148.81 seconds
Time taken for MAM: 433.52 seconds
Calculating for JJA
First two files saved in 113.88 seconds
Second two files saved in 21.91 seconds
Third two files saved in 133.17 seconds
Fourth two files saved in 23.06 seconds
Fifth two files saved in 125.65 seconds
Time taken for JJA: 417.67 seconds
Calculating for SON
First two files saved in 117.64 seconds
Second two files saved in 26.92 seconds
Third two files saved in 127.06 seconds
Fourth two files saved in 23.69 seconds
Fifth two files saved in 140.39 seconds
Time taken for SON: 435.71 seconds
NetCDF files for UBE and ws saved
#executed by process	3 in 1756.5s	with status	0 : python /home/vdemeyer/TRACKING/KATJA/POSTPROCESSING/contribution_ETCs.py 1984 --sim UBE --var ws
Calculating for DJF
First two files saved in 148.77 seconds
Second two files saved in 23.49 seconds
Third two files saved in 128.80 seconds
Fourth two files saved in 30.36 seconds
Fifth two files saved in 175.34 seconds
Time taken for DJF: 506.75 seconds
Calculating for MAM
First two files saved in 151.49 seconds
Second two files saved in 23.76 seconds
Third two files saved in 142.77 seconds
Fourth two files saved in 26.52 seconds
Fifth two files saved in 145.31 seconds
Time taken for MAM: 489.85 seconds
Calculating for JJA
First two files saved in 146.35 seconds
Second two files saved in 30.01 seconds
Third two files saved in 131.10 seconds
Fourth two files saved in 28.92 seconds
Fifth two files saved in 149.21 seconds
Time taken for JJA: 485.59 seconds
Calculating for SON
First two files saved in 197.32 seconds
Second two files saved in 30.36 seconds
Third two files saved in 143.96 seconds
Fourth two files saved in 31.42 seconds
Fifth two files saved in 148.25 seconds
Time taken for SON: 551.31 seconds
NetCDF files for UBE and ws saved
#executed by process	8 in 2056.13s	with status	0 : python /home/vdemeyer/TRACKING/KATJA/POSTPROCESSING/contribution_ETCs.py 1988 --sim UBE --var ws
Calculating for DJF
First two files saved in 108.94 seconds
Second two files saved in 15.79 seconds
Third two files saved in 108.22 seconds
Fourth two files saved in 18.56 seconds
Fifth two files saved in 113.48 seconds
Time taken for DJF: 364.99 seconds
Calculating for MAM
First two files saved in 114.37 seconds
Second two files saved in 15.85 seconds
Third two files saved in 102.05 seconds
Fourth two files saved in 20.73 seconds
Fifth two files saved in 102.10 seconds
Time taken for MAM: 355.10 seconds
Calculating for JJA
First two files saved in 113.42 seconds
Second two files saved in 15.69 seconds
Third two files saved in 101.54 seconds
Fourth two files saved in 19.45 seconds
Fifth two files saved in 98.66 seconds
Time taken for JJA: 348.77 seconds
Calculating for SON
First two files saved in 104.75 seconds
Second two files saved in 18.19 seconds
Third two files saved in 114.43 seconds
Fourth two files saved in 19.43 seconds
Fifth two files saved in 92.38 seconds
Time taken for SON: 349.18 seconds
NetCDF files for UBE and ws saved
#executed by process	2 in 1436.68s	with status	0 : python /home/vdemeyer/TRACKING/KATJA/POSTPROCESSING/contribution_ETCs.py 1990 --sim UBE --var ws
Calculating for DJF
First two files saved in 117.50 seconds
Second two files saved in 16.73 seconds
Third two files saved in 91.80 seconds
Fourth two files saved in 18.96 seconds
Fifth two files saved in 117.93 seconds
Time taken for DJF: 362.92 seconds
Calculating for MAM
First two files saved in 103.93 seconds
Second two files saved in 19.53 seconds
Third two files saved in 99.39 seconds
Fourth two files saved in 18.23 seconds
Fifth two files saved in 101.95 seconds
Time taken for MAM: 343.03 seconds
Calculating for JJA
First two files saved in 110.96 seconds
Second two files saved in 14.47 seconds
Third two files saved in 94.87 seconds
Fourth two files saved in 23.88 seconds
Fifth two files saved in 108.23 seconds
Time taken for JJA: 352.41 seconds
Calculating for SON
First two files saved in 96.16 seconds
Second two files saved in 15.03 seconds
Third two files saved in 91.23 seconds
Fourth two files saved in 20.28 seconds
Fifth two files saved in 106.14 seconds
Time taken for SON: 328.85 seconds
NetCDF files for UBE and ws saved
#executed by process	7 in 1406.55s	with status	0 : python /home/vdemeyer/TRACKING/KATJA/POSTPROCESSING/contribution_ETCs.py 1991 --sim UBE --var ws
Calculating for DJF
First two files saved in 176.26 seconds
Second two files saved in 39.62 seconds
Third two files saved in 164.71 seconds
Fourth two files saved in 38.75 seconds
Fifth two files saved in 200.31 seconds
Time taken for DJF: 619.64 seconds
Calculating for MAM
First two files saved in 193.15 seconds
Second two files saved in 38.25 seconds
Third two files saved in 170.57 seconds
Fourth two files saved in 43.03 seconds
Fifth two files saved in 195.94 seconds
Time taken for MAM: 640.94 seconds
Calculating for JJA
First two files saved in 172.43 seconds
Second two files saved in 35.36 seconds
Third two files saved in 180.88 seconds
Fourth two files saved in 48.13 seconds
Fifth two files saved in 252.36 seconds
Time taken for JJA: 689.17 seconds
Calculating for SON
First two files saved in 187.81 seconds
Second two files saved in 39.95 seconds
Third two files saved in 197.83 seconds
Fourth two files saved in 45.41 seconds
Fifth two files saved in 200.02 seconds
Time taken for SON: 671.02 seconds
NetCDF files for UBE and ws saved
#executed by process	15 in 2646.48s	with status	0 : python /home/vdemeyer/TRACKING/KATJA/POSTPROCESSING/contribution_ETCs.py 1985 --sim UBE --var ws
Calculating for DJF
First two files saved in 188.43 seconds
Second two files saved in 35.02 seconds
Third two files saved in 162.87 seconds
Fourth two files saved in 40.26 seconds
Fifth two files saved in 210.96 seconds
Time taken for DJF: 637.54 seconds
Calculating for MAM
First two files saved in 184.01 seconds
Second two files saved in 30.67 seconds
Third two files saved in 171.76 seconds
Fourth two files saved in 44.24 seconds
Fifth two files saved in 197.18 seconds
Time taken for MAM: 627.86 seconds
Calculating for JJA
First two files saved in 170.53 seconds
Second two files saved in 31.24 seconds
Third two files saved in 187.97 seconds
Fourth two files saved in 45.01 seconds
Fifth two files saved in 245.20 seconds
Time taken for JJA: 679.96 seconds
Calculating for SON
First two files saved in 195.17 seconds
Second two files saved in 37.79 seconds
Third two files saved in 204.02 seconds
Fourth two files saved in 38.88 seconds
Fifth two files saved in 190.35 seconds
Time taken for SON: 666.21 seconds
NetCDF files for UBE and ws saved
#executed by process	14 in 2632.59s	with status	0 : python /home/vdemeyer/TRACKING/KATJA/POSTPROCESSING/contribution_ETCs.py 1986 --sim UBE --var ws
Calculating for DJF
First two files saved in 117.54 seconds
Second two files saved in 18.42 seconds
Third two files saved in 105.16 seconds
Fourth two files saved in 17.65 seconds
Fifth two files saved in 103.55 seconds
Time taken for DJF: 362.32 seconds
Calculating for MAM
First two files saved in 107.47 seconds
Second two files saved in 13.73 seconds
Third two files saved in 87.50 seconds
Fourth two files saved in 18.93 seconds
Fifth two files saved in 112.56 seconds
Time taken for MAM: 340.19 seconds
Calculating for JJA
First two files saved in 92.24 seconds
Second two files saved in 13.78 seconds
Third two files saved in 87.94 seconds
Fourth two files saved in 18.09 seconds
Fifth two files saved in 100.32 seconds
Time taken for JJA: 312.37 seconds
Calculating for SON
First two files saved in 94.69 seconds
Second two files saved in 17.55 seconds
Third two files saved in 98.23 seconds
Fourth two files saved in 18.05 seconds
Fifth two files saved in 73.57 seconds
Time taken for SON: 302.10 seconds
NetCDF files for UBE and ws saved
#executed by process	1 in 1335.4s	with status	0 : python /home/vdemeyer/TRACKING/KATJA/POSTPROCESSING/contribution_ETCs.py 1996 --sim UBE --var ws
Calculating for DJF
First two files saved in 140.58 seconds
Second two files saved in 26.50 seconds
Third two files saved in 131.75 seconds
Fourth two files saved in 24.43 seconds
Fifth two files saved in 148.34 seconds
Time taken for DJF: 471.59 seconds
Calculating for MAM
First two files saved in 118.63 seconds
Second two files saved in 22.86 seconds
Third two files saved in 118.50 seconds
Fourth two files saved in 26.63 seconds
Fifth two files saved in 136.82 seconds
Time taken for MAM: 423.44 seconds
Calculating for JJA
First two files saved in 122.63 seconds
Second two files saved in 24.35 seconds
Third two files saved in 116.67 seconds
Fourth two files saved in 27.51 seconds
Fifth two files saved in 142.19 seconds
Time taken for JJA: 433.35 seconds
Calculating for SON
First two files saved in 131.61 seconds
Second two files saved in 22.16 seconds
Third two files saved in 115.35 seconds
Fourth two files saved in 28.24 seconds
Fifth two files saved in 140.52 seconds
Time taken for SON: 437.89 seconds
NetCDF files for UBE and ws saved
#executed by process	4 in 1785.57s	with status	0 : python /home/vdemeyer/TRACKING/KATJA/POSTPROCESSING/contribution_ETCs.py 1992 --sim UBE --var ws
Calculating for DJF
First two files saved in 133.65 seconds
Second two files saved in 25.56 seconds
Third two files saved in 130.99 seconds
Fourth two files saved in 27.06 seconds
Fifth two files saved in 150.00 seconds
Time taken for DJF: 467.26 seconds
Calculating for MAM
First two files saved in 124.78 seconds
Second two files saved in 22.82 seconds
Third two files saved in 118.07 seconds
Fourth two files saved in 26.59 seconds
Fifth two files saved in 136.65 seconds
Time taken for MAM: 428.92 seconds
Calculating for JJA
First two files saved in 134.79 seconds
Second two files saved in 24.06 seconds
Third two files saved in 114.93 seconds
Fourth two files saved in 28.01 seconds
Fifth two files saved in 143.08 seconds
Time taken for JJA: 444.86 seconds
Calculating for SON
First two files saved in 126.71 seconds
Second two files saved in 23.70 seconds
Third two files saved in 118.28 seconds
Fourth two files saved in 24.42 seconds
Fifth two files saved in 136.93 seconds
Time taken for SON: 430.03 seconds
NetCDF files for UBE and ws saved
#executed by process	5 in 1789.76s	with status	0 : python /home/vdemeyer/TRACKING/KATJA/POSTPROCESSING/contribution_ETCs.py 1993 --sim UBE --var ws
Calculating for DJF
First two files saved in 274.42 seconds
Second two files saved in 86.20 seconds
Third two files saved in 191.95 seconds
Fourth two files saved in 51.48 seconds
Fifth two files saved in 243.77 seconds
Time taken for DJF: 847.81 seconds
Calculating for MAM
First two files saved in 271.85 seconds
Second two files saved in 133.34 seconds
Third two files saved in 203.50 seconds
Fourth two files saved in 40.97 seconds
Fifth two files saved in 240.82 seconds
Time taken for MAM: 890.49 seconds
Calculating for JJA
First two files saved in 281.82 seconds
Second two files saved in 94.40 seconds
Third two files saved in 228.11 seconds
Fourth two files saved in 91.97 seconds
Fifth two files saved in 256.87 seconds
Time taken for JJA: 953.16 seconds
Calculating for SON
First two files saved in 308.34 seconds
Second two files saved in 110.17 seconds
Third two files saved in 206.43 seconds
Fourth two files saved in 59.02 seconds
Fifth two files saved in 268.95 seconds
Time taken for SON: 952.91 seconds
NetCDF files for UBE and pr saved
#executed by process	10 in 3667.05s	with status	0 : python /home/vdemeyer/TRACKING/KATJA/POSTPROCESSING/contribution_ETCs.py 2013 --sim UBE --var pr
Calculating for DJF
First two files saved in 125.09 seconds
Second two files saved in 15.65 seconds
Third two files saved in 104.37 seconds
Fourth two files saved in 21.00 seconds
Fifth two files saved in 116.34 seconds
Time taken for DJF: 382.45 seconds
Calculating for MAM
First two files saved in 102.80 seconds
Second two files saved in 28.00 seconds
Third two files saved in 104.85 seconds
Fourth two files saved in 19.99 seconds
Fifth two files saved in 97.65 seconds
Time taken for MAM: 353.28 seconds
Calculating for JJA
First two files saved in 108.41 seconds
Second two files saved in 19.45 seconds
Third two files saved in 116.56 seconds
Fourth two files saved in 22.60 seconds
Fifth two files saved in 119.24 seconds
Time taken for JJA: 386.26 seconds
Calculating for SON
First two files saved in 102.86 seconds
Second two files saved in 18.61 seconds
Third two files saved in 107.00 seconds
Fourth two files saved in 26.48 seconds
Fifth two files saved in 109.30 seconds
Time taken for SON: 364.26 seconds
NetCDF files for UBE and ws saved
#executed by process	6 in 1504.21s	with status	0 : python /home/vdemeyer/TRACKING/KATJA/POSTPROCESSING/contribution_ETCs.py 1997 --sim UBE --var ws
Calculating for DJF
First two files saved in 277.41 seconds
Second two files saved in 84.62 seconds
Third two files saved in 205.55 seconds
Fourth two files saved in 45.67 seconds
Fifth two files saved in 237.91 seconds
Time taken for DJF: 851.16 seconds
Calculating for MAM
First two files saved in 260.56 seconds
Second two files saved in 128.57 seconds
Third two files saved in 206.62 seconds
Fourth two files saved in 41.54 seconds
Fifth two files saved in 245.92 seconds
Time taken for MAM: 883.21 seconds
Calculating for JJA
First two files saved in 284.20 seconds
Second two files saved in 96.88 seconds
Third two files saved in 260.01 seconds
Fourth two files saved in 58.88 seconds
Fifth two files saved in 275.46 seconds
Time taken for JJA: 975.43 seconds
Calculating for SON
First two files saved in 341.04 seconds
Second two files saved in 105.00 seconds
Third two files saved in 218.96 seconds
Fourth two files saved in 54.13 seconds
Fifth two files saved in 263.97 seconds
Time taken for SON: 983.10 seconds
NetCDF files for UBE and pr saved
#executed by process	11 in 3713.59s	with status	0 : python /home/vdemeyer/TRACKING/KATJA/POSTPROCESSING/contribution_ETCs.py 2014 --sim UBE --var pr
Calculating for DJF
First two files saved in 296.30 seconds
Second two files saved in 86.82 seconds
Third two files saved in 204.98 seconds
Fourth two files saved in 42.54 seconds
Fifth two files saved in 243.45 seconds
Time taken for DJF: 874.09 seconds
Calculating for MAM
First two files saved in 267.87 seconds
Second two files saved in 144.98 seconds
Third two files saved in 202.24 seconds
Fourth two files saved in 40.91 seconds
Fifth two files saved in 246.80 seconds
Time taken for MAM: 902.80 seconds
Calculating for JJA
First two files saved in 279.52 seconds
Second two files saved in 101.04 seconds
Third two files saved in 265.28 seconds
Fourth two files saved in 60.63 seconds
Fifth two files saved in 265.31 seconds
Time taken for JJA: 971.78 seconds
Calculating for SON
First two files saved in 327.26 seconds
Second two files saved in 104.15 seconds
Third two files saved in 218.05 seconds
Fourth two files saved in 51.45 seconds
Fifth two files saved in 263.17 seconds
Time taken for SON: 964.08 seconds
NetCDF files for UBE and pr saved
#executed by process	13 in 3737.72s	with status	0 : python /home/vdemeyer/TRACKING/KATJA/POSTPROCESSING/contribution_ETCs.py 2012 --sim UBE --var pr
Calculating for DJF
First two files saved in 145.91 seconds
Second two files saved in 27.77 seconds
Third two files saved in 135.78 seconds
Fourth two files saved in 28.51 seconds
Fifth two files saved in 175.45 seconds
Time taken for DJF: 513.41 seconds
Calculating for MAM
First two files saved in 151.12 seconds
Second two files saved in 26.78 seconds
Third two files saved in 137.03 seconds
Fourth two files saved in 25.32 seconds
Fifth two files saved in 176.78 seconds
Time taken for MAM: 517.03 seconds
Calculating for JJA
First two files saved in 143.80 seconds
Second two files saved in 26.89 seconds
Third two files saved in 143.59 seconds
Fourth two files saved in 28.95 seconds
Fifth two files saved in 140.15 seconds
Time taken for JJA: 483.38 seconds
Calculating for SON
First two files saved in 151.82 seconds
Second two files saved in 25.46 seconds
Third two files saved in 138.13 seconds
Fourth two files saved in 28.40 seconds
Fifth two files saved in 138.95 seconds
Time taken for SON: 482.76 seconds
NetCDF files for UBE and ws saved
#executed by process	9 in 2019.68s	with status	0 : python /home/vdemeyer/TRACKING/KATJA/POSTPROCESSING/contribution_ETCs.py 1994 --sim UBE --var ws
Calculating for DJF
First two files saved in 142.00 seconds
Second two files saved in 21.51 seconds
Third two files saved in 116.27 seconds
Fourth two files saved in 29.82 seconds
Fifth two files saved in 153.58 seconds
Time taken for DJF: 463.19 seconds
Calculating for MAM
First two files saved in 122.49 seconds
Second two files saved in 21.91 seconds
Third two files saved in 113.49 seconds
Fourth two files saved in 32.31 seconds
Fifth two files saved in 142.05 seconds
Time taken for MAM: 432.26 seconds
Calculating for JJA
First two files saved in 125.93 seconds
Second two files saved in 20.55 seconds
Third two files saved in 120.47 seconds
Fourth two files saved in 30.07 seconds
Fifth two files saved in 136.93 seconds
Time taken for JJA: 433.95 seconds
Calculating for SON
First two files saved in 126.97 seconds
Second two files saved in 24.43 seconds
Third two files saved in 114.91 seconds
Fourth two files saved in 25.96 seconds
Fifth two files saved in 151.93 seconds
Time taken for SON: 444.20 seconds
NetCDF files for UBE and ws saved
#executed by process	3 in 1793.49s	with status	0 : python /home/vdemeyer/TRACKING/KATJA/POSTPROCESSING/contribution_ETCs.py 1998 --sim UBE --var ws
Calculating for DJF
First two files saved in 111.42 seconds
Second two files saved in 20.09 seconds
Third two files saved in 112.05 seconds
Fourth two files saved in 20.00 seconds
Fifth two files saved in 119.19 seconds
Time taken for DJF: 382.75 seconds
Calculating for MAM
First two files saved in 94.10 seconds
Second two files saved in 17.56 seconds
Third two files saved in 101.10 seconds
Fourth two files saved in 19.05 seconds
Fifth two files saved in 114.32 seconds
Time taken for MAM: 346.14 seconds
Calculating for JJA
First two files saved in 108.78 seconds
Second two files saved in 16.85 seconds
Third two files saved in 105.09 seconds
Fourth two files saved in 23.18 seconds
Fifth two files saved in 110.56 seconds
Time taken for JJA: 364.46 seconds
Calculating for SON
First two files saved in 110.02 seconds
Second two files saved in 16.14 seconds
Third two files saved in 95.48 seconds
Fourth two files saved in 19.98 seconds
Fifth two files saved in 107.63 seconds
Time taken for SON: 349.24 seconds
NetCDF files for UBE and ws saved
#executed by process	2 in 1460.95s	with status	0 : python /home/vdemeyer/TRACKING/KATJA/POSTPROCESSING/contribution_ETCs.py 2000 --sim UBE --var ws
Calculating for DJF
First two files saved in 103.66 seconds
Second two files saved in 20.11 seconds
Third two files saved in 92.04 seconds
Fourth two files saved in 18.91 seconds
Fifth two files saved in 102.11 seconds
Time taken for DJF: 336.83 seconds
Calculating for MAM
First two files saved in 110.97 seconds
Second two files saved in 14.95 seconds
Third two files saved in 98.67 seconds
Fourth two files saved in 19.78 seconds
Fifth two files saved in 103.32 seconds
Time taken for MAM: 347.69 seconds
Calculating for JJA
First two files saved in 106.25 seconds
Second two files saved in 15.18 seconds
Third two files saved in 116.73 seconds
Fourth two files saved in 22.38 seconds
Fifth two files saved in 92.37 seconds
Time taken for JJA: 352.92 seconds
Calculating for SON
First two files saved in 91.59 seconds
Second two files saved in 15.90 seconds
Third two files saved in 97.69 seconds
Fourth two files saved in 19.94 seconds
Fifth two files saved in 117.43 seconds
Time taken for SON: 342.55 seconds
NetCDF files for UBE and ws saved
#executed by process	7 in 1398.32s	with status	0 : python /home/vdemeyer/TRACKING/KATJA/POSTPROCESSING/contribution_ETCs.py 2001 --sim UBE --var ws
Calculating for DJF
First two files saved in 124.01 seconds
Second two files saved in 16.89 seconds
Third two files saved in 108.33 seconds
Fourth two files saved in 18.61 seconds
Fifth two files saved in 109.97 seconds
Time taken for DJF: 377.82 seconds
Calculating for MAM
First two files saved in 107.21 seconds
Second two files saved in 17.90 seconds
Third two files saved in 107.63 seconds
Fourth two files saved in 18.62 seconds
Fifth two files saved in 103.12 seconds
Time taken for MAM: 354.48 seconds
Calculating for JJA
First two files saved in 91.70 seconds
Second two files saved in 13.93 seconds
Third two files saved in 100.22 seconds
Fourth two files saved in 18.19 seconds
Fifth two files saved in 102.56 seconds
Time taken for JJA: 326.61 seconds
Calculating for SON
First two files saved in 102.61 seconds
Second two files saved in 14.73 seconds
Third two files saved in 86.55 seconds
Fourth two files saved in 19.96 seconds
Fifth two files saved in 95.34 seconds
Time taken for SON: 319.21 seconds
NetCDF files for UBE and ws saved
#executed by process	1 in 1396.21s	with status	0 : python /home/vdemeyer/TRACKING/KATJA/POSTPROCESSING/contribution_ETCs.py 2004 --sim UBE --var ws
Calculating for DJF
First two files saved in 195.53 seconds
Second two files saved in 23.27 seconds
Third two files saved in 136.46 seconds
Fourth two files saved in 29.11 seconds
Fifth two files saved in 147.53 seconds
Time taken for DJF: 531.89 seconds
Calculating for MAM
First two files saved in 146.39 seconds
Second two files saved in 26.59 seconds
Third two files saved in 135.81 seconds
Fourth two files saved in 30.24 seconds
Fifth two files saved in 143.13 seconds
Time taken for MAM: 482.17 seconds
Calculating for JJA
First two files saved in 156.17 seconds
Second two files saved in 21.19 seconds
Third two files saved in 141.38 seconds
Fourth two files saved in 33.99 seconds
Fifth two files saved in 181.23 seconds
Time taken for JJA: 533.96 seconds
Calculating for SON
First two files saved in 157.31 seconds
Second two files saved in 24.59 seconds
Third two files saved in 125.02 seconds
Fourth two files saved in 25.79 seconds
Fifth two files saved in 121.19 seconds
Time taken for SON: 453.90 seconds
NetCDF files for UBE and ws saved
#executed by process	8 in 2025.25s	with status	0 : python /home/vdemeyer/TRACKING/KATJA/POSTPROCESSING/contribution_ETCs.py 1999 --sim UBE --var ws
Calculating for DJF
First two files saved in 212.94 seconds
Second two files saved in 52.21 seconds
Third two files saved in 253.13 seconds
Fourth two files saved in 53.57 seconds
Fifth two files saved in 212.51 seconds
Time taken for DJF: 784.36 seconds
Calculating for MAM
First two files saved in 224.46 seconds
Second two files saved in 30.89 seconds
Third two files saved in 189.70 seconds
Fourth two files saved in 54.07 seconds
Fifth two files saved in 250.67 seconds
Time taken for MAM: 749.79 seconds
Calculating for JJA
First two files saved in 222.61 seconds
Second two files saved in 56.33 seconds
Third two files saved in 227.26 seconds
Fourth two files saved in 62.32 seconds
Fifth two files saved in 284.65 seconds
Time taken for JJA: 853.17 seconds
Calculating for SON
First two files saved in 224.09 seconds
Second two files saved in 39.98 seconds
Third two files saved in 210.72 seconds
Fourth two files saved in 42.46 seconds
Fifth two files saved in 181.83 seconds
Time taken for SON: 699.07 seconds
NetCDF files for UBE and ws saved
#executed by process	12 in 3109.8s	with status	0 : python /home/vdemeyer/TRACKING/KATJA/POSTPROCESSING/contribution_ETCs.py 1995 --sim UBE --var ws
Calculating for DJF
First two files saved in 124.03 seconds
Second two files saved in 17.51 seconds
Third two files saved in 104.57 seconds
Fourth two files saved in 20.96 seconds
Fifth two files saved in 147.87 seconds
Time taken for DJF: 414.94 seconds
Calculating for MAM
First two files saved in 100.72 seconds
Second two files saved in 18.47 seconds
Third two files saved in 108.24 seconds
Fourth two files saved in 21.35 seconds
Fifth two files saved in 119.91 seconds
Time taken for MAM: 368.69 seconds
Calculating for JJA
First two files saved in 119.21 seconds
Second two files saved in 16.60 seconds
Third two files saved in 105.64 seconds
Fourth two files saved in 26.16 seconds
Fifth two files saved in 110.19 seconds
Time taken for JJA: 377.80 seconds
Calculating for SON
First two files saved in 122.59 seconds
Second two files saved in 16.97 seconds
Third two files saved in 104.12 seconds
Fourth two files saved in 21.87 seconds
Fifth two files saved in 108.58 seconds
Time taken for SON: 374.14 seconds
NetCDF files for UBE and ws saved
#executed by process	6 in 1554.81s	with status	0 : python /home/vdemeyer/TRACKING/KATJA/POSTPROCESSING/contribution_ETCs.py 2008 --sim UBE --var ws
Calculating for DJF
First two files saved in 146.16 seconds
Second two files saved in 22.60 seconds
Third two files saved in 119.55 seconds
Fourth two files saved in 26.96 seconds
Fifth two files saved in 164.51 seconds
Time taken for DJF: 479.78 seconds
Calculating for MAM
First two files saved in 113.89 seconds
Second two files saved in 21.84 seconds
Third two files saved in 116.74 seconds
Fourth two files saved in 31.17 seconds
Fifth two files saved in 142.94 seconds
Time taken for MAM: 426.58 seconds
Calculating for JJA
First two files saved in 121.81 seconds
Second two files saved in 25.68 seconds
Third two files saved in 126.73 seconds
Fourth two files saved in 30.71 seconds
Fifth two files saved in 136.16 seconds
Time taken for JJA: 441.10 seconds
Calculating for SON
First two files saved in 129.20 seconds
Second two files saved in 22.81 seconds
Third two files saved in 115.44 seconds
Fourth two files saved in 24.30 seconds
Fifth two files saved in 132.01 seconds
Time taken for SON: 423.75 seconds
NetCDF files for UBE and ws saved
#executed by process	4 in 1791.64s	with status	0 : python /home/vdemeyer/TRACKING/KATJA/POSTPROCESSING/contribution_ETCs.py 2005 --sim UBE --var ws
Calculating for DJF
First two files saved in 135.22 seconds
Second two files saved in 23.41 seconds
Third two files saved in 127.15 seconds
Fourth two files saved in 26.71 seconds
Fifth two files saved in 164.49 seconds
Time taken for DJF: 476.98 seconds
Calculating for MAM
First two files saved in 110.84 seconds
Second two files saved in 22.09 seconds
Third two files saved in 123.90 seconds
Fourth two files saved in 29.01 seconds
Fifth two files saved in 138.88 seconds
Time taken for MAM: 424.72 seconds
Calculating for JJA
First two files saved in 125.34 seconds
Second two files saved in 25.13 seconds
Third two files saved in 130.47 seconds
Fourth two files saved in 28.39 seconds
Fifth two files saved in 138.55 seconds
Time taken for JJA: 447.89 seconds
Calculating for SON
First two files saved in 118.47 seconds
Second two files saved in 23.96 seconds
Third two files saved in 117.51 seconds
Fourth two files saved in 24.32 seconds
Fifth two files saved in 132.56 seconds
Time taken for SON: 416.82 seconds
NetCDF files for UBE and ws saved
#executed by process	5 in 1786.32s	with status	0 : python /home/vdemeyer/TRACKING/KATJA/POSTPROCESSING/contribution_ETCs.py 2006 --sim UBE --var ws
Calculating for DJF
First two files saved in 64.29 seconds
Second two files saved in 23.34 seconds
Third two files saved in 32.94 seconds
Fourth two files saved in 10.69 seconds
Fifth two files saved in 38.17 seconds
Time taken for DJF: 169.43 seconds
Calculating for MAM
First two files saved in 9.48 seconds
Second two files saved in 5.22 seconds
Third two files saved in 4.28 seconds
Fourth two files saved in 2.12 seconds
Fifth two files saved in 7.10 seconds
Time taken for MAM: 28.19 seconds
Calculating for JJA
First two files saved in 6.49 seconds
Second two files saved in 5.04 seconds
Third two files saved in 2.44 seconds
Fourth two files saved in 2.24 seconds
Fifth two files saved in 4.11 seconds
Time taken for JJA: 20.33 seconds
Calculating for SON
First two files saved in 174.31 seconds
Second two files saved in 56.69 seconds
Third two files saved in 87.73 seconds
Fourth two files saved in 14.47 seconds
Fifth two files saved in 71.68 seconds
Time taken for SON: 404.88 seconds
NetCDF files for UBF and pr saved
#executed by process	1 in 631.674s	with status	0 : python /home/vdemeyer/TRACKING/KATJA/POSTPROCESSING/contribution_ETCs.py 1979 --sim UBF --var pr
Calculating for DJF
First two files saved in 196.54 seconds
Second two files saved in 45.37 seconds
Third two files saved in 181.91 seconds
Fourth two files saved in 38.21 seconds
Fifth two files saved in 215.13 seconds
Time taken for DJF: 677.15 seconds
Calculating for MAM
First two files saved in 188.05 seconds
Second two files saved in 46.04 seconds
Third two files saved in 219.38 seconds
Fourth two files saved in 48.04 seconds
Fifth two files saved in 203.95 seconds
Time taken for MAM: 705.44 seconds
Calculating for JJA
First two files saved in 170.73 seconds
Second two files saved in 36.02 seconds
Third two files saved in 178.49 seconds
Fourth two files saved in 34.95 seconds
Fifth two files saved in 164.79 seconds
Time taken for JJA: 584.98 seconds
Calculating for SON
First two files saved in 173.60 seconds
Second two files saved in 33.71 seconds
Third two files saved in 133.31 seconds
Fourth two files saved in 33.87 seconds
Fifth two files saved in 205.48 seconds
Time taken for SON: 579.97 seconds
NetCDF files for UBE and ws saved
#executed by process	15 in 2572.38s	with status	0 : python /home/vdemeyer/TRACKING/KATJA/POSTPROCESSING/contribution_ETCs.py 2002 --sim UBE --var ws
Calculating for DJF
First two files saved in 192.69 seconds
Second two files saved in 43.81 seconds
Third two files saved in 182.43 seconds
Fourth two files saved in 35.72 seconds
Fifth two files saved in 212.00 seconds
Time taken for DJF: 666.65 seconds
Calculating for MAM
First two files saved in 191.67 seconds
Second two files saved in 44.41 seconds
Third two files saved in 212.80 seconds
Fourth two files saved in 47.77 seconds
Fifth two files saved in 207.47 seconds
Time taken for MAM: 704.12 seconds
Calculating for JJA
First two files saved in 171.74 seconds
Second two files saved in 33.60 seconds
Third two files saved in 180.88 seconds
Fourth two files saved in 33.87 seconds
Fifth two files saved in 162.97 seconds
Time taken for JJA: 583.06 seconds
Calculating for SON
First two files saved in 172.11 seconds
Second two files saved in 33.54 seconds
Third two files saved in 136.56 seconds
Fourth two files saved in 33.37 seconds
Fifth two files saved in 205.41 seconds
Time taken for SON: 580.99 seconds
NetCDF files for UBE and ws saved
#executed by process	14 in 2555.41s	with status	0 : python /home/vdemeyer/TRACKING/KATJA/POSTPROCESSING/contribution_ETCs.py 2003 --sim UBE --var ws
Calculating for DJF
First two files saved in 132.06 seconds
Second two files saved in 23.45 seconds
Third two files saved in 122.41 seconds
Fourth two files saved in 34.88 seconds
Fifth two files saved in 141.90 seconds
Time taken for DJF: 454.71 seconds
Calculating for MAM
First two files saved in 121.12 seconds
Second two files saved in 23.58 seconds
Third two files saved in 124.45 seconds
Fourth two files saved in 31.08 seconds
Fifth two files saved in 122.66 seconds
Time taken for MAM: 422.89 seconds
Calculating for JJA
First two files saved in 135.34 seconds
Second two files saved in 24.92 seconds
Third two files saved in 107.20 seconds
Fourth two files saved in 27.53 seconds
Fifth two files saved in 122.02 seconds
Time taken for JJA: 417.02 seconds
Calculating for SON
First two files saved in 95.13 seconds
Second two files saved in 15.48 seconds
Third two files saved in 102.34 seconds
Fourth two files saved in 22.43 seconds
Fifth two files saved in 130.46 seconds
Time taken for SON: 365.85 seconds
NetCDF files for UBE and ws saved
#executed by process	3 in 1680.81s	with status	0 : python /home/vdemeyer/TRACKING/KATJA/POSTPROCESSING/contribution_ETCs.py 2012 --sim UBE --var ws
Calculating for DJF
First two files saved in 132.11 seconds
Second two files saved in 14.77 seconds
Third two files saved in 101.53 seconds
Fourth two files saved in 20.15 seconds
Fifth two files saved in 123.09 seconds
Time taken for DJF: 391.64 seconds
Calculating for MAM
First two files saved in 111.13 seconds
Second two files saved in 15.38 seconds
Third two files saved in 97.81 seconds
Fourth two files saved in 20.46 seconds
Fifth two files saved in 104.86 seconds
Time taken for MAM: 349.64 seconds
Calculating for JJA
First two files saved in 104.65 seconds
Second two files saved in 16.13 seconds
Third two files saved in 103.14 seconds
Fourth two files saved in 26.60 seconds
Fifth two files saved in 86.86 seconds
Time taken for JJA: 337.38 seconds
Calculating for SON
First two files saved in 94.88 seconds
Second two files saved in 17.21 seconds
Third two files saved in 89.63 seconds
Fourth two files saved in 24.54 seconds
Fifth two files saved in 101.30 seconds
Time taken for SON: 327.55 seconds
NetCDF files for UBE and ws saved
#executed by process	2 in 1425.97s	with status	0 : python /home/vdemeyer/TRACKING/KATJA/POSTPROCESSING/contribution_ETCs.py 2013 --sim UBE --var ws
Calculating for DJF
First two files saved in 160.76 seconds
Second two files saved in 26.47 seconds
Third two files saved in 168.75 seconds
Fourth two files saved in 28.94 seconds
Fifth two files saved in 145.60 seconds
Time taken for DJF: 530.52 seconds
Calculating for MAM
First two files saved in 135.00 seconds
Second two files saved in 21.19 seconds
Third two files saved in 114.75 seconds
Fourth two files saved in 24.04 seconds
Fifth two files saved in 146.01 seconds
Time taken for MAM: 441.00 seconds
Calculating for JJA
First two files saved in 123.38 seconds
Second two files saved in 19.50 seconds
Third two files saved in 111.88 seconds
Fourth two files saved in 23.82 seconds
Fifth two files saved in 110.29 seconds
Time taken for JJA: 388.87 seconds
Calculating for SON
First two files saved in 123.65 seconds
Second two files saved in 20.45 seconds
Third two files saved in 144.80 seconds
Fourth two files saved in 29.42 seconds
Fifth two files saved in 118.76 seconds
Time taken for SON: 437.08 seconds
NetCDF files for UBE and ws saved
#executed by process	9 in 1820.08s	with status	0 : python /home/vdemeyer/TRACKING/KATJA/POSTPROCESSING/contribution_ETCs.py 2011 --sim UBE --var ws
Calculating for DJF
First two files saved in 110.42 seconds
Second two files saved in 14.78 seconds
Third two files saved in 110.21 seconds
Fourth two files saved in 18.44 seconds
Fifth two files saved in 95.38 seconds
Time taken for DJF: 349.22 seconds
Calculating for MAM
First two files saved in 100.52 seconds
Second two files saved in 15.04 seconds
Third two files saved in 99.17 seconds
Fourth two files saved in 18.75 seconds
Fifth two files saved in 93.80 seconds
Time taken for MAM: 327.29 seconds
Calculating for JJA
First two files saved in 108.42 seconds
Second two files saved in 15.79 seconds
Third two files saved in 97.10 seconds
Fourth two files saved in 18.62 seconds
Fifth two files saved in 82.41 seconds
Time taken for JJA: 322.35 seconds
Calculating for SON
First two files saved in 97.54 seconds
Second two files saved in 14.79 seconds
Third two files saved in 106.23 seconds
Fourth two files saved in 19.86 seconds
Fifth two files saved in 85.01 seconds
Time taken for SON: 323.43 seconds
NetCDF files for UBE and ws saved
#executed by process	7 in 1340.15s	with status	0 : python /home/vdemeyer/TRACKING/KATJA/POSTPROCESSING/contribution_ETCs.py 2014 --sim UBE --var ws
Calculating for DJF
First two files saved in 218.86 seconds
Second two files saved in 50.22 seconds
Third two files saved in 222.21 seconds
Fourth two files saved in 83.10 seconds
Fifth two files saved in 259.94 seconds
Time taken for DJF: 834.33 seconds
Calculating for MAM
First two files saved in 206.62 seconds
Second two files saved in 32.38 seconds
Third two files saved in 203.08 seconds
Fourth two files saved in 41.26 seconds
Fifth two files saved in 174.84 seconds
Time taken for MAM: 658.18 seconds
Calculating for JJA
First two files saved in 158.59 seconds
Second two files saved in 39.02 seconds
Third two files saved in 150.32 seconds
Fourth two files saved in 37.56 seconds
Fifth two files saved in 214.25 seconds
Time taken for JJA: 599.74 seconds
Calculating for SON
First two files saved in 154.87 seconds
Second two files saved in 24.43 seconds
Third two files saved in 142.92 seconds
Fourth two files saved in 29.09 seconds
Fifth two files saved in 217.38 seconds
Time taken for SON: 568.69 seconds
NetCDF files for UBE and ws saved
#executed by process	10 in 2686.84s	with status	0 : python /home/vdemeyer/TRACKING/KATJA/POSTPROCESSING/contribution_ETCs.py 2007 --sim UBE --var ws
Calculating for DJF
First two files saved in 249.44 seconds
Second two files saved in 41.58 seconds
Third two files saved in 235.92 seconds
Fourth two files saved in 54.34 seconds
Fifth two files saved in 266.74 seconds
Time taken for DJF: 848.02 seconds
Calculating for MAM
First two files saved in 181.34 seconds
Second two files saved in 40.44 seconds
Third two files saved in 199.15 seconds
Fourth two files saved in 36.37 seconds
Fifth two files saved in 169.56 seconds
Time taken for MAM: 626.86 seconds
Calculating for JJA
First two files saved in 167.11 seconds
Second two files saved in 36.02 seconds
Third two files saved in 144.22 seconds
Fourth two files saved in 39.40 seconds
Fifth two files saved in 222.94 seconds
Time taken for JJA: 609.69 seconds
Calculating for SON
First two files saved in 152.29 seconds
Second two files saved in 28.76 seconds
Third two files saved in 136.70 seconds
Fourth two files saved in 35.31 seconds
Fifth two files saved in 208.41 seconds
Time taken for SON: 561.48 seconds
NetCDF files for UBE and ws saved
#executed by process	13 in 2668.9s	with status	0 : python /home/vdemeyer/TRACKING/KATJA/POSTPROCESSING/contribution_ETCs.py 2010 --sim UBE --var ws
Calculating for DJF
First two files saved in 246.42 seconds
Second two files saved in 43.38 seconds
Third two files saved in 243.86 seconds
Fourth two files saved in 53.55 seconds
Fifth two files saved in 271.31 seconds
Time taken for DJF: 858.52 seconds
Calculating for MAM
First two files saved in 184.43 seconds
Second two files saved in 38.11 seconds
Third two files saved in 201.07 seconds
Fourth two files saved in 37.35 seconds
Fifth two files saved in 170.63 seconds
Time taken for MAM: 631.59 seconds
Calculating for JJA
First two files saved in 166.05 seconds
Second two files saved in 35.44 seconds
Third two files saved in 162.20 seconds
Fourth two files saved in 37.87 seconds
Fifth two files saved in 207.19 seconds
Time taken for JJA: 608.74 seconds
Calculating for SON
First two files saved in 153.44 seconds
Second two files saved in 30.44 seconds
Third two files saved in 141.52 seconds
Fourth two files saved in 37.31 seconds
Fifth two files saved in 207.92 seconds
Time taken for SON: 570.63 seconds
NetCDF files for UBE and ws saved
#executed by process	11 in 2691.73s	with status	0 : python /home/vdemeyer/TRACKING/KATJA/POSTPROCESSING/contribution_ETCs.py 2009 --sim UBE --var ws
Calculating for DJF
First two files saved in 178.72 seconds
Second two files saved in 69.57 seconds
Third two files saved in 108.88 seconds
Fourth two files saved in 21.96 seconds
Fifth two files saved in 113.50 seconds
Time taken for DJF: 492.63 seconds
Calculating for MAM
First two files saved in 173.81 seconds
Second two files saved in 111.88 seconds
Third two files saved in 117.39 seconds
Fourth two files saved in 25.39 seconds
Fifth two files saved in 101.01 seconds
Time taken for MAM: 529.48 seconds
Calculating for JJA
First two files saved in 166.95 seconds
Second two files saved in 69.61 seconds
Third two files saved in 157.16 seconds
Fourth two files saved in 26.91 seconds
Fifth two files saved in 107.93 seconds
Time taken for JJA: 528.56 seconds
Calculating for SON
First two files saved in 172.62 seconds
Second two files saved in 70.86 seconds
Third two files saved in 112.11 seconds
Fourth two files saved in 24.61 seconds
Fifth two files saved in 112.78 seconds
Time taken for SON: 492.99 seconds
NetCDF files for UBF and pr saved
#executed by process	8 in 2099.94s	with status	0 : python /home/vdemeyer/TRACKING/KATJA/POSTPROCESSING/contribution_ETCs.py 1980 --sim UBF --var pr
Calculating for DJF
First two files saved in 225.78 seconds
Second two files saved in 63.32 seconds
Third two files saved in 93.08 seconds
Fourth two files saved in 19.78 seconds
Fifth two files saved in 129.14 seconds
Time taken for DJF: 531.09 seconds
Calculating for MAM
First two files saved in 207.23 seconds
Second two files saved in 60.47 seconds
Third two files saved in 87.49 seconds
Fourth two files saved in 19.86 seconds
Fifth two files saved in 98.38 seconds
Time taken for MAM: 473.42 seconds
Calculating for JJA
First two files saved in 204.01 seconds
Second two files saved in 63.20 seconds
Third two files saved in 86.54 seconds
Fourth two files saved in 21.01 seconds
Fifth two files saved in 99.30 seconds
Time taken for JJA: 474.06 seconds
Calculating for SON
First two files saved in 200.27 seconds
Second two files saved in 65.98 seconds
Third two files saved in 88.20 seconds
Fourth two files saved in 19.56 seconds
Fifth two files saved in 104.67 seconds
Time taken for SON: 478.67 seconds
NetCDF files for UBF and pr saved
#executed by process	6 in 1977.72s	with status	0 : python /home/vdemeyer/TRACKING/KATJA/POSTPROCESSING/contribution_ETCs.py 1982 --sim UBF --var pr
Calculating for DJF
First two files saved in 180.82 seconds
Second two files saved in 61.09 seconds
Third two files saved in 106.09 seconds
Fourth two files saved in 18.59 seconds
Fifth two files saved in 116.23 seconds
Time taken for DJF: 482.81 seconds
Calculating for MAM
First two files saved in 165.40 seconds
Second two files saved in 59.08 seconds
Third two files saved in 89.80 seconds
Fourth two files saved in 28.38 seconds
Fifth two files saved in 103.12 seconds
Time taken for MAM: 445.78 seconds
Calculating for JJA
First two files saved in 166.73 seconds
Second two files saved in 59.79 seconds
Third two files saved in 95.82 seconds
Fourth two files saved in 20.24 seconds
Fifth two files saved in 110.50 seconds
Time taken for JJA: 453.08 seconds
Calculating for SON
First two files saved in 154.70 seconds
Second two files saved in 60.33 seconds
Third two files saved in 94.37 seconds
Fourth two files saved in 17.63 seconds
Fifth two files saved in 90.97 seconds
Time taken for SON: 417.99 seconds
NetCDF files for UBF and pr saved
#executed by process	1 in 1822.92s	with status	0 : python /home/vdemeyer/TRACKING/KATJA/POSTPROCESSING/contribution_ETCs.py 1985 --sim UBF --var pr
Calculating for DJF
First two files saved in 200.32 seconds
Second two files saved in 75.25 seconds
Third two files saved in 117.61 seconds
Fourth two files saved in 22.88 seconds
Fifth two files saved in 137.18 seconds
Time taken for DJF: 553.24 seconds
Calculating for MAM
First two files saved in 180.20 seconds
Second two files saved in 73.86 seconds
Third two files saved in 122.72 seconds
Fourth two files saved in 21.87 seconds
Fifth two files saved in 103.93 seconds
Time taken for MAM: 502.58 seconds
Calculating for JJA
First two files saved in 199.98 seconds
Second two files saved in 74.53 seconds
Third two files saved in 116.37 seconds
Fourth two files saved in 22.40 seconds
Fifth two files saved in 98.08 seconds
Time taken for JJA: 511.36 seconds
Calculating for SON
First two files saved in 214.77 seconds
Second two files saved in 69.53 seconds
Third two files saved in 105.97 seconds
Fourth two files saved in 21.76 seconds
Fifth two files saved in 110.23 seconds
Time taken for SON: 522.27 seconds
NetCDF files for UBF and pr saved
#executed by process	4 in 2111.22s	with status	0 : python /home/vdemeyer/TRACKING/KATJA/POSTPROCESSING/contribution_ETCs.py 1983 --sim UBF --var pr
Calculating for DJF
First two files saved in 196.60 seconds
Second two files saved in 76.94 seconds
Third two files saved in 116.94 seconds
Fourth two files saved in 23.71 seconds
Fifth two files saved in 142.51 seconds
Time taken for DJF: 556.69 seconds
Calculating for MAM
First two files saved in 187.71 seconds
Second two files saved in 73.93 seconds
Third two files saved in 123.07 seconds
Fourth two files saved in 22.71 seconds
Fifth two files saved in 104.66 seconds
Time taken for MAM: 512.08 seconds
Calculating for JJA
First two files saved in 213.89 seconds
Second two files saved in 76.84 seconds
Third two files saved in 106.33 seconds
Fourth two files saved in 21.77 seconds
Fifth two files saved in 94.93 seconds
Time taken for JJA: 513.75 seconds
Calculating for SON
First two files saved in 224.92 seconds
Second two files saved in 71.23 seconds
Third two files saved in 102.60 seconds
Fourth two files saved in 24.29 seconds
Fifth two files saved in 101.05 seconds
Time taken for SON: 524.09 seconds
NetCDF files for UBF and pr saved
#executed by process	5 in 2125.92s	with status	0 : python /home/vdemeyer/TRACKING/KATJA/POSTPROCESSING/contribution_ETCs.py 1984 --sim UBF --var pr
Calculating for DJF
First two files saved in 191.76 seconds
Second two files saved in 61.49 seconds
Third two files saved in 94.65 seconds
Fourth two files saved in 22.09 seconds
Fifth two files saved in 119.24 seconds
Time taken for DJF: 489.23 seconds
Calculating for MAM
First two files saved in 159.55 seconds
Second two files saved in 59.98 seconds
Third two files saved in 97.31 seconds
Fourth two files saved in 20.25 seconds
Fifth two files saved in 114.26 seconds
Time taken for MAM: 451.35 seconds
Calculating for JJA
First two files saved in 161.81 seconds
Second two files saved in 61.27 seconds
Third two files saved in 92.26 seconds
Fourth two files saved in 19.35 seconds
Fifth two files saved in 95.23 seconds
Time taken for JJA: 429.92 seconds
Calculating for SON
First two files saved in 190.32 seconds
Second two files saved in 62.69 seconds
Third two files saved in 92.31 seconds
Fourth two files saved in 18.56 seconds
Fifth two files saved in 110.41 seconds
Time taken for SON: 474.29 seconds
NetCDF files for UBF and pr saved
#executed by process	7 in 1864.65s	with status	0 : python /home/vdemeyer/TRACKING/KATJA/POSTPROCESSING/contribution_ETCs.py 1991 --sim UBF --var pr
Calculating for DJF
First two files saved in 234.50 seconds
Second two files saved in 63.43 seconds
Third two files saved in 93.01 seconds
Fourth two files saved in 18.78 seconds
Fifth two files saved in 128.21 seconds
Time taken for DJF: 537.93 seconds
Calculating for MAM
First two files saved in 172.28 seconds
Second two files saved in 63.22 seconds
Third two files saved in 93.55 seconds
Fourth two files saved in 18.78 seconds
Fifth two files saved in 125.69 seconds
Time taken for MAM: 473.52 seconds
Calculating for JJA
First two files saved in 171.66 seconds
Second two files saved in 65.19 seconds
Third two files saved in 91.79 seconds
Fourth two files saved in 25.45 seconds
Fifth two files saved in 96.55 seconds
Time taken for JJA: 450.65 seconds
Calculating for SON
First two files saved in 183.49 seconds
Second two files saved in 66.06 seconds
Third two files saved in 98.47 seconds
Fourth two files saved in 23.02 seconds
Fifth two files saved in 111.93 seconds
Time taken for SON: 482.97 seconds
NetCDF files for UBF and pr saved
#executed by process	2 in 1963.8s	with status	0 : python /home/vdemeyer/TRACKING/KATJA/POSTPROCESSING/contribution_ETCs.py 1989 --sim UBF --var pr
Calculating for DJF
First two files saved in 171.73 seconds
Second two files saved in 64.99 seconds
Third two files saved in 104.41 seconds
Fourth two files saved in 23.85 seconds
Fifth two files saved in 158.75 seconds
Time taken for DJF: 523.74 seconds
Calculating for MAM
First two files saved in 166.76 seconds
Second two files saved in 65.53 seconds
Third two files saved in 107.31 seconds
Fourth two files saved in 23.71 seconds
Fifth two files saved in 106.04 seconds
Time taken for MAM: 469.35 seconds
Calculating for JJA
First two files saved in 172.64 seconds
Second two files saved in 68.88 seconds
Third two files saved in 110.49 seconds
Fourth two files saved in 23.87 seconds
Fifth two files saved in 111.75 seconds
Time taken for JJA: 487.64 seconds
Calculating for SON
First two files saved in 217.25 seconds
Second two files saved in 67.31 seconds
Third two files saved in 111.64 seconds
Fourth two files saved in 21.79 seconds
Fifth two files saved in 107.65 seconds
Time taken for SON: 525.64 seconds
NetCDF files for UBF and pr saved
#executed by process	9 in 2023.73s	with status	0 : python /home/vdemeyer/TRACKING/KATJA/POSTPROCESSING/contribution_ETCs.py 1990 --sim UBF --var pr
Calculating for DJF
First two files saved in 244.37 seconds
Second two files saved in 87.60 seconds
Third two files saved in 192.54 seconds
Fourth two files saved in 50.17 seconds
Fifth two files saved in 149.09 seconds
Time taken for DJF: 723.77 seconds
Calculating for MAM
First two files saved in 214.62 seconds
Second two files saved in 88.81 seconds
Third two files saved in 194.89 seconds
Fourth two files saved in 25.88 seconds
Fifth two files saved in 116.64 seconds
Time taken for MAM: 640.85 seconds
Calculating for JJA
First two files saved in 223.16 seconds
Second two files saved in 95.39 seconds
Third two files saved in 158.48 seconds
Fourth two files saved in 34.27 seconds
Fifth two files saved in 127.42 seconds
Time taken for JJA: 638.73 seconds
Calculating for SON
First two files saved in 250.92 seconds
Second two files saved in 111.07 seconds
Third two files saved in 151.01 seconds
Fourth two files saved in 30.78 seconds
Fifth two files saved in 142.64 seconds
Time taken for SON: 686.42 seconds
NetCDF files for UBF and pr saved
#executed by process	12 in 2712.51s	with status	0 : python /home/vdemeyer/TRACKING/KATJA/POSTPROCESSING/contribution_ETCs.py 1981 --sim UBF --var pr
Calculating for DJF
First two files saved in 207.44 seconds
Second two files saved in 66.76 seconds
Third two files saved in 106.06 seconds
Fourth two files saved in 21.52 seconds
Fifth two files saved in 151.26 seconds
Time taken for DJF: 553.05 seconds
Calculating for MAM
First two files saved in 182.70 seconds
Second two files saved in 67.23 seconds
Third two files saved in 120.51 seconds
Fourth two files saved in 21.77 seconds
Fifth two files saved in 125.79 seconds
Time taken for MAM: 518.00 seconds
Calculating for JJA
First two files saved in 184.15 seconds
Second two files saved in 70.81 seconds
Third two files saved in 108.52 seconds
Fourth two files saved in 20.73 seconds
Fifth two files saved in 111.57 seconds
Time taken for JJA: 495.78 seconds
Calculating for SON
First two files saved in 202.59 seconds
Second two files saved in 73.78 seconds
Third two files saved in 113.20 seconds
Fourth two files saved in 19.51 seconds
Fifth two files saved in 96.07 seconds
Time taken for SON: 505.15 seconds
NetCDF files for UBF and pr saved
#executed by process	3 in 2093.52s	with status	0 : python /home/vdemeyer/TRACKING/KATJA/POSTPROCESSING/contribution_ETCs.py 1988 --sim UBF --var pr
Calculating for DJF
First two files saved in 197.74 seconds
Second two files saved in 79.74 seconds
Third two files saved in 165.74 seconds
Fourth two files saved in 43.82 seconds
Fifth two files saved in 133.15 seconds
Time taken for DJF: 620.20 seconds
Calculating for MAM
First two files saved in 196.60 seconds
Second two files saved in 84.32 seconds
Third two files saved in 148.97 seconds
Fourth two files saved in 33.64 seconds
Fifth two files saved in 147.45 seconds
Time taken for MAM: 610.98 seconds
Calculating for JJA
First two files saved in 209.90 seconds
Second two files saved in 110.21 seconds
Third two files saved in 137.70 seconds
Fourth two files saved in 32.09 seconds
Fifth two files saved in 148.90 seconds
Time taken for JJA: 638.79 seconds
Calculating for SON
First two files saved in 212.54 seconds
Second two files saved in 76.22 seconds
Third two files saved in 122.62 seconds
Fourth two files saved in 26.89 seconds
Fifth two files saved in 149.07 seconds
Time taken for SON: 587.33 seconds
NetCDF files for UBF and pr saved
#executed by process	15 in 2475.77s	with status	0 : python /home/vdemeyer/TRACKING/KATJA/POSTPROCESSING/contribution_ETCs.py 1986 --sim UBF --var pr
Calculating for DJF
First two files saved in 205.10 seconds
Second two files saved in 79.46 seconds
Third two files saved in 167.10 seconds
Fourth two files saved in 43.95 seconds
Fifth two files saved in 128.54 seconds
Time taken for DJF: 624.16 seconds
Calculating for MAM
First two files saved in 201.26 seconds
Second two files saved in 83.36 seconds
Third two files saved in 144.74 seconds
Fourth two files saved in 33.38 seconds
Fifth two files saved in 150.57 seconds
Time taken for MAM: 613.30 seconds
Calculating for JJA
First two files saved in 202.77 seconds
Second two files saved in 115.04 seconds
Third two files saved in 144.67 seconds
Fourth two files saved in 30.75 seconds
Fifth two files saved in 151.80 seconds
Time taken for JJA: 645.03 seconds
Calculating for SON
First two files saved in 203.06 seconds
Second two files saved in 77.04 seconds
Third two files saved in 123.46 seconds
Fourth two files saved in 28.46 seconds
Fifth two files saved in 145.92 seconds
Time taken for SON: 577.95 seconds
NetCDF files for UBF and pr saved
#executed by process	14 in 2478.38s	with status	0 : python /home/vdemeyer/TRACKING/KATJA/POSTPROCESSING/contribution_ETCs.py 1987 --sim UBF --var pr
Calculating for DJF
First two files saved in 173.04 seconds
Second two files saved in 69.37 seconds
Third two files saved in 104.98 seconds
Fourth two files saved in 21.45 seconds
Fifth two files saved in 138.38 seconds
Time taken for DJF: 507.22 seconds
Calculating for MAM
First two files saved in 169.43 seconds
Second two files saved in 67.88 seconds
Third two files saved in 108.62 seconds
Fourth two files saved in 24.64 seconds
Fifth two files saved in 86.18 seconds
Time taken for MAM: 456.75 seconds
Calculating for JJA
First two files saved in 159.74 seconds
Second two files saved in 68.26 seconds
Third two files saved in 114.14 seconds
Fourth two files saved in 24.23 seconds
Fifth two files saved in 153.70 seconds
Time taken for JJA: 520.06 seconds
Calculating for SON
First two files saved in 160.25 seconds
Second two files saved in 67.93 seconds
Third two files saved in 112.90 seconds
Fourth two files saved in 24.08 seconds
Fifth two files saved in 99.27 seconds
Time taken for SON: 464.44 seconds
NetCDF files for UBF and pr saved
#executed by process	8 in 1966.11s	with status	0 : python /home/vdemeyer/TRACKING/KATJA/POSTPROCESSING/contribution_ETCs.py 1995 --sim UBF --var pr
Calculating for DJF
First two files saved in 197.94 seconds
Second two files saved in 89.24 seconds
Third two files saved in 139.09 seconds
Fourth two files saved in 37.14 seconds
Fifth two files saved in 172.73 seconds
Time taken for DJF: 636.13 seconds
Calculating for MAM
First two files saved in 212.79 seconds
Second two files saved in 83.96 seconds
Third two files saved in 163.79 seconds
Fourth two files saved in 31.00 seconds
Fifth two files saved in 161.69 seconds
Time taken for MAM: 653.22 seconds
Calculating for JJA
First two files saved in 220.10 seconds
Second two files saved in 80.41 seconds
Third two files saved in 127.21 seconds
Fourth two files saved in 32.87 seconds
Fifth two files saved in 183.29 seconds
Time taken for JJA: 643.89 seconds
Calculating for SON
First two files saved in 255.08 seconds
Second two files saved in 86.44 seconds
Third two files saved in 148.54 seconds
Fourth two files saved in 36.72 seconds
Fifth two files saved in 159.62 seconds
Time taken for SON: 686.40 seconds
NetCDF files for UBF and pr saved
#executed by process	10 in 2640.76s	with status	0 : python /home/vdemeyer/TRACKING/KATJA/POSTPROCESSING/contribution_ETCs.py 1992 --sim UBF --var pr
Calculating for DJF
First two files saved in 200.13 seconds
Second two files saved in 87.90 seconds
Third two files saved in 145.08 seconds
Fourth two files saved in 35.11 seconds
Fifth two files saved in 158.91 seconds
Time taken for DJF: 627.14 seconds
Calculating for MAM
First two files saved in 206.87 seconds
Second two files saved in 84.31 seconds
Third two files saved in 162.95 seconds
Fourth two files saved in 32.94 seconds
Fifth two files saved in 158.94 seconds
Time taken for MAM: 646.01 seconds
Calculating for JJA
First two files saved in 216.67 seconds
Second two files saved in 78.23 seconds
Third two files saved in 131.08 seconds
Fourth two files saved in 29.30 seconds
Fifth two files saved in 177.08 seconds
Time taken for JJA: 632.36 seconds
Calculating for SON
First two files saved in 249.37 seconds
Second two files saved in 83.89 seconds
Third two files saved in 146.86 seconds
Fourth two files saved in 36.89 seconds
Fifth two files saved in 158.50 seconds
Time taken for SON: 675.51 seconds
NetCDF files for UBF and pr saved
#executed by process	13 in 2600.01s	with status	0 : python /home/vdemeyer/TRACKING/KATJA/POSTPROCESSING/contribution_ETCs.py 1993 --sim UBF --var pr
Calculating for DJF
First two files saved in 201.93 seconds
Second two files saved in 91.90 seconds
Third two files saved in 149.43 seconds
Fourth two files saved in 38.80 seconds
Fifth two files saved in 160.05 seconds
Time taken for DJF: 642.11 seconds
Calculating for MAM
First two files saved in 203.12 seconds
Second two files saved in 117.06 seconds
Third two files saved in 139.30 seconds
Fourth two files saved in 33.03 seconds
Fifth two files saved in 154.55 seconds
Time taken for MAM: 647.06 seconds
Calculating for JJA
First two files saved in 208.04 seconds
Second two files saved in 80.07 seconds
Third two files saved in 136.53 seconds
Fourth two files saved in 35.26 seconds
Fifth two files saved in 163.35 seconds
Time taken for JJA: 623.25 seconds
Calculating for SON
First two files saved in 239.38 seconds
Second two files saved in 82.70 seconds
Third two files saved in 156.99 seconds
Fourth two files saved in 34.14 seconds
Fifth two files saved in 153.91 seconds
Time taken for SON: 667.10 seconds
NetCDF files for UBF and pr saved
#executed by process	11 in 2597.83s	with status	0 : python /home/vdemeyer/TRACKING/KATJA/POSTPROCESSING/contribution_ETCs.py 1994 --sim UBF --var pr
Calculating for DJF
First two files saved in 195.29 seconds
Second two files saved in 59.93 seconds
Third two files saved in 89.94 seconds
Fourth two files saved in 17.41 seconds
Fifth two files saved in 119.16 seconds
Time taken for DJF: 481.73 seconds
Calculating for MAM
First two files saved in 159.78 seconds
Second two files saved in 58.50 seconds
Third two files saved in 102.42 seconds
Fourth two files saved in 23.19 seconds
Fifth two files saved in 92.57 seconds
Time taken for MAM: 436.45 seconds
Calculating for JJA
First two files saved in 168.45 seconds
Second two files saved in 60.63 seconds
Third two files saved in 86.53 seconds
Fourth two files saved in 17.46 seconds
Fifth two files saved in 100.36 seconds
Time taken for JJA: 433.43 seconds
Calculating for SON
First two files saved in 156.34 seconds
Second two files saved in 60.07 seconds
Third two files saved in 81.79 seconds
Fourth two files saved in 20.77 seconds
Fifth two files saved in 83.12 seconds
Time taken for SON: 402.09 seconds
NetCDF files for UBF and pr saved
#executed by process	1 in 1771.56s	with status	0 : python /home/vdemeyer/TRACKING/KATJA/POSTPROCESSING/contribution_ETCs.py 1997 --sim UBF --var pr
Calculating for DJF
First two files saved in 231.01 seconds
Second two files saved in 64.01 seconds
Third two files saved in 93.50 seconds
Fourth two files saved in 20.46 seconds
Fifth two files saved in 130.26 seconds
Time taken for DJF: 539.24 seconds
Calculating for MAM
First two files saved in 169.99 seconds
Second two files saved in 67.32 seconds
Third two files saved in 106.49 seconds
Fourth two files saved in 19.21 seconds
Fifth two files saved in 104.53 seconds
Time taken for MAM: 467.54 seconds
Calculating for JJA
First two files saved in 170.02 seconds
Second two files saved in 66.16 seconds
Third two files saved in 102.66 seconds
Fourth two files saved in 29.68 seconds
Fifth two files saved in 94.17 seconds
Time taken for JJA: 462.70 seconds
Calculating for SON
First two files saved in 162.17 seconds
Second two files saved in 65.65 seconds
Third two files saved in 99.64 seconds
Fourth two files saved in 20.52 seconds
Fifth two files saved in 109.31 seconds
Time taken for SON: 457.29 seconds
NetCDF files for UBF and pr saved
#executed by process	6 in 1945.61s	with status	0 : python /home/vdemeyer/TRACKING/KATJA/POSTPROCESSING/contribution_ETCs.py 1996 --sim UBF --var pr
Calculating for DJF
First two files saved in 173.22 seconds
Second two files saved in 62.26 seconds
Third two files saved in 109.75 seconds
Fourth two files saved in 18.41 seconds
Fifth two files saved in 107.32 seconds
Time taken for DJF: 470.96 seconds
Calculating for MAM
First two files saved in 159.83 seconds
Second two files saved in 63.07 seconds
Third two files saved in 90.32 seconds
Fourth two files saved in 19.41 seconds
Fifth two files saved in 102.15 seconds
Time taken for MAM: 434.78 seconds
Calculating for JJA
First two files saved in 162.69 seconds
Second two files saved in 62.81 seconds
Third two files saved in 92.53 seconds
Fourth two files saved in 21.41 seconds
Fifth two files saved in 99.25 seconds
Time taken for JJA: 438.70 seconds
Calculating for SON
First two files saved in 170.66 seconds
Second two files saved in 62.18 seconds
Third two files saved in 86.44 seconds
Fourth two files saved in 21.33 seconds
Fifth two files saved in 99.39 seconds
Time taken for SON: 440.01 seconds
NetCDF files for UBF and pr saved
#executed by process	7 in 1803.19s	with status	0 : python /home/vdemeyer/TRACKING/KATJA/POSTPROCESSING/contribution_ETCs.py 2000 --sim UBF --var pr
Calculating for DJF
First two files saved in 184.74 seconds
Second two files saved in 71.47 seconds
Third two files saved in 124.53 seconds
Fourth two files saved in 19.08 seconds
Fifth two files saved in 102.78 seconds
Time taken for DJF: 502.60 seconds
Calculating for MAM
First two files saved in 177.79 seconds
Second two files saved in 65.17 seconds
Third two files saved in 103.19 seconds
Fourth two files saved in 22.18 seconds
Fifth two files saved in 79.13 seconds
Time taken for MAM: 447.47 seconds
Calculating for JJA
First two files saved in 171.94 seconds
Second two files saved in 66.54 seconds
Third two files saved in 118.76 seconds
Fourth two files saved in 19.55 seconds
Fifth two files saved in 91.63 seconds
Time taken for JJA: 468.42 seconds
Calculating for SON
First two files saved in 170.01 seconds
Second two files saved in 66.16 seconds
Third two files saved in 116.46 seconds
Fourth two files saved in 18.28 seconds
Fifth two files saved in 116.67 seconds
Time taken for SON: 487.59 seconds
NetCDF files for UBF and pr saved
#executed by process	2 in 1925.53s	with status	0 : python /home/vdemeyer/TRACKING/KATJA/POSTPROCESSING/contribution_ETCs.py 2001 --sim UBF --var pr
Calculating for DJF
First two files saved in 241.72 seconds
Second two files saved in 68.36 seconds
Third two files saved in 93.26 seconds
Fourth two files saved in 22.53 seconds
Fifth two files saved in 138.78 seconds
Time taken for DJF: 564.65 seconds
Calculating for MAM
First two files saved in 202.63 seconds
Second two files saved in 68.01 seconds
Third two files saved in 103.45 seconds
Fourth two files saved in 23.13 seconds
Fifth two files saved in 132.26 seconds
Time taken for MAM: 529.48 seconds
Calculating for JJA
First two files saved in 179.95 seconds
Second two files saved in 70.75 seconds
Third two files saved in 115.98 seconds
Fourth two files saved in 24.03 seconds
Fifth two files saved in 128.43 seconds
Time taken for JJA: 519.15 seconds
Calculating for SON
First two files saved in 178.20 seconds
Second two files saved in 70.83 seconds
Third two files saved in 121.75 seconds
Fourth two files saved in 22.31 seconds
Fifth two files saved in 136.64 seconds
Time taken for SON: 529.74 seconds
NetCDF files for UBF and pr saved
#executed by process	5 in 2162.04s	with status	0 : python /home/vdemeyer/TRACKING/KATJA/POSTPROCESSING/contribution_ETCs.py 1999 --sim UBF --var pr
Calculating for DJF
First two files saved in 233.42 seconds
Second two files saved in 66.85 seconds
Third two files saved in 94.83 seconds
Fourth two files saved in 21.82 seconds
Fifth two files saved in 139.85 seconds
Time taken for DJF: 556.76 seconds
Calculating for MAM
First two files saved in 213.08 seconds
Second two files saved in 68.53 seconds
Third two files saved in 104.09 seconds
Fourth two files saved in 23.79 seconds
Fifth two files saved in 135.19 seconds
Time taken for MAM: 544.67 seconds
Calculating for JJA
First two files saved in 183.70 seconds
Second two files saved in 71.27 seconds
Third two files saved in 114.89 seconds
Fourth two files saved in 24.75 seconds
Fifth two files saved in 131.42 seconds
Time taken for JJA: 526.02 seconds
Calculating for SON
First two files saved in 177.72 seconds
Second two files saved in 69.96 seconds
Third two files saved in 121.61 seconds
Fourth two files saved in 22.31 seconds
Fifth two files saved in 139.17 seconds
Time taken for SON: 530.76 seconds
NetCDF files for UBF and pr saved
#executed by process	4 in 2177.9s	with status	0 : python /home/vdemeyer/TRACKING/KATJA/POSTPROCESSING/contribution_ETCs.py 1998 --sim UBF --var pr
Calculating for DJF
First two files saved in 167.76 seconds
Second two files saved in 63.67 seconds
Third two files saved in 101.61 seconds
Fourth two files saved in 24.57 seconds
Fifth two files saved in 108.10 seconds
Time taken for DJF: 465.71 seconds
Calculating for MAM
First two files saved in 203.77 seconds
Second two files saved in 65.08 seconds
Third two files saved in 103.56 seconds
Fourth two files saved in 22.27 seconds
Fifth two files saved in 109.21 seconds
Time taken for MAM: 503.90 seconds
Calculating for JJA
First two files saved in 162.20 seconds
Second two files saved in 64.35 seconds
Third two files saved in 101.44 seconds
Fourth two files saved in 21.80 seconds
Fifth two files saved in 103.64 seconds
Time taken for JJA: 453.43 seconds
Calculating for SON
First two files saved in 171.08 seconds
Second two files saved in 69.35 seconds
Third two files saved in 104.82 seconds
Fourth two files saved in 23.48 seconds
Fifth two files saved in 104.25 seconds
Time taken for SON: 472.97 seconds
NetCDF files for UBF and pr saved
#executed by process	9 in 1918.54s	with status	0 : python /home/vdemeyer/TRACKING/KATJA/POSTPROCESSING/contribution_ETCs.py 2002 --sim UBF --var pr
Calculating for DJF
First two files saved in 259.14 seconds
Second two files saved in 70.93 seconds
Third two files saved in 94.72 seconds
Fourth two files saved in 20.62 seconds
Fifth two files saved in 113.86 seconds
Time taken for DJF: 559.27 seconds
Calculating for MAM
First two files saved in 215.83 seconds
Second two files saved in 64.76 seconds
Third two files saved in 94.69 seconds
Fourth two files saved in 21.20 seconds
Fifth two files saved in 107.98 seconds
Time taken for MAM: 504.47 seconds
Calculating for JJA
First two files saved in 224.45 seconds
Second two files saved in 65.08 seconds
Third two files saved in 94.93 seconds
Fourth two files saved in 20.62 seconds
Fifth two files saved in 125.16 seconds
Time taken for JJA: 530.25 seconds
Calculating for SON
First two files saved in 230.25 seconds
Second two files saved in 72.75 seconds
Third two files saved in 110.44 seconds
Fourth two files saved in 26.90 seconds
Fifth two files saved in 142.79 seconds
Time taken for SON: 583.14 seconds
NetCDF files for UBF and pr saved
#executed by process	3 in 2198.58s	with status	0 : python /home/vdemeyer/TRACKING/KATJA/POSTPROCESSING/contribution_ETCs.py 2004 --sim UBF --var pr
Calculating for DJF
First two files saved in 37.45 seconds
Second two files saved in 6.93 seconds
Third two files saved in 34.40 seconds
Fourth two files saved in 8.44 seconds
Fifth two files saved in 43.22 seconds
Time taken for DJF: 130.43 seconds
Calculating for MAM
First two files saved in 7.48 seconds
Second two files saved in 1.65 seconds
Third two files saved in 5.05 seconds
Fourth two files saved in 2.65 seconds
Fifth two files saved in 11.27 seconds
Time taken for MAM: 28.11 seconds
Calculating for JJA
First two files saved in 3.87 seconds
Second two files saved in 1.83 seconds
Third two files saved in 3.17 seconds
Fourth two files saved in 2.80 seconds
Fifth two files saved in 5.81 seconds
Time taken for JJA: 17.48 seconds
Calculating for SON
First two files saved in 108.79 seconds
Second two files saved in 18.98 seconds
Third two files saved in 118.09 seconds
Fourth two files saved in 20.81 seconds
Fifth two files saved in 86.64 seconds
Time taken for SON: 353.31 seconds
NetCDF files for UBF and ws saved
#executed by process	5 in 537.88s	with status	0 : python /home/vdemeyer/TRACKING/KATJA/POSTPROCESSING/contribution_ETCs.py 1979 --sim UBF --var ws
Calculating for DJF
First two files saved in 201.90 seconds
Second two files saved in 86.27 seconds
Third two files saved in 154.30 seconds
Fourth two files saved in 62.24 seconds
Fifth two files saved in 117.25 seconds
Time taken for DJF: 621.96 seconds
Calculating for MAM
First two files saved in 202.71 seconds
Second two files saved in 92.14 seconds
Third two files saved in 152.60 seconds
Fourth two files saved in 30.89 seconds
Fifth two files saved in 104.18 seconds
Time taken for MAM: 582.51 seconds
Calculating for JJA
First two files saved in 199.66 seconds
Second two files saved in 87.87 seconds
Third two files saved in 149.96 seconds
Fourth two files saved in 34.10 seconds
Fifth two files saved in 135.78 seconds
Time taken for JJA: 607.38 seconds
Calculating for SON
First two files saved in 188.74 seconds
Second two files saved in 87.12 seconds
Third two files saved in 159.61 seconds
Fourth two files saved in 38.24 seconds
Fifth two files saved in 155.29 seconds
Time taken for SON: 629.00 seconds
NetCDF files for UBF and pr saved
#executed by process	12 in 2459.47s	with status	0 : python /home/vdemeyer/TRACKING/KATJA/POSTPROCESSING/contribution_ETCs.py 2003 --sim UBF --var pr
Calculating for DJF
First two files saved in 234.76 seconds
Second two files saved in 81.60 seconds
Third two files saved in 131.91 seconds
Fourth two files saved in 34.60 seconds
Fifth two files saved in 146.79 seconds
Time taken for DJF: 629.67 seconds
Calculating for MAM
First two files saved in 184.90 seconds
Second two files saved in 81.41 seconds
Third two files saved in 136.85 seconds
Fourth two files saved in 35.44 seconds
Fifth two files saved in 135.75 seconds
Time taken for MAM: 574.35 seconds
Calculating for JJA
First two files saved in 191.60 seconds
Second two files saved in 74.54 seconds
Third two files saved in 125.69 seconds
Fourth two files saved in 28.50 seconds
Fifth two files saved in 139.79 seconds
Time taken for JJA: 560.13 seconds
Calculating for SON
First two files saved in 195.80 seconds
Second two files saved in 74.98 seconds
Third two files saved in 124.73 seconds
Fourth two files saved in 33.63 seconds
Fifth two files saved in 147.77 seconds
Time taken for SON: 576.91 seconds
NetCDF files for UBF and pr saved
#executed by process	15 in 2358.2s	with status	0 : python /home/vdemeyer/TRACKING/KATJA/POSTPROCESSING/contribution_ETCs.py 2005 --sim UBF --var pr
Calculating for DJF
First two files saved in 235.99 seconds
Second two files saved in 81.58 seconds
Third two files saved in 133.09 seconds
Fourth two files saved in 33.55 seconds
Fifth two files saved in 146.16 seconds
Time taken for DJF: 630.36 seconds
Calculating for MAM
First two files saved in 187.23 seconds
Second two files saved in 80.77 seconds
Third two files saved in 138.53 seconds
Fourth two files saved in 33.00 seconds
Fifth two files saved in 140.94 seconds
Time taken for MAM: 580.47 seconds
Calculating for JJA
First two files saved in 205.69 seconds
Second two files saved in 75.95 seconds
Third two files saved in 124.73 seconds
Fourth two files saved in 30.07 seconds
Fifth two files saved in 145.18 seconds
Time taken for JJA: 581.63 seconds
Calculating for SON
First two files saved in 196.94 seconds
Second two files saved in 72.11 seconds
Third two files saved in 127.72 seconds
Fourth two files saved in 29.84 seconds
Fifth two files saved in 161.64 seconds
Time taken for SON: 588.25 seconds
NetCDF files for UBF and pr saved
#executed by process	14 in 2397.39s	with status	0 : python /home/vdemeyer/TRACKING/KATJA/POSTPROCESSING/contribution_ETCs.py 2006 --sim UBF --var pr
Calculating for DJF
First two files saved in 162.28 seconds
Second two files saved in 67.14 seconds
Third two files saved in 104.60 seconds
Fourth two files saved in 23.11 seconds
Fifth two files saved in 104.02 seconds
Time taken for DJF: 461.14 seconds
Calculating for MAM
First two files saved in 159.14 seconds
Second two files saved in 67.58 seconds
Third two files saved in 102.45 seconds
Fourth two files saved in 23.09 seconds
Fifth two files saved in 98.28 seconds
Time taken for MAM: 450.53 seconds
Calculating for JJA
First two files saved in 180.90 seconds
Second two files saved in 70.40 seconds
Third two files saved in 111.68 seconds
Fourth two files saved in 27.28 seconds
Fifth two files saved in 104.31 seconds
Time taken for JJA: 494.57 seconds
Calculating for SON
First two files saved in 178.00 seconds
Second two files saved in 70.43 seconds
Third two files saved in 117.14 seconds
Fourth two files saved in 27.03 seconds
Fifth two files saved in 125.07 seconds
Time taken for SON: 517.66 seconds
NetCDF files for UBF and pr saved
#executed by process	8 in 1940.38s	with status	0 : python /home/vdemeyer/TRACKING/KATJA/POSTPROCESSING/contribution_ETCs.py 2007 --sim UBF --var pr
Calculating for DJF
First two files saved in 188.44 seconds
Second two files saved in 58.71 seconds
Third two files saved in 85.97 seconds
Fourth two files saved in 16.65 seconds
Fifth two files saved in 111.12 seconds
Time taken for DJF: 460.88 seconds
Calculating for MAM
First two files saved in 190.15 seconds
Second two files saved in 58.46 seconds
Third two files saved in 83.80 seconds
Fourth two files saved in 18.03 seconds
Fifth two files saved in 92.82 seconds
Time taken for MAM: 443.26 seconds
Calculating for JJA
First two files saved in 207.19 seconds
Second two files saved in 60.90 seconds
Third two files saved in 85.93 seconds
Fourth two files saved in 18.05 seconds
Fifth two files saved in 86.61 seconds
Time taken for JJA: 458.67 seconds
Calculating for SON
First two files saved in 187.42 seconds
Second two files saved in 64.33 seconds
Third two files saved in 84.86 seconds
Fourth two files saved in 17.83 seconds
Fifth two files saved in 91.90 seconds
Time taken for SON: 446.33 seconds
NetCDF files for UBF and pr saved
#executed by process	1 in 1827.58s	with status	0 : python /home/vdemeyer/TRACKING/KATJA/POSTPROCESSING/contribution_ETCs.py 2011 --sim UBF --var pr
Calculating for DJF
First two files saved in 180.29 seconds
Second two files saved in 63.55 seconds
Third two files saved in 118.96 seconds
Fourth two files saved in 19.44 seconds
Fifth two files saved in 126.32 seconds
Time taken for DJF: 508.56 seconds
Calculating for MAM
First two files saved in 170.20 seconds
Second two files saved in 66.85 seconds
Third two files saved in 104.45 seconds
Fourth two files saved in 28.53 seconds
Fifth two files saved in 104.90 seconds
Time taken for MAM: 474.93 seconds
Calculating for JJA
First two files saved in 199.74 seconds
Second two files saved in 65.07 seconds
Third two files saved in 108.96 seconds
Fourth two files saved in 20.47 seconds
Fifth two files saved in 110.42 seconds
Time taken for JJA: 504.66 seconds
Calculating for SON
First two files saved in 174.70 seconds
Second two files saved in 69.18 seconds
Third two files saved in 101.15 seconds
Fourth two files saved in 21.73 seconds
Fifth two files saved in 120.20 seconds
Time taken for SON: 486.97 seconds
NetCDF files for UBF and pr saved
#executed by process	6 in 1993.59s	with status	0 : python /home/vdemeyer/TRACKING/KATJA/POSTPROCESSING/contribution_ETCs.py 2012 --sim UBF --var pr
Calculating for DJF
First two files saved in 104.67 seconds
Second two files saved in 18.08 seconds
Third two files saved in 108.94 seconds
Fourth two files saved in 22.99 seconds
Fifth two files saved in 111.27 seconds
Time taken for DJF: 365.95 seconds
Calculating for MAM
First two files saved in 113.26 seconds
Second two files saved in 19.18 seconds
Third two files saved in 101.25 seconds
Fourth two files saved in 23.79 seconds
Fifth two files saved in 105.51 seconds
Time taken for MAM: 363.00 seconds
Calculating for JJA
First two files saved in 110.51 seconds
Second two files saved in 23.16 seconds
Third two files saved in 115.94 seconds
Fourth two files saved in 27.81 seconds
Fifth two files saved in 140.11 seconds
Time taken for JJA: 417.52 seconds
Calculating for SON
First two files saved in 112.02 seconds
Second two files saved in 19.16 seconds
Third two files saved in 110.30 seconds
Fourth two files saved in 24.84 seconds
Fifth two files saved in 130.27 seconds
Time taken for SON: 396.59 seconds
NetCDF files for UBF and ws saved
#executed by process	9 in 1559.43s	with status	0 : python /home/vdemeyer/TRACKING/KATJA/POSTPROCESSING/contribution_ETCs.py 1981 --sim UBF --var ws
Calculating for DJF
First two files saved in 104.39 seconds
Second two files saved in 19.02 seconds
Third two files saved in 114.28 seconds
Fourth two files saved in 31.63 seconds
Fifth two files saved in 151.14 seconds
Time taken for DJF: 420.46 seconds
Calculating for MAM
First two files saved in 106.43 seconds
Second two files saved in 16.27 seconds
Third two files saved in 109.05 seconds
Fourth two files saved in 24.71 seconds
Fifth two files saved in 137.28 seconds
Time taken for MAM: 393.74 seconds
Calculating for JJA
First two files saved in 123.35 seconds
Second two files saved in 18.66 seconds
Third two files saved in 101.22 seconds
Fourth two files saved in 27.17 seconds
Fifth two files saved in 134.71 seconds
Time taken for JJA: 405.12 seconds
Calculating for SON
First two files saved in 123.24 seconds
Second two files saved in 21.33 seconds
Third two files saved in 116.81 seconds
Fourth two files saved in 26.31 seconds
Fifth two files saved in 123.32 seconds
Time taken for SON: 411.02 seconds
NetCDF files for UBF and ws saved
#executed by process	4 in 1648.61s	with status	0 : python /home/vdemeyer/TRACKING/KATJA/POSTPROCESSING/contribution_ETCs.py 1980 --sim UBF --var ws
Calculating for DJF
First two files saved in 212.17 seconds
Second two files saved in 62.51 seconds
Third two files saved in 109.45 seconds
Fourth two files saved in 18.81 seconds
Fifth two files saved in 117.39 seconds
Time taken for DJF: 520.33 seconds
Calculating for MAM
First two files saved in 172.69 seconds
Second two files saved in 60.81 seconds
Third two files saved in 89.22 seconds
Fourth two files saved in 25.02 seconds
Fifth two files saved in 104.67 seconds
Time taken for MAM: 452.41 seconds
Calculating for JJA
First two files saved in 178.65 seconds
Second two files saved in 61.05 seconds
Third two files saved in 94.67 seconds
Fourth two files saved in 21.89 seconds
Fifth two files saved in 105.07 seconds
Time taken for JJA: 461.34 seconds
Calculating for SON
First two files saved in 199.71 seconds
Second two files saved in 63.33 seconds
Third two files saved in 88.77 seconds
Fourth two files saved in 18.22 seconds
Fifth two files saved in 107.16 seconds
Time taken for SON: 477.19 seconds
NetCDF files for UBF and pr saved
#executed by process	7 in 1929.49s	with status	0 : python /home/vdemeyer/TRACKING/KATJA/POSTPROCESSING/contribution_ETCs.py 2013 --sim UBF --var pr
Calculating for DJF
First two files saved in 183.97 seconds
Second two files saved in 65.16 seconds
Third two files saved in 111.38 seconds
Fourth two files saved in 18.91 seconds
Fifth two files saved in 100.12 seconds
Time taken for DJF: 479.53 seconds
Calculating for MAM
First two files saved in 187.96 seconds
Second two files saved in 66.31 seconds
Third two files saved in 99.55 seconds
Fourth two files saved in 19.26 seconds
Fifth two files saved in 97.19 seconds
Time taken for MAM: 470.26 seconds
Calculating for JJA
First two files saved in 188.34 seconds
Second two files saved in 69.18 seconds
Third two files saved in 94.80 seconds
Fourth two files saved in 19.36 seconds
Fifth two files saved in 118.07 seconds
Time taken for JJA: 489.76 seconds
Calculating for SON
First two files saved in 204.39 seconds
Second two files saved in 66.39 seconds
Third two files saved in 111.95 seconds
Fourth two files saved in 20.43 seconds
Fifth two files saved in 103.77 seconds
Time taken for SON: 506.93 seconds
NetCDF files for UBF and pr saved
#executed by process	2 in 1964.9s	with status	0 : python /home/vdemeyer/TRACKING/KATJA/POSTPROCESSING/contribution_ETCs.py 2014 --sim UBF --var pr
Calculating for DJF
First two files saved in 115.06 seconds
Second two files saved in 18.68 seconds
Third two files saved in 105.52 seconds
Fourth two files saved in 25.65 seconds
Fifth two files saved in 146.74 seconds
Time taken for DJF: 411.65 seconds
Calculating for MAM
First two files saved in 111.93 seconds
Second two files saved in 26.32 seconds
Third two files saved in 96.93 seconds
Fourth two files saved in 25.43 seconds
Fifth two files saved in 135.71 seconds
Time taken for MAM: 396.32 seconds
Calculating for JJA
First two files saved in 120.26 seconds
Second two files saved in 25.40 seconds
Third two files saved in 115.60 seconds
Fourth two files saved in 26.55 seconds
Fifth two files saved in 120.12 seconds
Time taken for JJA: 407.93 seconds
Calculating for SON
First two files saved in 113.10 seconds
Second two files saved in 24.49 seconds
Third two files saved in 114.94 seconds
Fourth two files saved in 26.96 seconds
Fifth two files saved in 129.50 seconds
Time taken for SON: 408.98 seconds
NetCDF files for UBF and ws saved
#executed by process	3 in 1644.44s	with status	0 : python /home/vdemeyer/TRACKING/KATJA/POSTPROCESSING/contribution_ETCs.py 1982 --sim UBF --var ws
Calculating for DJF
First two files saved in 198.65 seconds
Second two files saved in 86.30 seconds
Third two files saved in 142.69 seconds
Fourth two files saved in 37.87 seconds
Fifth two files saved in 154.87 seconds
Time taken for DJF: 620.38 seconds
Calculating for MAM
First two files saved in 193.69 seconds
Second two files saved in 77.60 seconds
Third two files saved in 153.41 seconds
Fourth two files saved in 39.70 seconds
Fifth two files saved in 178.25 seconds
Time taken for MAM: 642.65 seconds
Calculating for JJA
First two files saved in 210.73 seconds
Second two files saved in 80.59 seconds
Third two files saved in 165.20 seconds
Fourth two files saved in 45.28 seconds
Fifth two files saved in 227.13 seconds
Time taken for JJA: 728.92 seconds
Calculating for SON
First two files saved in 250.99 seconds
Second two files saved in 98.06 seconds
Third two files saved in 167.53 seconds
Fourth two files saved in 42.81 seconds
Fifth two files saved in 241.56 seconds
Time taken for SON: 800.95 seconds
NetCDF files for UBF and pr saved
#executed by process	10 in 2812.2s	with status	0 : python /home/vdemeyer/TRACKING/KATJA/POSTPROCESSING/contribution_ETCs.py 2008 --sim UBF --var pr
Calculating for DJF
First two files saved in 201.34 seconds
Second two files saved in 83.10 seconds
Third two files saved in 142.17 seconds
Fourth two files saved in 36.67 seconds
Fifth two files saved in 150.30 seconds
Time taken for DJF: 613.58 seconds
Calculating for MAM
First two files saved in 195.62 seconds
Second two files saved in 80.44 seconds
Third two files saved in 145.17 seconds
Fourth two files saved in 39.47 seconds
Fifth two files saved in 176.75 seconds
Time taken for MAM: 637.45 seconds
Calculating for JJA
First two files saved in 214.58 seconds
Second two files saved in 81.73 seconds
Third two files saved in 172.06 seconds
Fourth two files saved in 44.14 seconds
Fifth two files saved in 225.89 seconds
Time taken for JJA: 738.39 seconds
Calculating for SON
First two files saved in 252.71 seconds
Second two files saved in 92.98 seconds
Third two files saved in 175.16 seconds
Fourth two files saved in 39.12 seconds
Fifth two files saved in 233.63 seconds
Time taken for SON: 793.60 seconds
NetCDF files for UBF and pr saved
#executed by process	13 in 2801.5s	with status	0 : python /home/vdemeyer/TRACKING/KATJA/POSTPROCESSING/contribution_ETCs.py 2009 --sim UBF --var pr
Calculating for DJF
First two files saved in 202.40 seconds
Second two files saved in 81.92 seconds
Third two files saved in 151.63 seconds
Fourth two files saved in 35.16 seconds
Fifth two files saved in 146.10 seconds
Time taken for DJF: 617.21 seconds
Calculating for MAM
First two files saved in 197.69 seconds
Second two files saved in 75.95 seconds
Third two files saved in 155.90 seconds
Fourth two files saved in 37.56 seconds
Fifth two files saved in 174.17 seconds
Time taken for MAM: 641.28 seconds
Calculating for JJA
First two files saved in 211.61 seconds
Second two files saved in 83.10 seconds
Third two files saved in 170.17 seconds
Fourth two files saved in 48.56 seconds
Fifth two files saved in 221.67 seconds
Time taken for JJA: 735.11 seconds
Calculating for SON
First two files saved in 253.64 seconds
Second two files saved in 91.04 seconds
Third two files saved in 172.17 seconds
Fourth two files saved in 39.28 seconds
Fifth two files saved in 227.40 seconds
Time taken for SON: 783.53 seconds
NetCDF files for UBF and pr saved
#executed by process	11 in 2794.17s	with status	0 : python /home/vdemeyer/TRACKING/KATJA/POSTPROCESSING/contribution_ETCs.py 2010 --sim UBF --var pr
Calculating for DJF
First two files saved in 117.24 seconds
Second two files saved in 20.04 seconds
Third two files saved in 128.57 seconds
Fourth two files saved in 24.79 seconds
Fifth two files saved in 133.93 seconds
Time taken for DJF: 424.58 seconds
Calculating for MAM
First two files saved in 102.68 seconds
Second two files saved in 21.74 seconds
Third two files saved in 119.08 seconds
Fourth two files saved in 27.70 seconds
Fifth two files saved in 129.20 seconds
Time taken for MAM: 400.39 seconds
Calculating for JJA
First two files saved in 121.48 seconds
Second two files saved in 20.99 seconds
Third two files saved in 117.21 seconds
Fourth two files saved in 22.11 seconds
Fifth two files saved in 137.31 seconds
Time taken for JJA: 419.09 seconds
Calculating for SON
First two files saved in 118.63 seconds
Second two files saved in 24.94 seconds
Third two files saved in 116.51 seconds
Fourth two files saved in 28.46 seconds
Fifth two files saved in 140.93 seconds
Time taken for SON: 429.47 seconds
NetCDF files for UBF and ws saved
#executed by process	5 in 1693.45s	with status	0 : python /home/vdemeyer/TRACKING/KATJA/POSTPROCESSING/contribution_ETCs.py 1983 --sim UBF --var ws
Calculating for DJF
First two files saved in 111.40 seconds
Second two files saved in 15.98 seconds
Third two files saved in 97.76 seconds
Fourth two files saved in 25.63 seconds
Fifth two files saved in 91.29 seconds
Time taken for DJF: 342.07 seconds
Calculating for MAM
First two files saved in 92.85 seconds
Second two files saved in 16.00 seconds
Third two files saved in 87.96 seconds
Fourth two files saved in 19.18 seconds
Fifth two files saved in 105.21 seconds
Time taken for MAM: 321.21 seconds
Calculating for JJA
First two files saved in 96.70 seconds
Second two files saved in 16.96 seconds
Third two files saved in 101.62 seconds
Fourth two files saved in 23.30 seconds
Fifth two files saved in 106.07 seconds
Time taken for JJA: 344.64 seconds
Calculating for SON
First two files saved in 89.71 seconds
Second two files saved in 16.90 seconds
Third two files saved in 92.47 seconds
Fourth two files saved in 21.65 seconds
Fifth two files saved in 86.05 seconds
Time taken for SON: 306.79 seconds
NetCDF files for UBF and ws saved
#executed by process	1 in 1332.08s	with status	0 : python /home/vdemeyer/TRACKING/KATJA/POSTPROCESSING/contribution_ETCs.py 1988 --sim UBF --var ws
Calculating for DJF
First two files saved in 137.62 seconds
Second two files saved in 19.99 seconds
Third two files saved in 112.45 seconds
Fourth two files saved in 24.64 seconds
Fifth two files saved in 137.23 seconds
Time taken for DJF: 431.93 seconds
Calculating for MAM
First two files saved in 107.97 seconds
Second two files saved in 21.21 seconds
Third two files saved in 114.89 seconds
Fourth two files saved in 24.13 seconds
Fifth two files saved in 154.74 seconds
Time taken for MAM: 422.94 seconds
Calculating for JJA
First two files saved in 113.82 seconds
Second two files saved in 20.57 seconds
Third two files saved in 119.50 seconds
Fourth two files saved in 25.19 seconds
Fifth two files saved in 115.97 seconds
Time taken for JJA: 395.05 seconds
Calculating for SON
First two files saved in 120.20 seconds
Second two files saved in 21.85 seconds
Third two files saved in 150.57 seconds
Fourth two files saved in 25.11 seconds
Fifth two files saved in 113.61 seconds
Time taken for SON: 431.34 seconds
NetCDF files for UBF and ws saved
#executed by process	8 in 1697.91s	with status	0 : python /home/vdemeyer/TRACKING/KATJA/POSTPROCESSING/contribution_ETCs.py 1987 --sim UBF --var ws
Calculating for DJF
First two files saved in 103.99 seconds
Second two files saved in 17.28 seconds
Third two files saved in 104.57 seconds
Fourth two files saved in 21.36 seconds
Fifth two files saved in 127.67 seconds
Time taken for DJF: 374.87 seconds
Calculating for MAM
First two files saved in 103.32 seconds
Second two files saved in 16.76 seconds
Third two files saved in 115.08 seconds
Fourth two files saved in 30.17 seconds
Fifth two files saved in 110.28 seconds
Time taken for MAM: 375.61 seconds
Calculating for JJA
First two files saved in 104.77 seconds
Second two files saved in 16.77 seconds
Third two files saved in 106.14 seconds
Fourth two files saved in 24.22 seconds
Fifth two files saved in 104.72 seconds
Time taken for JJA: 356.63 seconds
Calculating for SON
First two files saved in 113.91 seconds
Second two files saved in 18.78 seconds
Third two files saved in 107.73 seconds
Fourth two files saved in 22.89 seconds
Fifth two files saved in 116.17 seconds
Time taken for SON: 379.48 seconds
NetCDF files for UBF and ws saved
#executed by process	6 in 1504.38s	with status	0 : python /home/vdemeyer/TRACKING/KATJA/POSTPROCESSING/contribution_ETCs.py 1989 --sim UBF --var ws
Calculating for DJF
First two files saved in 141.68 seconds
Second two files saved in 26.92 seconds
Third two files saved in 149.33 seconds
Fourth two files saved in 41.12 seconds
Fifth two files saved in 235.00 seconds
Time taken for DJF: 594.06 seconds
Calculating for MAM
First two files saved in 151.84 seconds
Second two files saved in 26.54 seconds
Third two files saved in 163.76 seconds
Fourth two files saved in 31.59 seconds
Fifth two files saved in 173.75 seconds
Time taken for MAM: 547.49 seconds
Calculating for JJA
First two files saved in 205.15 seconds
Second two files saved in 38.47 seconds
Third two files saved in 157.15 seconds
Fourth two files saved in 43.12 seconds
Fifth two files saved in 210.85 seconds
Time taken for JJA: 654.74 seconds
Calculating for SON
First two files saved in 212.44 seconds
Second two files saved in 38.28 seconds
Third two files saved in 175.91 seconds
Fourth two files saved in 36.02 seconds
Fifth two files saved in 198.17 seconds
Time taken for SON: 660.81 seconds
NetCDF files for UBF and ws saved
#executed by process	12 in 2473.65s	with status	0 : python /home/vdemeyer/TRACKING/KATJA/POSTPROCESSING/contribution_ETCs.py 1984 --sim UBF --var ws
Calculating for DJF
First two files saved in 146.10 seconds
Second two files saved in 34.34 seconds
Third two files saved in 165.18 seconds
Fourth two files saved in 30.25 seconds
Fifth two files saved in 149.39 seconds
Time taken for DJF: 525.28 seconds
Calculating for MAM
First two files saved in 150.14 seconds
Second two files saved in 25.86 seconds
Third two files saved in 151.87 seconds
Fourth two files saved in 34.71 seconds
Fifth two files saved in 207.25 seconds
Time taken for MAM: 569.84 seconds
Calculating for JJA
First two files saved in 145.93 seconds
Second two files saved in 29.16 seconds
Third two files saved in 153.14 seconds
Fourth two files saved in 37.05 seconds
Fifth two files saved in 200.93 seconds
Time taken for JJA: 566.21 seconds
Calculating for SON
First two files saved in 147.33 seconds
Second two files saved in 26.37 seconds
Third two files saved in 144.21 seconds
Fourth two files saved in 33.68 seconds
Fifth two files saved in 158.58 seconds
Time taken for SON: 510.16 seconds
NetCDF files for UBF and ws saved
#executed by process	15 in 2189.31s	with status	0 : python /home/vdemeyer/TRACKING/KATJA/POSTPROCESSING/contribution_ETCs.py 1985 --sim UBF --var ws
Calculating for DJF
First two files saved in 101.43 seconds
Second two files saved in 14.02 seconds
Third two files saved in 97.41 seconds
Fourth two files saved in 19.34 seconds
Fifth two files saved in 114.57 seconds
Time taken for DJF: 346.76 seconds
Calculating for MAM
First two files saved in 96.19 seconds
Second two files saved in 16.08 seconds
Third two files saved in 95.08 seconds
Fourth two files saved in 19.71 seconds
Fifth two files saved in 101.95 seconds
Time taken for MAM: 329.01 seconds
Calculating for JJA
First two files saved in 96.91 seconds
Second two files saved in 14.73 seconds
Third two files saved in 98.91 seconds
Fourth two files saved in 18.46 seconds
Fifth two files saved in 99.74 seconds
Time taken for JJA: 328.76 seconds
Calculating for SON
First two files saved in 102.63 seconds
Second two files saved in 14.57 seconds
Third two files saved in 99.61 seconds
Fourth two files saved in 18.62 seconds
Fifth two files saved in 97.88 seconds
Time taken for SON: 333.31 seconds
NetCDF files for UBF and ws saved
#executed by process	7 in 1355.65s	with status	0 : python /home/vdemeyer/TRACKING/KATJA/POSTPROCESSING/contribution_ETCs.py 1992 --sim UBF --var ws
Calculating for DJF
First two files saved in 154.94 seconds
Second two files saved in 49.41 seconds
Third two files saved in 140.03 seconds
Fourth two files saved in 28.93 seconds
Fifth two files saved in 170.49 seconds
Time taken for DJF: 543.80 seconds
Calculating for MAM
First two files saved in 133.55 seconds
Second two files saved in 31.37 seconds
Third two files saved in 148.22 seconds
Fourth two files saved in 34.82 seconds
Fifth two files saved in 185.90 seconds
Time taken for MAM: 533.86 seconds
Calculating for JJA
First two files saved in 149.59 seconds
Second two files saved in 28.82 seconds
Third two files saved in 157.34 seconds
Fourth two files saved in 33.62 seconds
Fifth two files saved in 201.12 seconds
Time taken for JJA: 570.48 seconds
Calculating for SON
First two files saved in 149.31 seconds
Second two files saved in 30.42 seconds
Third two files saved in 140.17 seconds
Fourth two files saved in 29.77 seconds
Fifth two files saved in 190.85 seconds
Time taken for SON: 540.53 seconds
NetCDF files for UBF and ws saved
#executed by process	14 in 2206.58s	with status	0 : python /home/vdemeyer/TRACKING/KATJA/POSTPROCESSING/contribution_ETCs.py 1986 --sim UBF --var ws
Calculating for DJF
First two files saved in 117.34 seconds
Second two files saved in 20.98 seconds
Third two files saved in 114.43 seconds
Fourth two files saved in 24.88 seconds
Fifth two files saved in 148.14 seconds
Time taken for DJF: 425.77 seconds
Calculating for MAM
First two files saved in 112.41 seconds
Second two files saved in 20.86 seconds
Third two files saved in 113.33 seconds
Fourth two files saved in 25.76 seconds
Fifth two files saved in 113.93 seconds
Time taken for MAM: 386.29 seconds
Calculating for JJA
First two files saved in 116.10 seconds
Second two files saved in 65.59 seconds
Third two files saved in 116.80 seconds
Fourth two files saved in 25.32 seconds
Fifth two files saved in 111.17 seconds
Time taken for JJA: 434.98 seconds
Calculating for SON
First two files saved in 114.13 seconds
Second two files saved in 19.75 seconds
Third two files saved in 112.46 seconds
Fourth two files saved in 70.96 seconds
Fifth two files saved in 112.43 seconds
Time taken for SON: 429.73 seconds
NetCDF files for UBF and ws saved
#executed by process	9 in 1693.34s	with status	0 : python /home/vdemeyer/TRACKING/KATJA/POSTPROCESSING/contribution_ETCs.py 1990 --sim UBF --var ws
Calculating for DJF
First two files saved in 118.60 seconds
Second two files saved in 19.89 seconds
Third two files saved in 102.57 seconds
Fourth two files saved in 19.41 seconds
Fifth two files saved in 113.18 seconds
Time taken for DJF: 373.64 seconds
Calculating for MAM
First two files saved in 105.77 seconds
Second two files saved in 18.04 seconds
Third two files saved in 96.31 seconds
Fourth two files saved in 19.23 seconds
Fifth two files saved in 102.53 seconds
Time taken for MAM: 341.87 seconds
Calculating for JJA
First two files saved in 102.21 seconds
Second two files saved in 17.28 seconds
Third two files saved in 98.75 seconds
Fourth two files saved in 19.90 seconds
Fifth two files saved in 97.39 seconds
Time taken for JJA: 335.53 seconds
Calculating for SON
First two files saved in 101.15 seconds
Second two files saved in 17.39 seconds
Third two files saved in 95.19 seconds
Fourth two files saved in 19.57 seconds
Fifth two files saved in 114.58 seconds
Time taken for SON: 347.88 seconds
NetCDF files for UBF and ws saved
#executed by process	2 in 1416.51s	with status	0 : python /home/vdemeyer/TRACKING/KATJA/POSTPROCESSING/contribution_ETCs.py 1993 --sim UBF --var ws
Calculating for DJF
First two files saved in 137.61 seconds
Second two files saved in 22.72 seconds
Third two files saved in 124.85 seconds
Fourth two files saved in 23.78 seconds
Fifth two files saved in 149.14 seconds
Time taken for DJF: 458.09 seconds
Calculating for MAM
First two files saved in 119.06 seconds
Second two files saved in 21.30 seconds
Third two files saved in 124.80 seconds
Fourth two files saved in 26.61 seconds
Fifth two files saved in 133.83 seconds
Time taken for MAM: 425.60 seconds
Calculating for JJA
First two files saved in 118.41 seconds
Second two files saved in 23.71 seconds
Third two files saved in 119.80 seconds
Fourth two files saved in 28.66 seconds
Fifth two files saved in 131.32 seconds
Time taken for JJA: 421.90 seconds
Calculating for SON
First two files saved in 129.83 seconds
Second two files saved in 20.42 seconds
Third two files saved in 116.87 seconds
Fourth two files saved in 27.96 seconds
Fifth two files saved in 132.92 seconds
Time taken for SON: 428.00 seconds
NetCDF files for UBF and ws saved
#executed by process	4 in 1753.52s	with status	0 : python /home/vdemeyer/TRACKING/KATJA/POSTPROCESSING/contribution_ETCs.py 1991 --sim UBF --var ws
Calculating for DJF
First two files saved in 133.50 seconds
Second two files saved in 25.36 seconds
Third two files saved in 114.60 seconds
Fourth two files saved in 23.09 seconds
Fifth two files saved in 148.86 seconds
Time taken for DJF: 445.41 seconds
Calculating for MAM
First two files saved in 115.52 seconds
Second two files saved in 23.44 seconds
Third two files saved in 115.81 seconds
Fourth two files saved in 27.49 seconds
Fifth two files saved in 133.01 seconds
Time taken for MAM: 415.27 seconds
Calculating for JJA
First two files saved in 120.82 seconds
Second two files saved in 23.66 seconds
Third two files saved in 120.85 seconds
Fourth two files saved in 25.59 seconds
Fifth two files saved in 139.25 seconds
Time taken for JJA: 430.18 seconds
Calculating for SON
First two files saved in 118.66 seconds
Second two files saved in 28.39 seconds
Third two files saved in 106.95 seconds
Fourth two files saved in 24.74 seconds
Fifth two files saved in 141.00 seconds
Time taken for SON: 419.74 seconds
NetCDF files for UBF and ws saved
#executed by process	3 in 1730.48s	with status	0 : python /home/vdemeyer/TRACKING/KATJA/POSTPROCESSING/contribution_ETCs.py 1994 --sim UBF --var ws
Calculating for DJF
First two files saved in 97.58 seconds
Second two files saved in 14.87 seconds
Third two files saved in 98.48 seconds
Fourth two files saved in 20.20 seconds
Fifth two files saved in 111.21 seconds
Time taken for DJF: 342.34 seconds
Calculating for MAM
First two files saved in 105.59 seconds
Second two files saved in 15.21 seconds
Third two files saved in 92.28 seconds
Fourth two files saved in 17.89 seconds
Fifth two files saved in 97.73 seconds
Time taken for MAM: 328.71 seconds
Calculating for JJA
First two files saved in 101.48 seconds
Second two files saved in 23.98 seconds
Third two files saved in 96.66 seconds
Fourth two files saved in 17.71 seconds
Fifth two files saved in 98.49 seconds
Time taken for JJA: 338.33 seconds
Calculating for SON
First two files saved in 86.20 seconds
Second two files saved in 13.89 seconds
Third two files saved in 100.71 seconds
Fourth two files saved in 18.68 seconds
Fifth two files saved in 93.29 seconds
Time taken for SON: 312.75 seconds
NetCDF files for UBF and ws saved
#executed by process	1 in 1339.85s	with status	0 : python /home/vdemeyer/TRACKING/KATJA/POSTPROCESSING/contribution_ETCs.py 1999 --sim UBF --var ws
Calculating for DJF
First two files saved in 143.18 seconds
Second two files saved in 22.22 seconds
Third two files saved in 129.75 seconds
Fourth two files saved in 24.95 seconds
Fifth two files saved in 141.90 seconds
Time taken for DJF: 462.00 seconds
Calculating for MAM
First two files saved in 125.29 seconds
Second two files saved in 24.92 seconds
Third two files saved in 113.40 seconds
Fourth two files saved in 28.41 seconds
Fifth two files saved in 133.52 seconds
Time taken for MAM: 425.54 seconds
Calculating for JJA
First two files saved in 123.41 seconds
Second two files saved in 31.24 seconds
Third two files saved in 117.98 seconds
Fourth two files saved in 27.78 seconds
Fifth two files saved in 131.14 seconds
Time taken for JJA: 431.55 seconds
Calculating for SON
First two files saved in 135.22 seconds
Second two files saved in 22.48 seconds
Third two files saved in 117.20 seconds
Fourth two files saved in 27.22 seconds
Fifth two files saved in 131.41 seconds
Time taken for SON: 433.54 seconds
NetCDF files for UBF and ws saved
#executed by process	5 in 1773.3s	with status	0 : python /home/vdemeyer/TRACKING/KATJA/POSTPROCESSING/contribution_ETCs.py 1998 --sim UBF --var ws
Calculating for DJF
First two files saved in 113.63 seconds
Second two files saved in 19.71 seconds
Third two files saved in 111.72 seconds
Fourth two files saved in 23.49 seconds
Fifth two files saved in 155.76 seconds
Time taken for DJF: 424.30 seconds
Calculating for MAM
First two files saved in 113.53 seconds
Second two files saved in 19.55 seconds
Third two files saved in 109.79 seconds
Fourth two files saved in 23.52 seconds
Fifth two files saved in 155.98 seconds
Time taken for MAM: 422.37 seconds
Calculating for JJA
First two files saved in 109.08 seconds
Second two files saved in 17.48 seconds
Third two files saved in 104.41 seconds
Fourth two files saved in 21.36 seconds
Fifth two files saved in 148.64 seconds
Time taken for JJA: 400.98 seconds
Calculating for SON
First two files saved in 99.68 seconds
Second two files saved in 15.83 seconds
Third two files saved in 100.28 seconds
Fourth two files saved in 21.05 seconds
Fifth two files saved in 141.00 seconds
Time taken for SON: 377.84 seconds
NetCDF files for UBF and ws saved
#executed by process	8 in 1641.91s	with status	0 : python /home/vdemeyer/TRACKING/KATJA/POSTPROCESSING/contribution_ETCs.py 2000 --sim UBF --var ws
Calculating for DJF
First two files saved in 119.62 seconds
Second two files saved in 18.62 seconds
Third two files saved in 109.27 seconds
Fourth two files saved in 23.68 seconds
Fifth two files saved in 134.97 seconds
Time taken for DJF: 406.17 seconds
Calculating for MAM
First two files saved in 107.53 seconds
Second two files saved in 17.75 seconds
Third two files saved in 93.57 seconds
Fourth two files saved in 20.37 seconds
Fifth two files saved in 113.24 seconds
Time taken for MAM: 352.47 seconds
Calculating for JJA
First two files saved in 116.92 seconds
Second two files saved in 19.14 seconds
Third two files saved in 116.25 seconds
Fourth two files saved in 21.53 seconds
Fifth two files saved in 124.32 seconds
Time taken for JJA: 398.16 seconds
Calculating for SON
First two files saved in 113.78 seconds
Second two files saved in 16.86 seconds
Third two files saved in 101.97 seconds
Fourth two files saved in 24.44 seconds
Fifth two files saved in 119.33 seconds
Time taken for SON: 376.38 seconds
NetCDF files for UBF and ws saved
#executed by process	6 in 1550.44s	with status	0 : python /home/vdemeyer/TRACKING/KATJA/POSTPROCESSING/contribution_ETCs.py 2001 --sim UBF --var ws
Calculating for DJF
First two files saved in 96.67 seconds
Second two files saved in 14.70 seconds
Third two files saved in 115.39 seconds
Fourth two files saved in 18.18 seconds
Fifth two files saved in 104.83 seconds
Time taken for DJF: 349.76 seconds
Calculating for MAM
First two files saved in 96.43 seconds
Second two files saved in 14.92 seconds
Third two files saved in 112.31 seconds
Fourth two files saved in 19.62 seconds
Fifth two files saved in 105.18 seconds
Time taken for MAM: 348.46 seconds
Calculating for JJA
First two files saved in 105.73 seconds
Second two files saved in 18.21 seconds
Third two files saved in 100.33 seconds
Fourth two files saved in 18.48 seconds
Fifth two files saved in 106.96 seconds
Time taken for JJA: 349.71 seconds
Calculating for SON
First two files saved in 102.66 seconds
Second two files saved in 15.00 seconds
Third two files saved in 95.82 seconds
Fourth two files saved in 21.44 seconds
Fifth two files saved in 98.28 seconds
Time taken for SON: 333.19 seconds
NetCDF files for UBF and ws saved
#executed by process	7 in 1398.83s	with status	0 : python /home/vdemeyer/TRACKING/KATJA/POSTPROCESSING/contribution_ETCs.py 2004 --sim UBF --var ws
Calculating for DJF
First two files saved in 177.20 seconds
Second two files saved in 39.74 seconds
Third two files saved in 177.76 seconds
Fourth two files saved in 41.52 seconds
Fifth two files saved in 227.69 seconds
Time taken for DJF: 663.90 seconds
Calculating for MAM
First two files saved in 167.22 seconds
Second two files saved in 40.24 seconds
Third two files saved in 171.02 seconds
Fourth two files saved in 79.81 seconds
Fifth two files saved in 174.01 seconds
Time taken for MAM: 632.30 seconds
Calculating for JJA
First two files saved in 170.37 seconds
Second two files saved in 38.16 seconds
Third two files saved in 184.35 seconds
Fourth two files saved in 35.49 seconds
Fifth two files saved in 182.81 seconds
Time taken for JJA: 611.17 seconds
Calculating for SON
First two files saved in 190.19 seconds
Second two files saved in 33.67 seconds
Third two files saved in 147.44 seconds
Fourth two files saved in 74.49 seconds
Fifth two files saved in 160.63 seconds
Time taken for SON: 606.42 seconds
NetCDF files for UBF and ws saved
#executed by process	10 in 2530.21s	with status	0 : python /home/vdemeyer/TRACKING/KATJA/POSTPROCESSING/contribution_ETCs.py 1995 --sim UBF --var ws
Calculating for DJF
First two files saved in 177.43 seconds
Second two files saved in 38.52 seconds
Third two files saved in 176.76 seconds
Fourth two files saved in 40.82 seconds
Fifth two files saved in 231.38 seconds
Time taken for DJF: 664.90 seconds
Calculating for MAM
First two files saved in 168.35 seconds
Second two files saved in 37.51 seconds
Third two files saved in 166.46 seconds
Fourth two files saved in 82.13 seconds
Fifth two files saved in 184.55 seconds
Time taken for MAM: 639.00 seconds
Calculating for JJA
First two files saved in 174.14 seconds
Second two files saved in 71.74 seconds
Third two files saved in 149.81 seconds
Fourth two files saved in 34.51 seconds
Fifth two files saved in 222.56 seconds
Time taken for JJA: 652.76 seconds
Calculating for SON
First two files saved in 146.73 seconds
Second two files saved in 31.94 seconds
Third two files saved in 147.74 seconds
Fourth two files saved in 71.16 seconds
Fifth two files saved in 161.07 seconds
Time taken for SON: 558.65 seconds
NetCDF files for UBF and ws saved
#executed by process	11 in 2531.25s	with status	0 : python /home/vdemeyer/TRACKING/KATJA/POSTPROCESSING/contribution_ETCs.py 1997 --sim UBF --var ws
Calculating for DJF
First two files saved in 180.41 seconds
Second two files saved in 39.46 seconds
Third two files saved in 179.40 seconds
Fourth two files saved in 40.83 seconds
Fifth two files saved in 236.24 seconds
Time taken for DJF: 676.34 seconds
Calculating for MAM
First two files saved in 177.03 seconds
Second two files saved in 37.92 seconds
Third two files saved in 203.20 seconds
Fourth two files saved in 38.26 seconds
Fifth two files saved in 183.01 seconds
Time taken for MAM: 639.43 seconds
Calculating for JJA
First two files saved in 175.76 seconds
Second two files saved in 81.28 seconds
Third two files saved in 149.61 seconds
Fourth two files saved in 35.86 seconds
Fifth two files saved in 219.24 seconds
Time taken for JJA: 661.75 seconds
Calculating for SON
First two files saved in 152.50 seconds
Second two files saved in 26.92 seconds
Third two files saved in 182.90 seconds
Fourth two files saved in 37.66 seconds
Fifth two files saved in 155.59 seconds
Time taken for SON: 555.56 seconds
NetCDF files for UBF and ws saved
#executed by process	13 in 2549.45s	with status	0 : python /home/vdemeyer/TRACKING/KATJA/POSTPROCESSING/contribution_ETCs.py 1996 --sim UBF --var ws
Calculating for DJF
First two files saved in 109.55 seconds
Second two files saved in 14.92 seconds
Third two files saved in 92.08 seconds
Fourth two files saved in 18.39 seconds
Fifth two files saved in 118.25 seconds
Time taken for DJF: 353.19 seconds
Calculating for MAM
First two files saved in 103.44 seconds
Second two files saved in 15.15 seconds
Third two files saved in 94.88 seconds
Fourth two files saved in 20.88 seconds
Fifth two files saved in 98.50 seconds
Time taken for MAM: 332.85 seconds
Calculating for JJA
First two files saved in 111.04 seconds
Second two files saved in 21.43 seconds
Third two files saved in 98.37 seconds
Fourth two files saved in 20.04 seconds
Fifth two files saved in 108.15 seconds
Time taken for JJA: 359.04 seconds
Calculating for SON
First two files saved in 102.14 seconds
Second two files saved in 19.97 seconds
Third two files saved in 95.72 seconds
Fourth two files saved in 20.23 seconds
Fifth two files saved in 106.53 seconds
Time taken for SON: 344.60 seconds
NetCDF files for UBF and ws saved
#executed by process	2 in 1408.12s	with status	0 : python /home/vdemeyer/TRACKING/KATJA/POSTPROCESSING/contribution_ETCs.py 2007 --sim UBF --var ws
Calculating for DJF
First two files saved in 108.93 seconds
Second two files saved in 20.25 seconds
Third two files saved in 106.11 seconds
Fourth two files saved in 25.64 seconds
Fifth two files saved in 142.83 seconds
Time taken for DJF: 403.75 seconds
Calculating for MAM
First two files saved in 107.43 seconds
Second two files saved in 17.28 seconds
Third two files saved in 108.32 seconds
Fourth two files saved in 22.31 seconds
Fifth two files saved in 142.98 seconds
Time taken for MAM: 398.33 seconds
Calculating for JJA
First two files saved in 101.99 seconds
Second two files saved in 16.50 seconds
Third two files saved in 106.02 seconds
Fourth two files saved in 23.08 seconds
Fifth two files saved in 131.14 seconds
Time taken for JJA: 378.74 seconds
Calculating for SON
First two files saved in 107.48 seconds
Second two files saved in 13.99 seconds
Third two files saved in 100.40 seconds
Fourth two files saved in 18.32 seconds
Fifth two files saved in 135.48 seconds
Time taken for SON: 375.67 seconds
NetCDF files for UBF and ws saved
#executed by process	9 in 1573.18s	with status	0 : python /home/vdemeyer/TRACKING/KATJA/POSTPROCESSING/contribution_ETCs.py 2006 --sim UBF --var ws
Calculating for DJF
First two files saved in 99.88 seconds
Second two files saved in 14.68 seconds
Third two files saved in 109.51 seconds
Fourth two files saved in 17.11 seconds
Fifth two files saved in 112.56 seconds
Time taken for DJF: 353.75 seconds
Calculating for MAM
First two files saved in 94.98 seconds
Second two files saved in 13.40 seconds
Third two files saved in 94.45 seconds
Fourth two files saved in 21.44 seconds
Fifth two files saved in 94.74 seconds
Time taken for MAM: 319.01 seconds
Calculating for JJA
First two files saved in 96.18 seconds
Second two files saved in 18.80 seconds
Third two files saved in 96.98 seconds
Fourth two files saved in 17.87 seconds
Fifth two files saved in 101.63 seconds
Time taken for JJA: 331.48 seconds
Calculating for SON
First two files saved in 93.31 seconds
Second two files saved in 13.58 seconds
Third two files saved in 82.79 seconds
Fourth two files saved in 18.16 seconds
Fifth two files saved in 79.24 seconds
Time taken for SON: 287.08 seconds
NetCDF files for UBF and ws saved
#executed by process	1 in 1308.95s	with status	0 : python /home/vdemeyer/TRACKING/KATJA/POSTPROCESSING/contribution_ETCs.py 2010 --sim UBF --var ws
Calculating for DJF
First two files saved in 137.02 seconds
Second two files saved in 19.31 seconds
Third two files saved in 130.97 seconds
Fourth two files saved in 28.41 seconds
Fifth two files saved in 140.53 seconds
Time taken for DJF: 456.24 seconds
Calculating for MAM
First two files saved in 118.50 seconds
Second two files saved in 17.83 seconds
Third two files saved in 127.21 seconds
Fourth two files saved in 32.21 seconds
Fifth two files saved in 128.05 seconds
Time taken for MAM: 423.80 seconds
Calculating for JJA
First two files saved in 123.33 seconds
Second two files saved in 27.91 seconds
Third two files saved in 115.17 seconds
Fourth two files saved in 25.81 seconds
Fifth two files saved in 138.96 seconds
Time taken for JJA: 431.18 seconds
Calculating for SON
First two files saved in 130.52 seconds
Second two files saved in 25.55 seconds
Third two files saved in 111.99 seconds
Fourth two files saved in 28.17 seconds
Fifth two files saved in 126.60 seconds
Time taken for SON: 422.83 seconds
NetCDF files for UBF and ws saved
#executed by process	4 in 1754.14s	with status	0 : python /home/vdemeyer/TRACKING/KATJA/POSTPROCESSING/contribution_ETCs.py 2008 --sim UBF --var ws
Calculating for DJF
First two files saved in 134.91 seconds
Second two files saved in 27.56 seconds
Third two files saved in 140.07 seconds
Fourth two files saved in 33.99 seconds
Fifth two files saved in 204.53 seconds
Time taken for DJF: 541.06 seconds
Calculating for MAM
First two files saved in 134.51 seconds
Second two files saved in 26.11 seconds
Third two files saved in 175.01 seconds
Fourth two files saved in 33.48 seconds
Fifth two files saved in 137.26 seconds
Time taken for MAM: 506.35 seconds
Calculating for JJA
First two files saved in 137.68 seconds
Second two files saved in 61.61 seconds
Third two files saved in 133.92 seconds
Fourth two files saved in 32.57 seconds
Fifth two files saved in 125.01 seconds
Time taken for JJA: 490.79 seconds
Calculating for SON
First two files saved in 165.65 seconds
Second two files saved in 22.67 seconds
Third two files saved in 116.35 seconds
Fourth two files saved in 26.47 seconds
Fifth two files saved in 138.16 seconds
Time taken for SON: 469.30 seconds
NetCDF files for UBF and ws saved
#executed by process	15 in 2066.95s	with status	0 : python /home/vdemeyer/TRACKING/KATJA/POSTPROCESSING/contribution_ETCs.py 2003 --sim UBF --var ws
Calculating for DJF
First two files saved in 140.60 seconds
Second two files saved in 27.12 seconds
Third two files saved in 140.51 seconds
Fourth two files saved in 32.80 seconds
Fifth two files saved in 197.04 seconds
Time taken for DJF: 538.06 seconds
Calculating for MAM
First two files saved in 136.49 seconds
Second two files saved in 23.89 seconds
Third two files saved in 171.73 seconds
Fourth two files saved in 32.04 seconds
Fifth two files saved in 133.05 seconds
Time taken for MAM: 497.21 seconds
Calculating for JJA
First two files saved in 138.93 seconds
Second two files saved in 65.91 seconds
Third two files saved in 136.71 seconds
Fourth two files saved in 30.62 seconds
Fifth two files saved in 122.47 seconds
Time taken for JJA: 494.64 seconds
Calculating for SON
First two files saved in 166.87 seconds
Second two files saved in 20.39 seconds
Third two files saved in 119.34 seconds
Fourth two files saved in 27.05 seconds
Fifth two files saved in 138.55 seconds
Time taken for SON: 472.20 seconds
NetCDF files for UBF and ws saved
#executed by process	14 in 2018.87s	with status	0 : python /home/vdemeyer/TRACKING/KATJA/POSTPROCESSING/contribution_ETCs.py 2005 --sim UBF --var ws
Calculating for DJF
First two files saved in 209.97 seconds
Second two files saved in 33.53 seconds
Third two files saved in 158.93 seconds
Fourth two files saved in 38.92 seconds
Fifth two files saved in 216.35 seconds
Time taken for DJF: 657.70 seconds
Calculating for MAM
First two files saved in 161.07 seconds
Second two files saved in 31.26 seconds
Third two files saved in 196.03 seconds
Fourth two files saved in 32.15 seconds
Fifth two files saved in 159.51 seconds
Time taken for MAM: 580.02 seconds
Calculating for JJA
First two files saved in 192.32 seconds
Second two files saved in 31.92 seconds
Third two files saved in 129.62 seconds
Fourth two files saved in 27.19 seconds
Fifth two files saved in 170.08 seconds
Time taken for JJA: 551.13 seconds
Calculating for SON
First two files saved in 118.69 seconds
Second two files saved in 28.21 seconds
Third two files saved in 152.79 seconds
Fourth two files saved in 29.78 seconds
Fifth two files saved in 128.39 seconds
Time taken for SON: 457.87 seconds
NetCDF files for UBF and ws saved
#executed by process	12 in 2264.67s	with status	0 : python /home/vdemeyer/TRACKING/KATJA/POSTPROCESSING/contribution_ETCs.py 2002 --sim UBF --var ws
Calculating for DJF
First two files saved in 122.51 seconds
Second two files saved in 22.83 seconds
Third two files saved in 127.66 seconds
Fourth two files saved in 24.71 seconds
Fifth two files saved in 155.48 seconds
Time taken for DJF: 453.19 seconds
Calculating for MAM
First two files saved in 113.20 seconds
Second two files saved in 22.61 seconds
Third two files saved in 125.66 seconds
Fourth two files saved in 22.96 seconds
Fifth two files saved in 131.25 seconds
Time taken for MAM: 415.68 seconds
Calculating for JJA
First two files saved in 124.96 seconds
Second two files saved in 24.28 seconds
Third two files saved in 125.96 seconds
Fourth two files saved in 24.61 seconds
Fifth two files saved in 129.98 seconds
Time taken for JJA: 429.79 seconds
Calculating for SON
First two files saved in 107.55 seconds
Second two files saved in 24.18 seconds
Third two files saved in 112.16 seconds
Fourth two files saved in 22.94 seconds
Fifth two files saved in 107.22 seconds
Time taken for SON: 374.05 seconds
NetCDF files for UBF and ws saved
#executed by process	3 in 1694.13s	with status	0 : python /home/vdemeyer/TRACKING/KATJA/POSTPROCESSING/contribution_ETCs.py 2009 --sim UBF --var ws
Calculating for DJF
First two files saved in 130.40 seconds
Second two files saved in 23.79 seconds
Third two files saved in 117.47 seconds
Fourth two files saved in 23.92 seconds
Fifth two files saved in 151.93 seconds
Time taken for DJF: 447.50 seconds
Calculating for MAM
First two files saved in 115.48 seconds
Second two files saved in 24.37 seconds
Third two files saved in 118.89 seconds
Fourth two files saved in 27.87 seconds
Fifth two files saved in 138.36 seconds
Time taken for MAM: 424.96 seconds
Calculating for JJA
First two files saved in 116.47 seconds
Second two files saved in 21.84 seconds
Third two files saved in 118.52 seconds
Fourth two files saved in 23.40 seconds
Fifth two files saved in 127.27 seconds
Time taken for JJA: 407.51 seconds
Calculating for SON
First two files saved in 105.87 seconds
Second two files saved in 20.27 seconds
Third two files saved in 103.01 seconds
Fourth two files saved in 28.98 seconds
Fifth two files saved in 119.27 seconds
Time taken for SON: 377.41 seconds
NetCDF files for UBF and ws saved
#executed by process	5 in 1678.32s	with status	0 : python /home/vdemeyer/TRACKING/KATJA/POSTPROCESSING/contribution_ETCs.py 2011 --sim UBF --var ws
Calculating for DJF
First two files saved in 106.55 seconds
Second two files saved in 14.59 seconds
Third two files saved in 104.04 seconds
Fourth two files saved in 18.17 seconds
Fifth two files saved in 118.82 seconds
Time taken for DJF: 362.18 seconds
Calculating for MAM
First two files saved in 92.28 seconds
Second two files saved in 15.34 seconds
Third two files saved in 93.34 seconds
Fourth two files saved in 21.23 seconds
Fifth two files saved in 83.51 seconds
Time taken for MAM: 305.69 seconds
Calculating for JJA
First two files saved in 109.50 seconds
Second two files saved in 14.63 seconds
Third two files saved in 86.38 seconds
Fourth two files saved in 18.92 seconds
Fifth two files saved in 84.53 seconds
Time taken for JJA: 313.96 seconds
Calculating for SON
First two files saved in 103.22 seconds
Second two files saved in 14.74 seconds
Third two files saved in 89.54 seconds
Fourth two files saved in 23.02 seconds
Fifth two files saved in 84.46 seconds
Time taken for SON: 314.97 seconds
NetCDF files for UBF and ws saved
#executed by process	7 in 1314.24s	with status	0 : python /home/vdemeyer/TRACKING/KATJA/POSTPROCESSING/contribution_ETCs.py 2014 --sim UBF --var ws
Calculating for DJF
First two files saved in 100.18 seconds
Second two files saved in 15.10 seconds
Third two files saved in 96.60 seconds
Fourth two files saved in 19.45 seconds
Fifth two files saved in 147.33 seconds
Time taken for DJF: 378.66 seconds
Calculating for MAM
First two files saved in 93.14 seconds
Second two files saved in 12.99 seconds
Third two files saved in 99.35 seconds
Fourth two files saved in 17.12 seconds
Fifth two files saved in 89.87 seconds
Time taken for MAM: 312.46 seconds
Calculating for JJA
First two files saved in 101.87 seconds
Second two files saved in 18.59 seconds
Third two files saved in 92.51 seconds
Fourth two files saved in 18.63 seconds
Fifth two files saved in 93.78 seconds
Time taken for JJA: 325.37 seconds
Calculating for SON
First two files saved in 103.63 seconds
Second two files saved in 19.31 seconds
Third two files saved in 107.60 seconds
Fourth two files saved in 25.74 seconds
Fifth two files saved in 93.73 seconds
Time taken for SON: 350.01 seconds
NetCDF files for UBF and ws saved
#executed by process	8 in 1383.68s	with status	0 : python /home/vdemeyer/TRACKING/KATJA/POSTPROCESSING/contribution_ETCs.py 2012 --sim UBF --var ws
Calculating for DJF
First two files saved in 107.54 seconds
Second two files saved in 17.49 seconds
Third two files saved in 123.28 seconds
Fourth two files saved in 20.62 seconds
Fifth two files saved in 130.68 seconds
Time taken for DJF: 399.62 seconds
Calculating for MAM
First two files saved in 98.65 seconds
Second two files saved in 17.81 seconds
Third two files saved in 104.98 seconds
Fourth two files saved in 20.71 seconds
Fifth two files saved in 111.57 seconds
Time taken for MAM: 353.71 seconds
Calculating for JJA
First two files saved in 97.09 seconds
Second two files saved in 17.26 seconds
Third two files saved in 97.33 seconds
Fourth two files saved in 21.70 seconds
Fifth two files saved in 117.90 seconds
Time taken for JJA: 351.28 seconds
Calculating for SON
First two files saved in 97.41 seconds
Second two files saved in 17.26 seconds
Third two files saved in 95.00 seconds
Fourth two files saved in 19.82 seconds
Fifth two files saved in 96.73 seconds
Time taken for SON: 326.22 seconds
NetCDF files for UBF and ws saved
#executed by process	6 in 1448.36s	with status	0 : python /home/vdemeyer/TRACKING/KATJA/POSTPROCESSING/contribution_ETCs.py 2013 --sim UBF --var ws
Calculating for DJF
First two files saved in 160.84 seconds
Second two files saved in 64.11 seconds
Third two files saved in 96.51 seconds
Fourth two files saved in 18.49 seconds
Fifth two files saved in 90.18 seconds
Time taken for DJF: 430.13 seconds
Calculating for MAM
First two files saved in 164.56 seconds
Second two files saved in 63.26 seconds
Third two files saved in 104.37 seconds
Fourth two files saved in 22.86 seconds
Fifth two files saved in 105.77 seconds
Time taken for MAM: 460.82 seconds
Calculating for JJA
First two files saved in 156.07 seconds
Second two files saved in 62.82 seconds
Third two files saved in 94.04 seconds
Fourth two files saved in 21.93 seconds
Fifth two files saved in 106.09 seconds
Time taken for JJA: 440.95 seconds
Calculating for SON
First two files saved in 167.67 seconds
Second two files saved in 66.26 seconds
Third two files saved in 99.93 seconds
Fourth two files saved in 20.38 seconds
Fifth two files saved in 106.59 seconds
Time taken for SON: 460.84 seconds
NetCDF files for UBG and pr saved
#executed by process	9 in 1809.41s	with status	0 : python /home/vdemeyer/TRACKING/KATJA/POSTPROCESSING/contribution_ETCs.py 2069 --sim UBG --var pr
Calculating for DJF
First two files saved in 206.65 seconds
Second two files saved in 65.66 seconds
Third two files saved in 100.02 seconds
Fourth two files saved in 20.31 seconds
Fifth two files saved in 122.75 seconds
Time taken for DJF: 515.39 seconds
Calculating for MAM
First two files saved in 181.44 seconds
Second two files saved in 67.59 seconds
Third two files saved in 103.02 seconds
Fourth two files saved in 20.02 seconds
Fifth two files saved in 98.04 seconds
Time taken for MAM: 470.11 seconds
Calculating for JJA
First two files saved in 183.16 seconds
Second two files saved in 65.84 seconds
Third two files saved in 89.51 seconds
Fourth two files saved in 19.18 seconds
Fifth two files saved in 117.32 seconds
Time taken for JJA: 475.01 seconds
Calculating for SON
First two files saved in 178.21 seconds
Second two files saved in 66.61 seconds
Third two files saved in 90.02 seconds
Fourth two files saved in 19.47 seconds
Fifth two files saved in 103.13 seconds
Time taken for SON: 457.45 seconds
NetCDF files for UBG and pr saved
#executed by process	2 in 1936.53s	with status	0 : python /home/vdemeyer/TRACKING/KATJA/POSTPROCESSING/contribution_ETCs.py 2068 --sim UBG --var pr
Calculating for DJF
First two files saved in 200.94 seconds
Second two files saved in 59.86 seconds
Third two files saved in 95.02 seconds
Fourth two files saved in 18.23 seconds
Fifth two files saved in 112.56 seconds
Time taken for DJF: 486.61 seconds
Calculating for MAM
First two files saved in 190.14 seconds
Second two files saved in 58.24 seconds
Third two files saved in 88.40 seconds
Fourth two files saved in 16.93 seconds
Fifth two files saved in 91.08 seconds
Time taken for MAM: 444.79 seconds
Calculating for JJA
First two files saved in 194.71 seconds
Second two files saved in 60.46 seconds
Third two files saved in 93.87 seconds
Fourth two files saved in 17.10 seconds
Fifth two files saved in 84.21 seconds
Time taken for JJA: 450.34 seconds
Calculating for SON
First two files saved in 172.37 seconds
Second two files saved in 62.46 seconds
Third two files saved in 86.78 seconds
Fourth two files saved in 18.47 seconds
Fifth two files saved in 79.94 seconds
Time taken for SON: 420.02 seconds
NetCDF files for UBG and pr saved
#executed by process	1 in 1819.9s	with status	0 : python /home/vdemeyer/TRACKING/KATJA/POSTPROCESSING/contribution_ETCs.py 2070 --sim UBG --var pr
Calculating for DJF
First two files saved in 245.22 seconds
Second two files saved in 79.21 seconds
Third two files saved in 134.72 seconds
Fourth two files saved in 33.45 seconds
Fifth two files saved in 151.84 seconds
Time taken for DJF: 644.45 seconds
Calculating for MAM
First two files saved in 197.56 seconds
Second two files saved in 78.77 seconds
Third two files saved in 155.30 seconds
Fourth two files saved in 40.75 seconds
Fifth two files saved in 154.55 seconds
Time taken for MAM: 626.93 seconds
Calculating for JJA
First two files saved in 182.96 seconds
Second two files saved in 76.68 seconds
Third two files saved in 164.35 seconds
Fourth two files saved in 32.25 seconds
Fifth two files saved in 163.47 seconds
Time taken for JJA: 619.70 seconds
Calculating for SON
First two files saved in 198.91 seconds
Second two files saved in 103.11 seconds
Third two files saved in 125.63 seconds
Fourth two files saved in 30.45 seconds
Fifth two files saved in 155.00 seconds
Time taken for SON: 613.10 seconds
NetCDF files for UBG and pr saved
#executed by process	10 in 2522.34s	with status	0 : python /home/vdemeyer/TRACKING/KATJA/POSTPROCESSING/contribution_ETCs.py 2065 --sim UBG --var pr
Calculating for DJF
First two files saved in 254.87 seconds
Second two files saved in 73.88 seconds
Third two files saved in 135.55 seconds
Fourth two files saved in 30.08 seconds
Fifth two files saved in 147.60 seconds
Time taken for DJF: 641.97 seconds
Calculating for MAM
First two files saved in 189.62 seconds
Second two files saved in 75.86 seconds
Third two files saved in 152.50 seconds
Fourth two files saved in 40.68 seconds
Fifth two files saved in 156.38 seconds
Time taken for MAM: 615.04 seconds
Calculating for JJA
First two files saved in 181.60 seconds
Second two files saved in 75.67 seconds
Third two files saved in 159.52 seconds
Fourth two files saved in 39.28 seconds
Fifth two files saved in 157.39 seconds
Time taken for JJA: 613.47 seconds
Calculating for SON
First two files saved in 199.65 seconds
Second two files saved in 122.07 seconds
Third two files saved in 130.55 seconds
Fourth two files saved in 29.16 seconds
Fifth two files saved in 153.63 seconds
Time taken for SON: 635.06 seconds
NetCDF files for UBG and pr saved
#executed by process	11 in 2522.31s	with status	0 : python /home/vdemeyer/TRACKING/KATJA/POSTPROCESSING/contribution_ETCs.py 2066 --sim UBG --var pr
Calculating for DJF
First two files saved in 256.53 seconds
Second two files saved in 72.43 seconds
Third two files saved in 135.26 seconds
Fourth two files saved in 30.16 seconds
Fifth two files saved in 149.01 seconds
Time taken for DJF: 643.39 seconds
Calculating for MAM
First two files saved in 196.26 seconds
Second two files saved in 75.31 seconds
Third two files saved in 144.30 seconds
Fourth two files saved in 41.33 seconds
Fifth two files saved in 154.47 seconds
Time taken for MAM: 611.68 seconds
Calculating for JJA
First two files saved in 183.14 seconds
Second two files saved in 77.15 seconds
Third two files saved in 158.92 seconds
Fourth two files saved in 33.07 seconds
Fifth two files saved in 160.07 seconds
Time taken for JJA: 612.35 seconds
Calculating for SON
First two files saved in 200.66 seconds
Second two files saved in 121.02 seconds
Third two files saved in 131.12 seconds
Fourth two files saved in 29.11 seconds
Fifth two files saved in 155.96 seconds
Time taken for SON: 637.87 seconds
NetCDF files for UBG and pr saved
#executed by process	13 in 2522.96s	with status	0 : python /home/vdemeyer/TRACKING/KATJA/POSTPROCESSING/contribution_ETCs.py 2067 --sim UBG --var pr
Calculating for DJF
First two files saved in 236.45 seconds
Second two files saved in 72.85 seconds
Third two files saved in 132.70 seconds
Fourth two files saved in 20.53 seconds
Fifth two files saved in 120.87 seconds
Time taken for DJF: 583.39 seconds
Calculating for MAM
First two files saved in 201.87 seconds
Second two files saved in 69.58 seconds
Third two files saved in 94.27 seconds
Fourth two files saved in 26.24 seconds
Fifth two files saved in 118.47 seconds
Time taken for MAM: 510.43 seconds
Calculating for JJA
First two files saved in 218.19 seconds
Second two files saved in 68.78 seconds
Third two files saved in 102.78 seconds
Fourth two files saved in 25.72 seconds
Fifth two files saved in 110.48 seconds
Time taken for JJA: 525.95 seconds
Calculating for SON
First two files saved in 203.23 seconds
Second two files saved in 71.77 seconds
Third two files saved in 111.12 seconds
Fourth two files saved in 26.51 seconds
Fifth two files saved in 118.45 seconds
Time taken for SON: 531.08 seconds
NetCDF files for UBG and pr saved
#executed by process	4 in 2171.8s	with status	0 : python /home/vdemeyer/TRACKING/KATJA/POSTPROCESSING/contribution_ETCs.py 2071 --sim UBG --var pr
Calculating for DJF
First two files saved in 185.08 seconds
Second two files saved in 81.74 seconds
Third two files saved in 125.77 seconds
Fourth two files saved in 32.42 seconds
Fifth two files saved in 152.92 seconds
Time taken for DJF: 577.93 seconds
Calculating for MAM
First two files saved in 179.41 seconds
Second two files saved in 68.91 seconds
Third two files saved in 117.84 seconds
Fourth two files saved in 32.38 seconds
Fifth two files saved in 145.30 seconds
Time taken for MAM: 543.84 seconds
Calculating for JJA
First two files saved in 190.33 seconds
Second two files saved in 70.68 seconds
Third two files saved in 126.52 seconds
Fourth two files saved in 55.18 seconds
Fifth two files saved in 112.11 seconds
Time taken for JJA: 554.83 seconds
Calculating for SON
First two files saved in 186.53 seconds
Second two files saved in 77.38 seconds
Third two files saved in 117.37 seconds
Fourth two files saved in 28.17 seconds
Fifth two files saved in 109.98 seconds
Time taken for SON: 519.43 seconds
NetCDF files for UBG and pr saved
#executed by process	15 in 2213.51s	with status	0 : python /home/vdemeyer/TRACKING/KATJA/POSTPROCESSING/contribution_ETCs.py 2072 --sim UBG --var pr
Calculating for DJF
First two files saved in 188.95 seconds
Second two files saved in 81.66 seconds
Third two files saved in 125.75 seconds
Fourth two files saved in 33.34 seconds
Fifth two files saved in 152.32 seconds
Time taken for DJF: 582.02 seconds
Calculating for MAM
First two files saved in 174.34 seconds
Second two files saved in 68.61 seconds
Third two files saved in 121.00 seconds
Fourth two files saved in 33.63 seconds
Fifth two files saved in 147.46 seconds
Time taken for MAM: 545.04 seconds
Calculating for JJA
First two files saved in 189.19 seconds
Second two files saved in 70.81 seconds
Third two files saved in 144.63 seconds
Fourth two files saved in 40.00 seconds
Fifth two files saved in 116.10 seconds
Time taken for JJA: 560.72 seconds
Calculating for SON
First two files saved in 192.64 seconds
Second two files saved in 75.11 seconds
Third two files saved in 119.17 seconds
Fourth two files saved in 28.90 seconds
Fifth two files saved in 100.66 seconds
Time taken for SON: 516.48 seconds
NetCDF files for UBG and pr saved
#executed by process	14 in 2221.48s	with status	0 : python /home/vdemeyer/TRACKING/KATJA/POSTPROCESSING/contribution_ETCs.py 2073 --sim UBG --var pr
Calculating for DJF
First two files saved in 248.92 seconds
Second two files saved in 69.89 seconds
Third two files saved in 103.47 seconds
Fourth two files saved in 23.15 seconds
Fifth two files saved in 113.25 seconds
Time taken for DJF: 558.68 seconds
Calculating for MAM
First two files saved in 212.47 seconds
Second two files saved in 68.20 seconds
Third two files saved in 102.72 seconds
Fourth two files saved in 23.09 seconds
Fifth two files saved in 96.96 seconds
Time taken for MAM: 503.44 seconds
Calculating for JJA
First two files saved in 222.07 seconds
Second two files saved in 70.45 seconds
Third two files saved in 100.60 seconds
Fourth two files saved in 19.92 seconds
Fifth two files saved in 87.01 seconds
Time taken for JJA: 500.05 seconds
Calculating for SON
First two files saved in 238.26 seconds
Second two files saved in 71.56 seconds
Third two files saved in 93.61 seconds
Fourth two files saved in 20.33 seconds
Fifth two files saved in 96.16 seconds
Time taken for SON: 519.92 seconds
NetCDF files for UBG and pr saved
#executed by process	3 in 2103.02s	with status	0 : python /home/vdemeyer/TRACKING/KATJA/POSTPROCESSING/contribution_ETCs.py 2075 --sim UBG --var pr
Calculating for DJF
First two files saved in 217.65 seconds
Second two files saved in 60.58 seconds
Third two files saved in 107.90 seconds
Fourth two files saved in 18.11 seconds
Fifth two files saved in 83.32 seconds
Time taken for DJF: 487.56 seconds
Calculating for MAM
First two files saved in 198.07 seconds
Second two files saved in 60.08 seconds
Third two files saved in 94.87 seconds
Fourth two files saved in 20.50 seconds
Fifth two files saved in 86.34 seconds
Time taken for MAM: 459.85 seconds
Calculating for JJA
First two files saved in 182.63 seconds
Second two files saved in 61.15 seconds
Third two files saved in 89.42 seconds
Fourth two files saved in 20.64 seconds
Fifth two files saved in 108.31 seconds
Time taken for JJA: 462.15 seconds
Calculating for SON
First two files saved in 169.56 seconds
Second two files saved in 61.23 seconds
Third two files saved in 86.34 seconds
Fourth two files saved in 18.73 seconds
Fifth two files saved in 105.15 seconds
Time taken for SON: 441.00 seconds
NetCDF files for UBG and pr saved
#executed by process	7 in 1869.25s	with status	0 : python /home/vdemeyer/TRACKING/KATJA/POSTPROCESSING/contribution_ETCs.py 2077 --sim UBG --var pr
Calculating for DJF
First two files saved in 156.24 seconds
Second two files saved in 64.97 seconds
Third two files saved in 107.14 seconds
Fourth two files saved in 21.79 seconds
Fifth two files saved in 108.43 seconds
Time taken for DJF: 458.57 seconds
Calculating for MAM
First two files saved in 169.91 seconds
Second two files saved in 66.77 seconds
Third two files saved in 106.46 seconds
Fourth two files saved in 20.09 seconds
Fifth two files saved in 117.72 seconds
Time taken for MAM: 480.94 seconds
Calculating for JJA
First two files saved in 152.08 seconds
Second two files saved in 67.06 seconds
Third two files saved in 102.85 seconds
Fourth two files saved in 21.66 seconds
Fifth two files saved in 90.58 seconds
Time taken for JJA: 434.23 seconds
Calculating for SON
First two files saved in 155.05 seconds
Second two files saved in 66.24 seconds
Third two files saved in 108.07 seconds
Fourth two files saved in 23.23 seconds
Fifth two files saved in 135.26 seconds
Time taken for SON: 487.85 seconds
NetCDF files for UBG and pr saved
#executed by process	8 in 1877.9s	with status	0 : python /home/vdemeyer/TRACKING/KATJA/POSTPROCESSING/contribution_ETCs.py 2078 --sim UBG --var pr
Calculating for DJF
First two files saved in 200.00 seconds
Second two files saved in 90.01 seconds
Third two files saved in 157.10 seconds
Fourth two files saved in 29.38 seconds
Fifth two files saved in 116.18 seconds
Time taken for DJF: 592.68 seconds
Calculating for MAM
First two files saved in 187.69 seconds
Second two files saved in 89.56 seconds
Third two files saved in 151.58 seconds
Fourth two files saved in 30.29 seconds
Fifth two files saved in 134.22 seconds
Time taken for MAM: 593.34 seconds
Calculating for JJA
First two files saved in 221.89 seconds
Second two files saved in 78.01 seconds
Third two files saved in 127.26 seconds
Fourth two files saved in 29.26 seconds
Fifth two files saved in 152.04 seconds
Time taken for JJA: 608.47 seconds
Calculating for SON
First two files saved in 188.80 seconds
Second two files saved in 73.72 seconds
Third two files saved in 138.29 seconds
Fourth two files saved in 39.42 seconds
Fifth two files saved in 178.12 seconds
Time taken for SON: 618.34 seconds
NetCDF files for UBG and pr saved
#executed by process	12 in 2430.77s	with status	0 : python /home/vdemeyer/TRACKING/KATJA/POSTPROCESSING/contribution_ETCs.py 2074 --sim UBG --var pr
Calculating for DJF
First two files saved in 207.37 seconds
Second two files saved in 70.29 seconds
Third two files saved in 112.71 seconds
Fourth two files saved in 22.65 seconds
Fifth two files saved in 140.09 seconds
Time taken for DJF: 553.12 seconds
Calculating for MAM
First two files saved in 197.44 seconds
Second two files saved in 68.87 seconds
Third two files saved in 93.68 seconds
Fourth two files saved in 23.89 seconds
Fifth two files saved in 113.29 seconds
Time taken for MAM: 497.18 seconds
Calculating for JJA
First two files saved in 212.52 seconds
Second two files saved in 69.57 seconds
Third two files saved in 101.20 seconds
Fourth two files saved in 28.52 seconds
Fifth two files saved in 130.51 seconds
Time taken for JJA: 542.32 seconds
Calculating for SON
First two files saved in 183.18 seconds
Second two files saved in 73.59 seconds
Third two files saved in 102.07 seconds
Fourth two files saved in 26.31 seconds
Fifth two files saved in 121.93 seconds
Time taken for SON: 507.08 seconds
NetCDF files for UBG and pr saved
#executed by process	5 in 2120.46s	with status	0 : python /home/vdemeyer/TRACKING/KATJA/POSTPROCESSING/contribution_ETCs.py 2076 --sim UBG --var pr
Calculating for DJF
First two files saved in 188.67 seconds
Second two files saved in 66.98 seconds
Third two files saved in 96.62 seconds
Fourth two files saved in 19.86 seconds
Fifth two files saved in 103.66 seconds
Time taken for DJF: 475.80 seconds
Calculating for MAM
First two files saved in 172.34 seconds
Second two files saved in 66.69 seconds
Third two files saved in 105.73 seconds
Fourth two files saved in 18.76 seconds
Fifth two files saved in 94.24 seconds
Time taken for MAM: 457.75 seconds
Calculating for JJA
First two files saved in 166.32 seconds
Second two files saved in 64.11 seconds
Third two files saved in 115.16 seconds
Fourth two files saved in 22.47 seconds
Fifth two files saved in 96.99 seconds
Time taken for JJA: 465.04 seconds
Calculating for SON
First two files saved in 177.59 seconds
Second two files saved in 63.44 seconds
Third two files saved in 107.13 seconds
Fourth two files saved in 19.80 seconds
Fifth two files saved in 103.21 seconds
Time taken for SON: 471.16 seconds
NetCDF files for UBG and pr saved
#executed by process	6 in 1888.1s	with status	0 : python /home/vdemeyer/TRACKING/KATJA/POSTPROCESSING/contribution_ETCs.py 2079 --sim UBG --var pr
Calculating for DJF
First two files saved in 186.64 seconds
Second two files saved in 63.06 seconds
Third two files saved in 97.74 seconds
Fourth two files saved in 21.89 seconds
Fifth two files saved in 99.82 seconds
Time taken for DJF: 469.14 seconds
Calculating for MAM
First two files saved in 155.62 seconds
Second two files saved in 64.69 seconds
Third two files saved in 92.44 seconds
Fourth two files saved in 24.67 seconds
Fifth two files saved in 138.83 seconds
Time taken for MAM: 476.25 seconds
Calculating for JJA
First two files saved in 159.20 seconds
Second two files saved in 62.53 seconds
Third two files saved in 95.66 seconds
Fourth two files saved in 18.55 seconds
Fifth two files saved in 93.50 seconds
Time taken for JJA: 429.44 seconds
Calculating for SON
First two files saved in 161.17 seconds
Second two files saved in 70.72 seconds
Third two files saved in 94.94 seconds
Fourth two files saved in 23.16 seconds
Fifth two files saved in 103.84 seconds
Time taken for SON: 453.83 seconds
NetCDF files for UBG and pr saved
#executed by process	9 in 1845.01s	with status	0 : python /home/vdemeyer/TRACKING/KATJA/POSTPROCESSING/contribution_ETCs.py 2080 --sim UBG --var pr
Calculating for DJF
First two files saved in 216.80 seconds
Second two files saved in 64.26 seconds
Third two files saved in 97.65 seconds
Fourth two files saved in 19.69 seconds
Fifth two files saved in 123.27 seconds
Time taken for DJF: 521.68 seconds
Calculating for MAM
First two files saved in 177.77 seconds
Second two files saved in 62.93 seconds
Third two files saved in 92.26 seconds
Fourth two files saved in 19.20 seconds
Fifth two files saved in 116.16 seconds
Time taken for MAM: 468.33 seconds
Calculating for JJA
First two files saved in 180.87 seconds
Second two files saved in 63.35 seconds
Third two files saved in 94.78 seconds
Fourth two files saved in 19.74 seconds
Fifth two files saved in 107.11 seconds
Time taken for JJA: 465.86 seconds
Calculating for SON
First two files saved in 210.44 seconds
Second two files saved in 63.92 seconds
Third two files saved in 86.70 seconds
Fourth two files saved in 18.61 seconds
Fifth two files saved in 108.30 seconds
Time taken for SON: 487.97 seconds
NetCDF files for UBG and pr saved
#executed by process	2 in 1963.26s	with status	0 : python /home/vdemeyer/TRACKING/KATJA/POSTPROCESSING/contribution_ETCs.py 2081 --sim UBG --var pr
Calculating for DJF
First two files saved in 200.52 seconds
Second two files saved in 63.20 seconds
Third two files saved in 91.43 seconds
Fourth two files saved in 16.74 seconds
Fifth two files saved in 83.00 seconds
Time taken for DJF: 454.88 seconds
Calculating for MAM
First two files saved in 151.96 seconds
Second two files saved in 60.21 seconds
Third two files saved in 92.42 seconds
Fourth two files saved in 16.93 seconds
Fifth two files saved in 95.43 seconds
Time taken for MAM: 416.95 seconds
Calculating for JJA
First two files saved in 153.09 seconds
Second two files saved in 61.58 seconds
Third two files saved in 93.93 seconds
Fourth two files saved in 17.92 seconds
Fifth two files saved in 88.97 seconds
Time taken for JJA: 415.48 seconds
Calculating for SON
First two files saved in 176.73 seconds
Second two files saved in 60.33 seconds
Third two files saved in 79.90 seconds
Fourth two files saved in 23.65 seconds
Fifth two files saved in 87.48 seconds
Time taken for SON: 428.09 seconds
NetCDF files for UBG and pr saved
#executed by process	1 in 1733.66s	with status	0 : python /home/vdemeyer/TRACKING/KATJA/POSTPROCESSING/contribution_ETCs.py 2082 --sim UBG --var pr
Calculating for DJF
First two files saved in 203.03 seconds
Second two files saved in 68.56 seconds
Third two files saved in 117.06 seconds
Fourth two files saved in 27.96 seconds
Fifth two files saved in 107.82 seconds
Time taken for DJF: 524.43 seconds
Calculating for MAM
First two files saved in 186.18 seconds
Second two files saved in 72.30 seconds
Third two files saved in 109.18 seconds
Fourth two files saved in 23.16 seconds
Fifth two files saved in 107.73 seconds
Time taken for MAM: 498.55 seconds
Calculating for JJA
First two files saved in 176.39 seconds
Second two files saved in 73.06 seconds
Third two files saved in 105.82 seconds
Fourth two files saved in 22.55 seconds
Fifth two files saved in 106.22 seconds
Time taken for JJA: 484.04 seconds
Calculating for SON
First two files saved in 210.44 seconds
Second two files saved in 73.59 seconds
Third two files saved in 105.68 seconds
Fourth two files saved in 21.61 seconds
Fifth two files saved in 103.86 seconds
Time taken for SON: 515.19 seconds
NetCDF files for UBG and pr saved
#executed by process	4 in 2041.89s	with status	0 : python /home/vdemeyer/TRACKING/KATJA/POSTPROCESSING/contribution_ETCs.py 2086 --sim UBG --var pr
Calculating for DJF
First two files saved in 191.74 seconds
Second two files saved in 60.54 seconds
Third two files saved in 95.37 seconds
Fourth two files saved in 18.89 seconds
Fifth two files saved in 122.47 seconds
Time taken for DJF: 489.01 seconds
Calculating for MAM
First two files saved in 188.81 seconds
Second two files saved in 59.83 seconds
Third two files saved in 85.38 seconds
Fourth two files saved in 18.16 seconds
Fifth two files saved in 101.72 seconds
Time taken for MAM: 453.89 seconds
Calculating for JJA
First two files saved in 162.32 seconds
Second two files saved in 60.41 seconds
Third two files saved in 89.75 seconds
Fourth two files saved in 18.49 seconds
Fifth two files saved in 103.64 seconds
Time taken for JJA: 434.61 seconds
Calculating for SON
First two files saved in 165.41 seconds
Second two files saved in 62.63 seconds
Third two files saved in 87.03 seconds
Fourth two files saved in 18.69 seconds
Fifth two files saved in 88.99 seconds
Time taken for SON: 422.76 seconds
NetCDF files for UBG and pr saved
#executed by process	7 in 1818.41s	with status	0 : python /home/vdemeyer/TRACKING/KATJA/POSTPROCESSING/contribution_ETCs.py 2090 --sim UBG --var pr
Calculating for DJF
First two files saved in 158.74 seconds
Second two files saved in 65.78 seconds
Third two files saved in 98.46 seconds
Fourth two files saved in 17.87 seconds
Fifth two files saved in 91.23 seconds
Time taken for DJF: 432.09 seconds
Calculating for MAM
First two files saved in 153.54 seconds
Second two files saved in 65.15 seconds
Third two files saved in 101.15 seconds
Fourth two files saved in 22.11 seconds
Fifth two files saved in 125.09 seconds
Time taken for MAM: 467.03 seconds
Calculating for JJA
First two files saved in 152.82 seconds
Second two files saved in 65.47 seconds
Third two files saved in 106.64 seconds
Fourth two files saved in 19.82 seconds
Fifth two files saved in 89.85 seconds
Time taken for JJA: 434.60 seconds
Calculating for SON
First two files saved in 150.18 seconds
Second two files saved in 65.80 seconds
Third two files saved in 104.79 seconds
Fourth two files saved in 21.84 seconds
Fifth two files saved in 103.88 seconds
Time taken for SON: 446.48 seconds
NetCDF files for UBG and pr saved
#executed by process	8 in 1797.66s	with status	0 : python /home/vdemeyer/TRACKING/KATJA/POSTPROCESSING/contribution_ETCs.py 2091 --sim UBG --var pr
Calculating for DJF
First two files saved in 196.11 seconds
Second two files saved in 71.30 seconds
Third two files saved in 128.92 seconds
Fourth two files saved in 37.56 seconds
Fifth two files saved in 187.74 seconds
Time taken for DJF: 621.64 seconds
Calculating for MAM
First two files saved in 182.39 seconds
Second two files saved in 74.22 seconds
Third two files saved in 133.90 seconds
Fourth two files saved in 33.55 seconds
Fifth two files saved in 139.38 seconds
Time taken for MAM: 563.44 seconds
Calculating for JJA
First two files saved in 193.55 seconds
Second two files saved in 125.85 seconds
Third two files saved in 125.88 seconds
Fourth two files saved in 28.61 seconds
Fifth two files saved in 172.40 seconds
Time taken for JJA: 646.29 seconds
Calculating for SON
First two files saved in 189.45 seconds
Second two files saved in 71.94 seconds
Third two files saved in 128.97 seconds
Fourth two files saved in 40.93 seconds
Fifth two files saved in 186.28 seconds
Time taken for SON: 617.57 seconds
NetCDF files for UBG and pr saved
#executed by process	10 in 2466.35s	with status	0 : python /home/vdemeyer/TRACKING/KATJA/POSTPROCESSING/contribution_ETCs.py 2083 --sim UBG --var pr
Calculating for DJF
First two files saved in 192.72 seconds
Second two files saved in 71.84 seconds
Third two files saved in 138.01 seconds
Fourth two files saved in 34.26 seconds
Fifth two files saved in 180.64 seconds
Time taken for DJF: 617.46 seconds
Calculating for MAM
First two files saved in 184.98 seconds
Second two files saved in 72.97 seconds
Third two files saved in 138.87 seconds
Fourth two files saved in 30.05 seconds
Fifth two files saved in 138.60 seconds
Time taken for MAM: 565.47 seconds
Calculating for JJA
First two files saved in 201.51 seconds
Second two files saved in 124.30 seconds
Third two files saved in 125.19 seconds
Fourth two files saved in 27.47 seconds
Fifth two files saved in 175.74 seconds
Time taken for JJA: 654.21 seconds
Calculating for SON
First two files saved in 186.04 seconds
Second two files saved in 70.42 seconds
Third two files saved in 133.60 seconds
Fourth two files saved in 41.15 seconds
Fifth two files saved in 175.08 seconds
Time taken for SON: 606.28 seconds
NetCDF files for UBG and pr saved
#executed by process	11 in 2459.89s	with status	0 : python /home/vdemeyer/TRACKING/KATJA/POSTPROCESSING/contribution_ETCs.py 2084 --sim UBG --var pr
Calculating for DJF
First two files saved in 195.58 seconds
Second two files saved in 69.37 seconds
Third two files saved in 137.27 seconds
Fourth two files saved in 37.32 seconds
Fifth two files saved in 175.41 seconds
Time taken for DJF: 614.95 seconds
Calculating for MAM
First two files saved in 185.95 seconds
Second two files saved in 74.45 seconds
Third two files saved in 140.00 seconds
Fourth two files saved in 29.87 seconds
Fifth two files saved in 133.27 seconds
Time taken for MAM: 563.54 seconds
Calculating for JJA
First two files saved in 198.06 seconds
Second two files saved in 127.95 seconds
Third two files saved in 128.64 seconds
Fourth two files saved in 26.69 seconds
Fifth two files saved in 171.88 seconds
Time taken for JJA: 653.23 seconds
Calculating for SON
First two files saved in 186.59 seconds
Second two files saved in 71.18 seconds
Third two files saved in 134.34 seconds
Fourth two files saved in 39.31 seconds
Fifth two files saved in 179.16 seconds
Time taken for SON: 610.58 seconds
NetCDF files for UBG and pr saved
#executed by process	13 in 2459.28s	with status	0 : python /home/vdemeyer/TRACKING/KATJA/POSTPROCESSING/contribution_ETCs.py 2085 --sim UBG --var pr
Calculating for DJF
First two files saved in 241.72 seconds
Second two files saved in 64.89 seconds
Third two files saved in 89.53 seconds
Fourth two files saved in 22.14 seconds
Fifth two files saved in 121.26 seconds
Time taken for DJF: 539.54 seconds
Calculating for MAM
First two files saved in 227.16 seconds
Second two files saved in 65.54 seconds
Third two files saved in 91.48 seconds
Fourth two files saved in 22.94 seconds
Fifth two files saved in 109.08 seconds
Time taken for MAM: 516.19 seconds
Calculating for JJA
First two files saved in 192.69 seconds
Second two files saved in 66.50 seconds
Third two files saved in 95.77 seconds
Fourth two files saved in 21.81 seconds
Fifth two files saved in 122.87 seconds
Time taken for JJA: 499.63 seconds
Calculating for SON
First two files saved in 187.79 seconds
Second two files saved in 68.86 seconds
Third two files saved in 98.90 seconds
Fourth two files saved in 23.52 seconds
Fifth two files saved in 113.41 seconds
Time taken for SON: 492.47 seconds
NetCDF files for UBG and pr saved
#executed by process	3 in 2067.94s	with status	0 : python /home/vdemeyer/TRACKING/KATJA/POSTPROCESSING/contribution_ETCs.py 2089 --sim UBG --var pr
Calculating for DJF
First two files saved in 250.01 seconds
Second two files saved in 83.70 seconds
Third two files saved in 111.05 seconds
Fourth two files saved in 25.75 seconds
Fifth two files saved in 120.37 seconds
Time taken for DJF: 590.88 seconds
Calculating for MAM
First two files saved in 186.35 seconds
Second two files saved in 75.55 seconds
Third two files saved in 114.97 seconds
Fourth two files saved in 28.55 seconds
Fifth two files saved in 123.29 seconds
Time taken for MAM: 528.71 seconds
Calculating for JJA
First two files saved in 211.42 seconds
Second two files saved in 72.15 seconds
Third two files saved in 135.77 seconds
Fourth two files saved in 29.19 seconds
Fifth two files saved in 121.12 seconds
Time taken for JJA: 569.64 seconds
Calculating for SON
First two files saved in 172.08 seconds
Second two files saved in 74.48 seconds
Third two files saved in 136.02 seconds
Fourth two files saved in 29.80 seconds
Fifth two files saved in 118.03 seconds
Time taken for SON: 530.42 seconds
NetCDF files for UBG and pr saved
#executed by process	14 in 2238.77s	with status	0 : python /home/vdemeyer/TRACKING/KATJA/POSTPROCESSING/contribution_ETCs.py 2088 --sim UBG --var pr
Calculating for DJF
First two files saved in 234.11 seconds
Second two files saved in 100.72 seconds
Third two files saved in 110.24 seconds
Fourth two files saved in 26.22 seconds
Fifth two files saved in 123.00 seconds
Time taken for DJF: 594.28 seconds
Calculating for MAM
First two files saved in 184.46 seconds
Second two files saved in 72.50 seconds
Third two files saved in 114.44 seconds
Fourth two files saved in 25.03 seconds
Fifth two files saved in 136.22 seconds
Time taken for MAM: 532.65 seconds
Calculating for JJA
First two files saved in 212.96 seconds
Second two files saved in 71.53 seconds
Third two files saved in 132.70 seconds
Fourth two files saved in 30.64 seconds
Fifth two files saved in 131.27 seconds
Time taken for JJA: 579.10 seconds
Calculating for SON
First two files saved in 168.46 seconds
Second two files saved in 74.69 seconds
Third two files saved in 143.18 seconds
Fourth two files saved in 30.39 seconds
Fifth two files saved in 121.32 seconds
Time taken for SON: 538.04 seconds
NetCDF files for UBG and pr saved
#executed by process	15 in 2261.6s	with status	0 : python /home/vdemeyer/TRACKING/KATJA/POSTPROCESSING/contribution_ETCs.py 2087 --sim UBG --var pr
Calculating for DJF
First two files saved in 180.44 seconds
Second two files saved in 67.60 seconds
Third two files saved in 116.19 seconds
Fourth two files saved in 19.84 seconds
Fifth two files saved in 108.80 seconds
Time taken for DJF: 492.87 seconds
Calculating for MAM
First two files saved in 174.35 seconds
Second two files saved in 64.68 seconds
Third two files saved in 101.09 seconds
Fourth two files saved in 19.44 seconds
Fifth two files saved in 88.34 seconds
Time taken for MAM: 447.91 seconds
Calculating for JJA
First two files saved in 174.88 seconds
Second two files saved in 64.04 seconds
Third two files saved in 107.39 seconds
Fourth two files saved in 21.51 seconds
Fifth two files saved in 88.90 seconds
Time taken for JJA: 456.72 seconds
Calculating for SON
First two files saved in 183.21 seconds
Second two files saved in 65.49 seconds
Third two files saved in 98.65 seconds
Fourth two files saved in 19.89 seconds
Fifth two files saved in 92.43 seconds
Time taken for SON: 459.68 seconds
NetCDF files for UBG and pr saved
#executed by process	6 in 1875.47s	with status	0 : python /home/vdemeyer/TRACKING/KATJA/POSTPROCESSING/contribution_ETCs.py 2094 --sim UBG --var pr
Calculating for DJF
First two files saved in 189.51 seconds
Second two files saved in 71.95 seconds
Third two files saved in 125.83 seconds
Fourth two files saved in 23.51 seconds
Fifth two files saved in 125.90 seconds
Time taken for DJF: 536.70 seconds
Calculating for MAM
First two files saved in 177.67 seconds
Second two files saved in 71.97 seconds
Third two files saved in 107.32 seconds
Fourth two files saved in 23.58 seconds
Fifth two files saved in 106.41 seconds
Time taken for MAM: 486.94 seconds
Calculating for JJA
First two files saved in 195.49 seconds
Second two files saved in 76.55 seconds
Third two files saved in 103.88 seconds
Fourth two files saved in 25.47 seconds
Fifth two files saved in 102.23 seconds
Time taken for JJA: 503.62 seconds
Calculating for SON
First two files saved in 211.29 seconds
Second two files saved in 70.79 seconds
Third two files saved in 101.46 seconds
Fourth two files saved in 27.49 seconds
Fifth two files saved in 130.49 seconds
Time taken for SON: 541.52 seconds
NetCDF files for UBG and pr saved
#executed by process	5 in 2089.59s	with status	0 : python /home/vdemeyer/TRACKING/KATJA/POSTPROCESSING/contribution_ETCs.py 2093 --sim UBG --var pr
Calculating for DJF
First two files saved in 183.77 seconds
Second two files saved in 77.94 seconds
Third two files saved in 139.60 seconds
Fourth two files saved in 28.51 seconds
Fifth two files saved in 137.00 seconds
Time taken for DJF: 566.83 seconds
Calculating for MAM
First two files saved in 205.16 seconds
Second two files saved in 122.91 seconds
Third two files saved in 129.54 seconds
Fourth two files saved in 28.35 seconds
Fifth two files saved in 169.00 seconds
Time taken for MAM: 654.96 seconds
Calculating for JJA
First two files saved in 181.02 seconds
Second two files saved in 69.10 seconds
Third two files saved in 141.48 seconds
Fourth two files saved in 35.84 seconds
Fifth two files saved in 165.02 seconds
Time taken for JJA: 592.46 seconds
Calculating for SON
First two files saved in 203.91 seconds
Second two files saved in 92.38 seconds
Third two files saved in 188.30 seconds
Fourth two files saved in 39.17 seconds
Fifth two files saved in 150.87 seconds
Time taken for SON: 674.64 seconds
NetCDF files for UBG and pr saved
#executed by process	12 in 2505.68s	with status	0 : python /home/vdemeyer/TRACKING/KATJA/POSTPROCESSING/contribution_ETCs.py 2092 --sim UBG --var pr
Calculating for DJF
First two files saved in 199.84 seconds
Second two files saved in 63.51 seconds
Third two files saved in 100.71 seconds
Fourth two files saved in 19.38 seconds
Fifth two files saved in 106.05 seconds
Time taken for DJF: 489.49 seconds
Calculating for MAM
First two files saved in 158.27 seconds
Second two files saved in 62.77 seconds
Third two files saved in 97.80 seconds
Fourth two files saved in 22.09 seconds
Fifth two files saved in 104.35 seconds
Time taken for MAM: 445.29 seconds
Calculating for JJA
First two files saved in 156.71 seconds
Second two files saved in 62.66 seconds
Third two files saved in 95.43 seconds
Fourth two files saved in 24.45 seconds
Fifth two files saved in 105.41 seconds
Time taken for JJA: 444.66 seconds
Calculating for SON
First two files saved in 204.58 seconds
Second two files saved in 64.84 seconds
Third two files saved in 103.54 seconds
Fourth two files saved in 22.19 seconds
Fifth two files saved in 114.20 seconds
Time taken for SON: 509.35 seconds
NetCDF files for UBG and pr saved
#executed by process	9 in 1905.79s	with status	0 : python /home/vdemeyer/TRACKING/KATJA/POSTPROCESSING/contribution_ETCs.py 2095 --sim UBG --var pr
Calculating for DJF
First two files saved in 171.14 seconds
Second two files saved in 58.75 seconds
Third two files saved in 85.70 seconds
Fourth two files saved in 20.58 seconds
Fifth two files saved in 110.19 seconds
Time taken for DJF: 446.36 seconds
Calculating for MAM
First two files saved in 170.26 seconds
Second two files saved in 59.03 seconds
Third two files saved in 84.25 seconds
Fourth two files saved in 16.97 seconds
Fifth two files saved in 92.53 seconds
Time taken for MAM: 423.04 seconds
Calculating for JJA
First two files saved in 182.27 seconds
Second two files saved in 60.27 seconds
Third two files saved in 99.96 seconds
Fourth two files saved in 17.53 seconds
Fifth two files saved in 105.54 seconds
Time taken for JJA: 465.58 seconds
Calculating for SON
First two files saved in 165.99 seconds
Second two files saved in 61.41 seconds
Third two files saved in 87.22 seconds
Fourth two files saved in 20.84 seconds
Fifth two files saved in 93.83 seconds
Time taken for SON: 429.30 seconds
NetCDF files for UBG and pr saved
#executed by process	1 in 1781.71s	with status	0 : python /home/vdemeyer/TRACKING/KATJA/POSTPROCESSING/contribution_ETCs.py 2097 --sim UBG --var pr
Calculating for DJF
First two files saved in 183.51 seconds
Second two files saved in 63.84 seconds
Third two files saved in 97.13 seconds
Fourth two files saved in 21.53 seconds
Fifth two files saved in 109.50 seconds
Time taken for DJF: 475.50 seconds
Calculating for MAM
First two files saved in 180.23 seconds
Second two files saved in 63.89 seconds
Third two files saved in 95.12 seconds
Fourth two files saved in 18.73 seconds
Fifth two files saved in 89.06 seconds
Time taken for MAM: 447.02 seconds
Calculating for JJA
First two files saved in 174.04 seconds
Second two files saved in 65.46 seconds
Third two files saved in 109.99 seconds
Fourth two files saved in 18.68 seconds
Fifth two files saved in 105.64 seconds
Time taken for JJA: 473.81 seconds
Calculating for SON
First two files saved in 181.22 seconds
Second two files saved in 67.30 seconds
Third two files saved in 109.31 seconds
Fourth two files saved in 20.65 seconds
Fifth two files saved in 95.38 seconds
Time taken for SON: 473.86 seconds
NetCDF files for UBG and pr saved
#executed by process	2 in 1888.51s	with status	0 : python /home/vdemeyer/TRACKING/KATJA/POSTPROCESSING/contribution_ETCs.py 2096 --sim UBG --var pr
Calculating for DJF
First two files saved in 114.65 seconds
Second two files saved in 18.59 seconds
Third two files saved in 114.96 seconds
Fourth two files saved in 26.09 seconds
Fifth two files saved in 102.94 seconds
Time taken for DJF: 377.23 seconds
Calculating for MAM
First two files saved in 91.96 seconds
Second two files saved in 16.96 seconds
Third two files saved in 104.96 seconds
Fourth two files saved in 19.95 seconds
Fifth two files saved in 119.46 seconds
Time taken for MAM: 353.30 seconds
Calculating for JJA
First two files saved in 103.65 seconds
Second two files saved in 16.72 seconds
Third two files saved in 96.19 seconds
Fourth two files saved in 20.84 seconds
Fifth two files saved in 115.43 seconds
Time taken for JJA: 352.84 seconds
Calculating for SON
First two files saved in 111.92 seconds
Second two files saved in 18.80 seconds
Third two files saved in 92.63 seconds
Fourth two files saved in 22.47 seconds
Fifth two files saved in 97.48 seconds
Time taken for SON: 343.31 seconds
NetCDF files for UBG and ws saved
#executed by process	6 in 1444.32s	with status	0 : python /home/vdemeyer/TRACKING/KATJA/POSTPROCESSING/contribution_ETCs.py 2071 --sim UBG --var ws
Calculating for DJF
First two files saved in 193.79 seconds
Second two files saved in 62.09 seconds
Third two files saved in 102.14 seconds
Fourth two files saved in 17.65 seconds
Fifth two files saved in 116.02 seconds
Time taken for DJF: 491.68 seconds
Calculating for MAM
First two files saved in 166.72 seconds
Second two files saved in 61.65 seconds
Third two files saved in 89.86 seconds
Fourth two files saved in 21.42 seconds
Fifth two files saved in 99.34 seconds
Time taken for MAM: 438.98 seconds
Calculating for JJA
First two files saved in 159.28 seconds
Second two files saved in 62.91 seconds
Third two files saved in 103.22 seconds
Fourth two files saved in 18.40 seconds
Fifth two files saved in 106.07 seconds
Time taken for JJA: 449.89 seconds
Calculating for SON
First two files saved in 179.91 seconds
Second two files saved in 63.79 seconds
Third two files saved in 98.95 seconds
Fourth two files saved in 20.65 seconds
Fifth two files saved in 94.96 seconds
Time taken for SON: 458.24 seconds
NetCDF files for UBG and pr saved
#executed by process	7 in 1857.33s	with status	0 : python /home/vdemeyer/TRACKING/KATJA/POSTPROCESSING/contribution_ETCs.py 2099 --sim UBG --var pr
Calculating for DJF
First two files saved in 115.64 seconds
Second two files saved in 19.71 seconds
Third two files saved in 138.40 seconds
Fourth two files saved in 30.23 seconds
Fifth two files saved in 140.81 seconds
Time taken for DJF: 444.78 seconds
Calculating for MAM
First two files saved in 104.33 seconds
Second two files saved in 19.95 seconds
Third two files saved in 114.49 seconds
Fourth two files saved in 24.34 seconds
Fifth two files saved in 139.41 seconds
Time taken for MAM: 402.52 seconds
Calculating for JJA
First two files saved in 107.74 seconds
Second two files saved in 20.38 seconds
Third two files saved in 115.91 seconds
Fourth two files saved in 23.54 seconds
Fifth two files saved in 137.51 seconds
Time taken for JJA: 405.08 seconds
Calculating for SON
First two files saved in 116.36 seconds
Second two files saved in 22.67 seconds
Third two files saved in 120.75 seconds
Fourth two files saved in 20.60 seconds
Fifth two files saved in 214.62 seconds
Time taken for SON: 495.00 seconds
NetCDF files for UBG and ws saved
#executed by process	3 in 1766.65s	with status	0 : python /home/vdemeyer/TRACKING/KATJA/POSTPROCESSING/contribution_ETCs.py 2068 --sim UBG --var ws
Calculating for DJF
First two files saved in 114.64 seconds
Second two files saved in 14.40 seconds
Third two files saved in 97.10 seconds
Fourth two files saved in 19.31 seconds
Fifth two files saved in 86.69 seconds
Time taken for DJF: 332.14 seconds
Calculating for MAM
First two files saved in 87.23 seconds
Second two files saved in 13.96 seconds
Third two files saved in 81.71 seconds
Fourth two files saved in 17.90 seconds
Fifth two files saved in 73.96 seconds
Time taken for MAM: 274.76 seconds
Calculating for JJA
First two files saved in 83.90 seconds
Second two files saved in 13.88 seconds
Third two files saved in 81.05 seconds
Fourth two files saved in 17.95 seconds
Fifth two files saved in 76.70 seconds
Time taken for JJA: 273.48 seconds
Calculating for SON
First two files saved in 79.38 seconds
Second two files saved in 13.85 seconds
Third two files saved in 79.24 seconds
Fourth two files saved in 17.82 seconds
Fifth two files saved in 218.46 seconds
Time taken for SON: 408.76 seconds
NetCDF files for UBG and ws saved
#executed by process	6 in 1306.11s	with status	0 : python /home/vdemeyer/TRACKING/KATJA/POSTPROCESSING/contribution_ETCs.py 2077 --sim UBG --var ws
Calculating for DJF
First two files saved in 132.94 seconds
Second two files saved in 30.13 seconds
Third two files saved in 156.93 seconds
Fourth two files saved in 42.14 seconds
Fifth two files saved in 194.28 seconds
Time taken for DJF: 556.42 seconds
Calculating for MAM
First two files saved in 150.13 seconds
Second two files saved in 38.86 seconds
Third two files saved in 173.39 seconds
Fourth two files saved in 38.69 seconds
Fifth two files saved in 172.75 seconds
Time taken for MAM: 573.82 seconds
Calculating for JJA
First two files saved in 212.00 seconds
Second two files saved in 46.60 seconds
Third two files saved in 154.65 seconds
Fourth two files saved in 34.22 seconds
Fifth two files saved in 153.14 seconds
Time taken for JJA: 600.61 seconds
Calculating for SON
First two files saved in 111.39 seconds
Second two files saved in 14.67 seconds
Third two files saved in 1141.97 seconds
Fourth two files saved in 21.13 seconds
Fifth two files saved in 97.64 seconds
Time taken for SON: 1386.81 seconds
NetCDF files for UBG and ws saved
Calculating for DJF
First two files saved in 132.45 seconds
Second two files saved in 25.97 seconds
Third two files saved in 144.27 seconds
Fourth two files saved in 34.16 seconds
Fifth two files saved in 162.98 seconds
Time taken for DJF: 499.84 seconds
Calculating for MAM
First two files saved in 146.43 seconds
Second two files saved in 31.34 seconds
Third two files saved in 151.33 seconds
Fourth two files saved in 31.09 seconds
Fifth two files saved in 150.04 seconds
Time taken for MAM: 510.23 seconds
Calculating for JJA
First two files saved in 142.92 seconds
Second two files saved in 30.87 seconds
Third two files saved in 181.91 seconds
Fourth two files saved in 30.36 seconds
Fifth two files saved in 140.58 seconds
Time taken for JJA: 526.65 seconds
Calculating for SON
First two files saved in 133.48 seconds
Second two files saved in 26.53 seconds
Third two files saved in 1250.79 seconds
Fourth two files saved in 20.84 seconds
Fifth two files saved in 97.83 seconds
Time taken for SON: 1529.48 seconds
NetCDF files for UBG and ws saved
#executed by process	13 in 3135.29s	with status	0 : python /home/vdemeyer/TRACKING/KATJA/POSTPROCESSING/contribution_ETCs.py 2067 --sim UBG --var ws
#executed by process	15 in 3081.22s	with status	0 : python /home/vdemeyer/TRACKING/KATJA/POSTPROCESSING/contribution_ETCs.py 2070 --sim UBG --var ws
Calculating for DJF
First two files saved in 156.73 seconds
Second two files saved in 68.18 seconds
Third two files saved in 102.56 seconds
Fourth two files saved in 25.00 seconds
Fifth two files saved in 134.13 seconds
Time taken for DJF: 486.60 seconds
Calculating for MAM
First two files saved in 158.32 seconds
Second two files saved in 66.27 seconds
Third two files saved in 108.14 seconds
Fourth two files saved in 22.24 seconds
Fifth two files saved in 106.54 seconds
Time taken for MAM: 461.51 seconds
Calculating for JJA
First two files saved in 175.18 seconds
Second two files saved in 66.53 seconds
Third two files saved in 110.33 seconds
Fourth two files saved in 23.40 seconds
Fifth two files saved in 154.84 seconds
Time taken for JJA: 530.28 seconds
Calculating for SON
First two files saved in 160.02 seconds
Second two files saved in 59.11 seconds
Third two files saved in 106.06 seconds
Fourth two files saved in 21.90 seconds
Fifth two files saved in 1512.05 seconds
Time taken for SON: 1859.14 seconds
NetCDF files for UBG and pr saved
#executed by process	8 in 3355.05s	with status	0 : python /home/vdemeyer/TRACKING/KATJA/POSTPROCESSING/contribution_ETCs.py 2100 --sim UBG --var pr
Calculating for DJF
First two files saved in 241.81 seconds
Second two files saved in 74.04 seconds
Third two files saved in 106.90 seconds
Fourth two files saved in 27.94 seconds
Fifth two files saved in 141.89 seconds
Time taken for DJF: 592.58 seconds
Calculating for MAM
First two files saved in 207.73 seconds
Second two files saved in 76.20 seconds
Third two files saved in 118.58 seconds
Fourth two files saved in 25.33 seconds
Fifth two files saved in 130.95 seconds
Time taken for MAM: 558.78 seconds
Calculating for JJA
First two files saved in 217.95 seconds
Second two files saved in 79.10 seconds
Third two files saved in 123.25 seconds
Fourth two files saved in 26.32 seconds
Fifth two files saved in 125.20 seconds
Time taken for JJA: 571.83 seconds
Calculating for SON
First two files saved in 202.70 seconds
Second two files saved in 70.37 seconds
Third two files saved in 90.91 seconds
Fourth two files saved in 19.61 seconds
Fifth two files saved in 1417.31 seconds
Time taken for SON: 1800.90 seconds
NetCDF files for UBG and pr saved
#executed by process	4 in 3543.77s	with status	0 : python /home/vdemeyer/TRACKING/KATJA/POSTPROCESSING/contribution_ETCs.py 2098 --sim UBG --var pr
Calculating for DJF
First two files saved in 142.07 seconds
Second two files saved in 22.67 seconds
Third two files saved in 102.07 seconds
Fourth two files saved in 25.91 seconds
Fifth two files saved in 131.06 seconds
Time taken for DJF: 423.78 seconds
Calculating for MAM
First two files saved in 134.45 seconds
Second two files saved in 20.88 seconds
Third two files saved in 106.71 seconds
Fourth two files saved in 26.00 seconds
Fifth two files saved in 121.57 seconds
Time taken for MAM: 409.62 seconds
Calculating for JJA
First two files saved in 127.74 seconds
Second two files saved in 25.06 seconds
Third two files saved in 112.71 seconds
Fourth two files saved in 27.53 seconds
Fifth two files saved in 121.43 seconds
Time taken for JJA: 414.48 seconds
Calculating for SON
First two files saved in 109.63 seconds
Second two files saved in 19.01 seconds
Third two files saved in 1583.91 seconds
Fourth two files saved in 19.76 seconds
Fifth two files saved in 124.36 seconds
Time taken for SON: 1856.67 seconds
NetCDF files for UBG and ws saved
#executed by process	5 in 3126.7s	with status	0 : python /home/vdemeyer/TRACKING/KATJA/POSTPROCESSING/contribution_ETCs.py 2072 --sim UBG --var ws
Calculating for DJF
First two files saved in 135.75 seconds
Second two files saved in 31.37 seconds
Third two files saved in 164.24 seconds
Fourth two files saved in 41.02 seconds
Fifth two files saved in 193.98 seconds
Time taken for DJF: 566.37 seconds
Calculating for MAM
First two files saved in 153.33 seconds
Second two files saved in 39.66 seconds
Third two files saved in 178.17 seconds
Fourth two files saved in 36.00 seconds
Fifth two files saved in 175.19 seconds
Time taken for MAM: 582.34 seconds
Calculating for JJA
First two files saved in 215.65 seconds
Second two files saved in 42.83 seconds
Third two files saved in 154.47 seconds
Fourth two files saved in 32.78 seconds
Fifth two files saved in 158.77 seconds
Time taken for JJA: 604.51 seconds
Calculating for SON
First two files saved in 978.37 seconds
Second two files saved in 13.45 seconds
Third two files saved in 86.13 seconds
Fourth two files saved in 16.70 seconds
Fifth two files saved in 573.98 seconds
Time taken for SON: 1668.62 seconds
NetCDF files for UBG and ws saved
#executed by process	11 in 3438.32s	with status	0 : python /home/vdemeyer/TRACKING/KATJA/POSTPROCESSING/contribution_ETCs.py 2066 --sim UBG --var ws
Calculating for DJF
First two files saved in 102.96 seconds
Second two files saved in 15.80 seconds
Third two files saved in 117.53 seconds
Fourth two files saved in 23.73 seconds
Fifth two files saved in 112.13 seconds
Time taken for DJF: 372.14 seconds
Calculating for MAM
First two files saved in 112.23 seconds
Second two files saved in 19.40 seconds
Third two files saved in 89.70 seconds
Fourth two files saved in 22.33 seconds
Fifth two files saved in 100.03 seconds
Time taken for MAM: 343.69 seconds
Calculating for JJA
First two files saved in 101.77 seconds
Second two files saved in 15.32 seconds
Third two files saved in 90.37 seconds
Fourth two files saved in 18.86 seconds
Fifth two files saved in 83.57 seconds
Time taken for JJA: 309.89 seconds
Calculating for SON
First two files saved in 89.13 seconds
Second two files saved in 15.16 seconds
Third two files saved in 1254.13 seconds
Fourth two files saved in 21.78 seconds
Fifth two files saved in 89.01 seconds
Time taken for SON: 1469.21 seconds
NetCDF files for UBG and ws saved
#executed by process	2 in 2513.24s	with status	0 : python /home/vdemeyer/TRACKING/KATJA/POSTPROCESSING/contribution_ETCs.py 2076 --sim UBG --var ws
Calculating for DJF
First two files saved in 132.37 seconds
Second two files saved in 25.47 seconds
Third two files saved in 149.81 seconds
Fourth two files saved in 56.76 seconds
Fifth two files saved in 136.34 seconds
Time taken for DJF: 500.75 seconds
Calculating for MAM
First two files saved in 142.44 seconds
Second two files saved in 31.92 seconds
Third two files saved in 147.93 seconds
Fourth two files saved in 32.22 seconds
Fifth two files saved in 151.29 seconds
Time taken for MAM: 505.80 seconds
Calculating for JJA
First two files saved in 140.40 seconds
Second two files saved in 30.73 seconds
Third two files saved in 178.74 seconds
Fourth two files saved in 33.39 seconds
Fifth two files saved in 140.96 seconds
Time taken for JJA: 524.22 seconds
Calculating for SON
First two files saved in 185.28 seconds
Second two files saved in 21.90 seconds
Third two files saved in 1530.88 seconds
Fourth two files saved in 31.91 seconds
Fifth two files saved in 159.90 seconds
Time taken for SON: 1929.87 seconds
NetCDF files for UBG and ws saved
#executed by process	14 in 3475.95s	with status	0 : python /home/vdemeyer/TRACKING/KATJA/POSTPROCESSING/contribution_ETCs.py 2069 --sim UBG --var ws
Calculating for DJF
First two files saved in 135.28 seconds
Second two files saved in 31.12 seconds
Third two files saved in 156.91 seconds
Fourth two files saved in 41.80 seconds
Fifth two files saved in 196.26 seconds
Time taken for DJF: 561.36 seconds
Calculating for MAM
First two files saved in 153.33 seconds
Second two files saved in 41.71 seconds
Third two files saved in 170.04 seconds
Fourth two files saved in 40.25 seconds
Fifth two files saved in 174.93 seconds
Time taken for MAM: 580.25 seconds
Calculating for JJA
First two files saved in 214.09 seconds
Second two files saved in 51.43 seconds
Third two files saved in 172.00 seconds
Fourth two files saved in 28.69 seconds
Fifth two files saved in 161.20 seconds
Time taken for JJA: 627.41 seconds
Calculating for SON
First two files saved in 1508.66 seconds
Second two files saved in 15.68 seconds
Third two files saved in 151.69 seconds
Fourth two files saved in 41.64 seconds
Fifth two files saved in 196.87 seconds
Time taken for SON: 1914.55 seconds
NetCDF files for UBG and ws saved
#executed by process	10 in 3700.7s	with status	0 : python /home/vdemeyer/TRACKING/KATJA/POSTPROCESSING/contribution_ETCs.py 2065 --sim UBG --var ws
Calculating for DJF
First two files saved in 103.30 seconds
Second two files saved in 13.25 seconds
Third two files saved in 94.38 seconds
Fourth two files saved in 17.14 seconds
Fifth two files saved in 112.51 seconds
Time taken for DJF: 340.58 seconds
Calculating for MAM
First two files saved in 213.03 seconds
Second two files saved in 13.68 seconds
Third two files saved in 90.92 seconds
Fourth two files saved in 17.99 seconds
Fifth two files saved in 90.12 seconds
Time taken for MAM: 425.74 seconds
Calculating for JJA
First two files saved in 105.30 seconds
Second two files saved in 13.88 seconds
Third two files saved in 1508.68 seconds
Fourth two files saved in 17.74 seconds
Fifth two files saved in 101.49 seconds
Time taken for JJA: 1747.10 seconds
Calculating for SON
First two files saved in 93.64 seconds
Second two files saved in 15.52 seconds
Third two files saved in 94.27 seconds
Fourth two files saved in 20.88 seconds
Fifth two files saved in 112.73 seconds
Time taken for SON: 337.04 seconds
NetCDF files for UBG and ws saved
#executed by process	1 in 2869.05s	with status	0 : python /home/vdemeyer/TRACKING/KATJA/POSTPROCESSING/contribution_ETCs.py 2075 --sim UBG --var ws
Calculating for DJF
First two files saved in 169.95 seconds
Second two files saved in 39.39 seconds
Third two files saved in 163.12 seconds
Fourth two files saved in 30.96 seconds
Fifth two files saved in 178.36 seconds
Time taken for DJF: 581.78 seconds
Calculating for MAM
First two files saved in 193.27 seconds
Second two files saved in 29.29 seconds
Third two files saved in 138.47 seconds
Fourth two files saved in 31.88 seconds
Fifth two files saved in 176.83 seconds
Time taken for MAM: 569.73 seconds
Calculating for JJA
First two files saved in 89.78 seconds
Second two files saved in 13.70 seconds
Third two files saved in 1114.53 seconds
Fourth two files saved in 21.36 seconds
Fifth two files saved in 208.03 seconds
Time taken for JJA: 1447.40 seconds
Calculating for SON
First two files saved in 145.42 seconds
Second two files saved in 37.12 seconds
Third two files saved in 167.98 seconds
Fourth two files saved in 45.74 seconds
Fifth two files saved in 195.46 seconds
Time taken for SON: 591.71 seconds
NetCDF files for UBG and ws saved
#executed by process	12 in 3209.2s	with status	0 : python /home/vdemeyer/TRACKING/KATJA/POSTPROCESSING/contribution_ETCs.py 2073 --sim UBG --var ws
Calculating for DJF
First two files saved in 108.48 seconds
Second two files saved in 15.70 seconds
Third two files saved in 102.71 seconds
Fourth two files saved in 19.32 seconds
Fifth two files saved in 127.90 seconds
Time taken for DJF: 374.10 seconds
Calculating for MAM
First two files saved in 146.90 seconds
Second two files saved in 23.77 seconds
Third two files saved in 98.60 seconds
Fourth two files saved in 19.30 seconds
Fifth two files saved in 228.02 seconds
Time taken for MAM: 516.59 seconds
Calculating for JJA
First two files saved in 1546.58 seconds
Second two files saved in 13.28 seconds
Third two files saved in 103.71 seconds
Fourth two files saved in 23.50 seconds
Fifth two files saved in 110.74 seconds
Time taken for JJA: 1797.82 seconds
Calculating for SON
First two files saved in 108.25 seconds
Second two files saved in 21.27 seconds
Third two files saved in 106.75 seconds
Fourth two files saved in 23.03 seconds
Fifth two files saved in 114.81 seconds
Time taken for SON: 374.10 seconds
NetCDF files for UBG and ws saved
#executed by process	9 in 3079.05s	with status	0 : python /home/vdemeyer/TRACKING/KATJA/POSTPROCESSING/contribution_ETCs.py 2074 --sim UBG --var ws
Calculating for DJF
First two files saved in 122.63 seconds
Second two files saved in 14.99 seconds
Third two files saved in 102.86 seconds
Fourth two files saved in 18.70 seconds
Fifth two files saved in 130.83 seconds
Time taken for DJF: 390.01 seconds
Calculating for MAM
First two files saved in 111.03 seconds
Second two files saved in 19.21 seconds
Third two files saved in 90.97 seconds
Fourth two files saved in 18.94 seconds
Fifth two files saved in 104.41 seconds
Time taken for MAM: 344.56 seconds
Calculating for JJA
First two files saved in 106.84 seconds
Second two files saved in 16.82 seconds
Third two files saved in 92.44 seconds
Fourth two files saved in 18.23 seconds
Fifth two files saved in 95.37 seconds
Time taken for JJA: 329.71 seconds
Calculating for SON
First two files saved in 98.93 seconds
Second two files saved in 15.20 seconds
Third two files saved in 96.03 seconds
Fourth two files saved in 25.31 seconds
Fifth two files saved in 98.17 seconds
Time taken for SON: 333.63 seconds
NetCDF files for UBG and ws saved
#executed by process	7 in 2936.02s	with status	0 : python /home/vdemeyer/TRACKING/KATJA/POSTPROCESSING/contribution_ETCs.py 2078 --sim UBG --var ws
Calculating for DJF
First two files saved in 118.37 seconds
Second two files saved in 18.00 seconds
Third two files saved in 104.42 seconds
Fourth two files saved in 22.51 seconds
Fifth two files saved in 140.85 seconds
Time taken for DJF: 404.15 seconds
Calculating for MAM
First two files saved in 123.21 seconds
Second two files saved in 17.96 seconds
Third two files saved in 99.66 seconds
Fourth two files saved in 21.49 seconds
Fifth two files saved in 119.45 seconds
Time taken for MAM: 381.77 seconds
Calculating for JJA
First two files saved in 114.57 seconds
Second two files saved in 19.38 seconds
Third two files saved in 95.88 seconds
Fourth two files saved in 23.22 seconds
Fifth two files saved in 111.54 seconds
Time taken for JJA: 364.59 seconds
Calculating for SON
First two files saved in 105.41 seconds
Second two files saved in 16.59 seconds
Third two files saved in 108.78 seconds
Fourth two files saved in 20.76 seconds
Fifth two files saved in 105.20 seconds
Time taken for SON: 356.75 seconds
NetCDF files for UBG and ws saved
#executed by process	6 in 1963.48s	with status	0 : python /home/vdemeyer/TRACKING/KATJA/POSTPROCESSING/contribution_ETCs.py 2080 --sim UBG --var ws
Calculating for DJF
First two files saved in 105.44 seconds
Second two files saved in 18.43 seconds
Third two files saved in 114.30 seconds
Fourth two files saved in 23.48 seconds
Fifth two files saved in 108.62 seconds
Time taken for DJF: 370.28 seconds
Calculating for MAM
First two files saved in 95.66 seconds
Second two files saved in 15.94 seconds
Third two files saved in 101.74 seconds
Fourth two files saved in 20.73 seconds
Fifth two files saved in 106.06 seconds
Time taken for MAM: 340.12 seconds
Calculating for JJA
First two files saved in 93.44 seconds
Second two files saved in 18.44 seconds
Third two files saved in 100.64 seconds
Fourth two files saved in 19.19 seconds
Fifth two files saved in 101.40 seconds
Time taken for JJA: 333.11 seconds
Calculating for SON
First two files saved in 101.65 seconds
Second two files saved in 15.39 seconds
Third two files saved in 103.38 seconds
Fourth two files saved in 20.06 seconds
Fifth two files saved in 100.33 seconds
Time taken for SON: 340.81 seconds
NetCDF files for UBG and ws saved
#executed by process	2 in 1402.39s	with status	0 : python /home/vdemeyer/TRACKING/KATJA/POSTPROCESSING/contribution_ETCs.py 2087 --sim UBG --var ws
Calculating for DJF
First two files saved in 114.27 seconds
Second two files saved in 19.03 seconds
Third two files saved in 105.79 seconds
Fourth two files saved in 21.17 seconds
Fifth two files saved in 105.95 seconds
Time taken for DJF: 366.20 seconds
Calculating for MAM
First two files saved in 106.35 seconds
Second two files saved in 18.80 seconds
Third two files saved in 106.28 seconds
Fourth two files saved in 19.84 seconds
Fifth two files saved in 110.69 seconds
Time taken for MAM: 361.96 seconds
Calculating for JJA
First two files saved in 117.31 seconds
Second two files saved in 19.77 seconds
Third two files saved in 115.25 seconds
Fourth two files saved in 23.87 seconds
Fifth two files saved in 130.40 seconds
Time taken for JJA: 406.60 seconds
Calculating for SON
First two files saved in 118.12 seconds
Second two files saved in 18.68 seconds
Third two files saved in 155.76 seconds
Fourth two files saved in 22.41 seconds
Fifth two files saved in 115.43 seconds
Time taken for SON: 430.39 seconds
NetCDF files for UBG and ws saved
#executed by process	8 in 1601.67s	with status	0 : python /home/vdemeyer/TRACKING/KATJA/POSTPROCESSING/contribution_ETCs.py 2083 --sim UBG --var ws
Calculating for DJF
First two files saved in 109.63 seconds
Second two files saved in 13.94 seconds
Third two files saved in 90.13 seconds
Fourth two files saved in 17.49 seconds
Fifth two files saved in 114.32 seconds
Time taken for DJF: 345.51 seconds
Calculating for MAM
First two files saved in 103.45 seconds
Second two files saved in 14.86 seconds
Third two files saved in 88.00 seconds
Fourth two files saved in 19.55 seconds
Fifth two files saved in 96.52 seconds
Time taken for MAM: 322.38 seconds
Calculating for JJA
First two files saved in 94.43 seconds
Second two files saved in 17.26 seconds
Third two files saved in 97.10 seconds
Fourth two files saved in 19.02 seconds
Fifth two files saved in 93.15 seconds
Time taken for JJA: 320.96 seconds
Calculating for SON
First two files saved in 89.59 seconds
Second two files saved in 14.27 seconds
Third two files saved in 91.23 seconds
Fourth two files saved in 19.99 seconds
Fifth two files saved in 103.76 seconds
Time taken for SON: 318.84 seconds
NetCDF files for UBG and ws saved
#executed by process	1 in 1326.43s	with status	0 : python /home/vdemeyer/TRACKING/KATJA/POSTPROCESSING/contribution_ETCs.py 2090 --sim UBG --var ws
Calculating for DJF
First two files saved in 131.49 seconds
Second two files saved in 20.97 seconds
Third two files saved in 124.93 seconds
Fourth two files saved in 30.08 seconds
Fifth two files saved in 164.27 seconds
Time taken for DJF: 471.73 seconds
Calculating for MAM
First two files saved in 116.69 seconds
Second two files saved in 21.07 seconds
Third two files saved in 119.79 seconds
Fourth two files saved in 29.75 seconds
Fifth two files saved in 135.19 seconds
Time taken for MAM: 422.49 seconds
Calculating for JJA
First two files saved in 117.81 seconds
Second two files saved in 24.64 seconds
Third two files saved in 126.39 seconds
Fourth two files saved in 26.25 seconds
Fifth two files saved in 138.93 seconds
Time taken for JJA: 434.02 seconds
Calculating for SON
First two files saved in 120.09 seconds
Second two files saved in 22.66 seconds
Third two files saved in 117.18 seconds
Fourth two files saved in 26.32 seconds
Fifth two files saved in 145.90 seconds
Time taken for SON: 432.16 seconds
NetCDF files for UBG and ws saved
#executed by process	3 in 3288s	with status	0 : python /home/vdemeyer/TRACKING/KATJA/POSTPROCESSING/contribution_ETCs.py 2079 --sim UBG --var ws
Calculating for DJF
First two files saved in 130.48 seconds
Second two files saved in 21.38 seconds
Third two files saved in 122.22 seconds
Fourth two files saved in 31.25 seconds
Fifth two files saved in 157.64 seconds
Time taken for DJF: 462.96 seconds
Calculating for MAM
First two files saved in 117.94 seconds
Second two files saved in 20.71 seconds
Third two files saved in 123.29 seconds
Fourth two files saved in 30.48 seconds
Fifth two files saved in 134.85 seconds
Time taken for MAM: 427.27 seconds
Calculating for JJA
First two files saved in 120.13 seconds
Second two files saved in 22.13 seconds
Third two files saved in 126.41 seconds
Fourth two files saved in 26.37 seconds
Fifth two files saved in 137.61 seconds
Time taken for JJA: 432.66 seconds
Calculating for SON
First two files saved in 127.07 seconds
Second two files saved in 25.13 seconds
Third two files saved in 111.65 seconds
Fourth two files saved in 28.23 seconds
Fifth two files saved in 142.03 seconds
Time taken for SON: 434.10 seconds
NetCDF files for UBG and ws saved
#executed by process	4 in 1776.52s	with status	0 : python /home/vdemeyer/TRACKING/KATJA/POSTPROCESSING/contribution_ETCs.py 2084 --sim UBG --var ws
Calculating for DJF
First two files saved in 118.95 seconds
Second two files saved in 21.29 seconds
Third two files saved in 137.63 seconds
Fourth two files saved in 21.69 seconds
Fifth two files saved in 143.97 seconds
Time taken for DJF: 443.54 seconds
Calculating for MAM
First two files saved in 124.28 seconds
Second two files saved in 28.83 seconds
Third two files saved in 120.25 seconds
Fourth two files saved in 30.27 seconds
Fifth two files saved in 108.97 seconds
Time taken for MAM: 412.61 seconds
Calculating for JJA
First two files saved in 128.83 seconds
Second two files saved in 23.46 seconds
Third two files saved in 120.71 seconds
Fourth two files saved in 23.67 seconds
Fifth two files saved in 130.24 seconds
Time taken for JJA: 426.91 seconds
Calculating for SON
First two files saved in 121.91 seconds
Second two files saved in 20.21 seconds
Third two files saved in 124.36 seconds
Fourth two files saved in 28.35 seconds
Fifth two files saved in 123.07 seconds
Time taken for SON: 417.90 seconds
NetCDF files for UBG and ws saved
#executed by process	5 in 1721.26s	with status	0 : python /home/vdemeyer/TRACKING/KATJA/POSTPROCESSING/contribution_ETCs.py 2085 --sim UBG --var ws
Calculating for DJF
First two files saved in 148.26 seconds
Second two files saved in 30.41 seconds
Third two files saved in 138.38 seconds
Fourth two files saved in 33.38 seconds
Fifth two files saved in 150.74 seconds
Time taken for DJF: 501.17 seconds
Calculating for MAM
First two files saved in 145.98 seconds
Second two files saved in 30.83 seconds
Third two files saved in 144.66 seconds
Fourth two files saved in 33.38 seconds
Fifth two files saved in 171.95 seconds
Time taken for MAM: 526.79 seconds
Calculating for JJA
First two files saved in 167.52 seconds
Second two files saved in 31.95 seconds
Third two files saved in 189.61 seconds
Fourth two files saved in 35.40 seconds
Fifth two files saved in 158.56 seconds
Time taken for JJA: 583.05 seconds
Calculating for SON
First two files saved in 153.20 seconds
Second two files saved in 29.89 seconds
Third two files saved in 187.17 seconds
Fourth two files saved in 28.88 seconds
Fifth two files saved in 151.56 seconds
Time taken for SON: 550.70 seconds
NetCDF files for UBG and ws saved
#executed by process	15 in 2346.68s	with status	0 : python /home/vdemeyer/TRACKING/KATJA/POSTPROCESSING/contribution_ETCs.py 2082 --sim UBG --var ws
Calculating for DJF
First two files saved in 115.53 seconds
Second two files saved in 16.40 seconds
Third two files saved in 111.71 seconds
Fourth two files saved in 23.52 seconds
Fifth two files saved in 121.75 seconds
Time taken for DJF: 388.90 seconds
Calculating for MAM
First two files saved in 133.88 seconds
Second two files saved in 19.77 seconds
Third two files saved in 111.03 seconds
Fourth two files saved in 25.12 seconds
Fifth two files saved in 162.53 seconds
Time taken for MAM: 452.32 seconds
Calculating for JJA
First two files saved in 115.88 seconds
Second two files saved in 12.74 seconds
Third two files saved in 108.56 seconds
Fourth two files saved in 21.43 seconds
Fifth two files saved in 108.86 seconds
Time taken for JJA: 367.46 seconds
Calculating for SON
First two files saved in 153.46 seconds
Second two files saved in 17.33 seconds
Third two files saved in 108.32 seconds
Fourth two files saved in 20.46 seconds
Fifth two files saved in 109.48 seconds
Time taken for SON: 409.05 seconds
NetCDF files for UBG and ws saved
#executed by process	9 in 1634.74s	with status	0 : python /home/vdemeyer/TRACKING/KATJA/POSTPROCESSING/contribution_ETCs.py 2092 --sim UBG --var ws
Calculating for DJF
First two files saved in 147.90 seconds
Second two files saved in 28.22 seconds
Third two files saved in 139.87 seconds
Fourth two files saved in 35.84 seconds
Fifth two files saved in 163.76 seconds
Time taken for DJF: 515.59 seconds
Calculating for MAM
First two files saved in 152.53 seconds
Second two files saved in 33.99 seconds
Third two files saved in 161.00 seconds
Fourth two files saved in 41.52 seconds
Fifth two files saved in 156.99 seconds
Time taken for MAM: 546.03 seconds
Calculating for JJA
First two files saved in 199.35 seconds
Second two files saved in 28.72 seconds
Third two files saved in 148.33 seconds
Fourth two files saved in 31.22 seconds
Fifth two files saved in 155.57 seconds
Time taken for JJA: 563.19 seconds
Calculating for SON
First two files saved in 184.19 seconds
Second two files saved in 29.03 seconds
Third two files saved in 136.20 seconds
Fourth two files saved in 27.68 seconds
Fifth two files saved in 138.77 seconds
Time taken for SON: 515.88 seconds
NetCDF files for UBG and ws saved
#executed by process	14 in 2161.42s	with status	0 : python /home/vdemeyer/TRACKING/KATJA/POSTPROCESSING/contribution_ETCs.py 2088 --sim UBG --var ws
Calculating for DJF
First two files saved in 171.38 seconds
Second two files saved in 39.65 seconds
Third two files saved in 165.08 seconds
Fourth two files saved in 43.19 seconds
Fifth two files saved in 185.72 seconds
Time taken for DJF: 605.02 seconds
Calculating for MAM
First two files saved in 188.36 seconds
Second two files saved in 41.98 seconds
Third two files saved in 202.42 seconds
Fourth two files saved in 51.45 seconds
Fifth two files saved in 218.08 seconds
Time taken for MAM: 702.29 seconds
Calculating for JJA
First two files saved in 222.41 seconds
Second two files saved in 35.78 seconds
Third two files saved in 174.43 seconds
Fourth two files saved in 41.47 seconds
Fifth two files saved in 217.60 seconds
Time taken for JJA: 691.69 seconds
Calculating for SON
First two files saved in 171.81 seconds
Second two files saved in 29.94 seconds
Third two files saved in 152.46 seconds
Fourth two files saved in 35.04 seconds
Fifth two files saved in 150.36 seconds
Time taken for SON: 539.61 seconds
NetCDF files for UBG and ws saved
#executed by process	13 in 2724.36s	with status	0 : python /home/vdemeyer/TRACKING/KATJA/POSTPROCESSING/contribution_ETCs.py 2081 --sim UBG --var ws
Calculating for DJF
First two files saved in 170.21 seconds
Second two files saved in 43.01 seconds
Third two files saved in 160.63 seconds
Fourth two files saved in 47.07 seconds
Fifth two files saved in 197.83 seconds
Time taken for DJF: 618.74 seconds
Calculating for MAM
First two files saved in 190.82 seconds
Second two files saved in 47.31 seconds
Third two files saved in 200.32 seconds
Fourth two files saved in 43.53 seconds
Fifth two files saved in 234.23 seconds
Time taken for MAM: 716.21 seconds
Calculating for JJA
First two files saved in 177.66 seconds
Second two files saved in 40.50 seconds
Third two files saved in 174.33 seconds
Fourth two files saved in 85.77 seconds
Fifth two files saved in 160.65 seconds
Time taken for JJA: 638.92 seconds
Calculating for SON
First two files saved in 163.11 seconds
Second two files saved in 29.85 seconds
Third two files saved in 140.18 seconds
Fourth two files saved in 37.69 seconds
Fifth two files saved in 204.85 seconds
Time taken for SON: 575.68 seconds
NetCDF files for UBG and ws saved
#executed by process	11 in 2571.23s	with status	0 : python /home/vdemeyer/TRACKING/KATJA/POSTPROCESSING/contribution_ETCs.py 2086 --sim UBG --var ws
Calculating for DJF
First two files saved in 100.55 seconds
Second two files saved in 14.89 seconds
Third two files saved in 98.14 seconds
Fourth two files saved in 19.47 seconds
Fifth two files saved in 121.64 seconds
Time taken for DJF: 354.68 seconds
Calculating for MAM
First two files saved in 104.36 seconds
Second two files saved in 18.81 seconds
Third two files saved in 91.60 seconds
Fourth two files saved in 18.69 seconds
Fifth two files saved in 107.97 seconds
Time taken for MAM: 341.42 seconds
Calculating for JJA
First two files saved in 109.88 seconds
Second two files saved in 14.90 seconds
Third two files saved in 94.51 seconds
Fourth two files saved in 18.79 seconds
Fifth two files saved in 103.73 seconds
Time taken for JJA: 341.80 seconds
Calculating for SON
First two files saved in 93.24 seconds
Second two files saved in 19.02 seconds
Third two files saved in 101.46 seconds
Fourth two files saved in 23.91 seconds
Fifth two files saved in 93.80 seconds
Time taken for SON: 331.42 seconds
NetCDF files for UBG and ws saved
#executed by process	7 in 1387.98s	with status	0 : python /home/vdemeyer/TRACKING/KATJA/POSTPROCESSING/contribution_ETCs.py 2093 --sim UBG --var ws
Calculating for DJF
First two files saved in 182.90 seconds
Second two files saved in 29.54 seconds
Third two files saved in 179.52 seconds
Fourth two files saved in 46.43 seconds
Fifth two files saved in 242.96 seconds
Time taken for DJF: 681.35 seconds
Calculating for MAM
First two files saved in 204.26 seconds
Second two files saved in 37.37 seconds
Third two files saved in 205.96 seconds
Fourth two files saved in 45.09 seconds
Fifth two files saved in 176.50 seconds
Time taken for MAM: 669.18 seconds
Calculating for JJA
First two files saved in 218.50 seconds
Second two files saved in 36.23 seconds
Third two files saved in 166.45 seconds
Fourth two files saved in 31.55 seconds
Fifth two files saved in 157.09 seconds
Time taken for JJA: 609.81 seconds
Calculating for SON
First two files saved in 145.65 seconds
Second two files saved in 37.17 seconds
Third two files saved in 179.57 seconds
Fourth two files saved in 33.05 seconds
Fifth two files saved in 134.81 seconds
Time taken for SON: 530.25 seconds
NetCDF files for UBG and ws saved
#executed by process	10 in 2509.91s	with status	0 : python /home/vdemeyer/TRACKING/KATJA/POSTPROCESSING/contribution_ETCs.py 2089 --sim UBG --var ws
Calculating for DJF
First two files saved in 114.12 seconds
Second two files saved in 20.54 seconds
Third two files saved in 95.42 seconds
Fourth two files saved in 24.08 seconds
Fifth two files saved in 111.96 seconds
Time taken for DJF: 366.11 seconds
Calculating for MAM
First two files saved in 106.79 seconds
Second two files saved in 16.16 seconds
Third two files saved in 101.54 seconds
Fourth two files saved in 30.37 seconds
Fifth two files saved in 93.89 seconds
Time taken for MAM: 348.76 seconds
Calculating for JJA
First two files saved in 103.00 seconds
Second two files saved in 17.37 seconds
Third two files saved in 95.94 seconds
Fourth two files saved in 19.34 seconds
Fifth two files saved in 109.77 seconds
Time taken for JJA: 345.42 seconds
Calculating for SON
First two files saved in 94.49 seconds
Second two files saved in 17.56 seconds
Third two files saved in 92.18 seconds
Fourth two files saved in 19.01 seconds
Fifth two files saved in 98.89 seconds
Time taken for SON: 322.13 seconds
NetCDF files for UBG and ws saved
#executed by process	2 in 1402.4s	with status	0 : python /home/vdemeyer/TRACKING/KATJA/POSTPROCESSING/contribution_ETCs.py 2095 --sim UBG --var ws
Calculating for DJF
First two files saved in 183.66 seconds
Second two files saved in 44.98 seconds
Third two files saved in 200.37 seconds
Fourth two files saved in 56.03 seconds
Fifth two files saved in 216.45 seconds
Time taken for DJF: 701.49 seconds
Calculating for MAM
First two files saved in 215.43 seconds
Second two files saved in 39.90 seconds
Third two files saved in 161.91 seconds
Fourth two files saved in 40.68 seconds
Fifth two files saved in 212.67 seconds
Time taken for MAM: 670.60 seconds
Calculating for JJA
First two files saved in 167.32 seconds
Second two files saved in 39.10 seconds
Third two files saved in 147.47 seconds
Fourth two files saved in 35.78 seconds
Fifth two files saved in 138.31 seconds
Time taken for JJA: 527.97 seconds
Calculating for SON
First two files saved in 187.77 seconds
Second two files saved in 27.34 seconds
Third two files saved in 130.24 seconds
Fourth two files saved in 29.90 seconds
Fifth two files saved in 125.66 seconds
Time taken for SON: 500.91 seconds
NetCDF files for UBG and ws saved
#executed by process	12 in 2421.28s	with status	0 : python /home/vdemeyer/TRACKING/KATJA/POSTPROCESSING/contribution_ETCs.py 2091 --sim UBG --var ws
Calculating for DJF
First two files saved in 111.25 seconds
Second two files saved in 23.31 seconds
Third two files saved in 115.31 seconds
Fourth two files saved in 23.09 seconds
Fifth two files saved in 123.57 seconds
Time taken for DJF: 396.53 seconds
Calculating for MAM
First two files saved in 108.07 seconds
Second two files saved in 22.00 seconds
Third two files saved in 106.82 seconds
Fourth two files saved in 25.58 seconds
Fifth two files saved in 110.94 seconds
Time taken for MAM: 373.40 seconds
Calculating for JJA
First two files saved in 110.09 seconds
Second two files saved in 21.14 seconds
Third two files saved in 99.84 seconds
Fourth two files saved in 24.72 seconds
Fifth two files saved in 116.38 seconds
Time taken for JJA: 372.18 seconds
Calculating for SON
First two files saved in 107.12 seconds
Second two files saved in 17.56 seconds
Third two files saved in 98.37 seconds
Fourth two files saved in 22.22 seconds
Fifth two files saved in 106.45 seconds
Time taken for SON: 351.72 seconds
NetCDF files for UBG and ws saved
#executed by process	6 in 1512.02s	with status	0 : python /home/vdemeyer/TRACKING/KATJA/POSTPROCESSING/contribution_ETCs.py 2094 --sim UBG --var ws
Calculating for DJF
First two files saved in 109.82 seconds
Second two files saved in 15.46 seconds
Third two files saved in 110.51 seconds
Fourth two files saved in 24.58 seconds
Fifth two files saved in 146.28 seconds
Time taken for DJF: 406.64 seconds
Calculating for MAM
First two files saved in 108.96 seconds
Second two files saved in 15.78 seconds
Third two files saved in 107.69 seconds
Fourth two files saved in 16.19 seconds
Fifth two files saved in 85.59 seconds
Time taken for MAM: 334.21 seconds
Calculating for JJA
First two files saved in 100.42 seconds
Second two files saved in 14.75 seconds
Third two files saved in 102.44 seconds
Fourth two files saved in 24.10 seconds
Fifth two files saved in 146.74 seconds
Time taken for JJA: 388.44 seconds
Calculating for SON
First two files saved in 103.63 seconds
Second two files saved in 14.22 seconds
Third two files saved in 95.79 seconds
Fourth two files saved in 17.59 seconds
Fifth two files saved in 95.36 seconds
Time taken for SON: 326.60 seconds
NetCDF files for UBG and ws saved
#executed by process	8 in 1473.07s	with status	0 : python /home/vdemeyer/TRACKING/KATJA/POSTPROCESSING/contribution_ETCs.py 2096 --sim UBG --var ws
Calculating for DJF
First two files saved in 107.52 seconds
Second two files saved in 19.60 seconds
Third two files saved in 100.25 seconds
Fourth two files saved in 17.24 seconds
Fifth two files saved in 112.84 seconds
Time taken for DJF: 357.46 seconds
Calculating for MAM
First two files saved in 111.24 seconds
Second two files saved in 14.16 seconds
Third two files saved in 94.38 seconds
Fourth two files saved in 17.25 seconds
Fifth two files saved in 87.19 seconds
Time taken for MAM: 324.23 seconds
Calculating for JJA
First two files saved in 91.46 seconds
Second two files saved in 16.87 seconds
Third two files saved in 107.11 seconds
Fourth two files saved in 17.98 seconds
Fifth two files saved in 88.54 seconds
Time taken for JJA: 321.95 seconds
Calculating for SON
First two files saved in 84.22 seconds
Second two files saved in 13.81 seconds
Third two files saved in 89.45 seconds
Fourth two files saved in 17.88 seconds
Fifth two files saved in 85.75 seconds
Time taken for SON: 291.10 seconds
NetCDF files for UBG and ws saved
#executed by process	1 in 1311.84s	with status	0 : python /home/vdemeyer/TRACKING/KATJA/POSTPROCESSING/contribution_ETCs.py 2097 --sim UBG --var ws
Calculating for DJF
First two files saved in 136.21 seconds
Second two files saved in 21.35 seconds
Third two files saved in 123.31 seconds
Fourth two files saved in 26.62 seconds
Fifth two files saved in 150.49 seconds
Time taken for DJF: 457.99 seconds
Calculating for MAM
First two files saved in 114.66 seconds
Second two files saved in 22.88 seconds
Third two files saved in 119.25 seconds
Fourth two files saved in 25.68 seconds
Fifth two files saved in 140.83 seconds
Time taken for MAM: 423.30 seconds
Calculating for JJA
First two files saved in 122.19 seconds
Second two files saved in 21.30 seconds
Third two files saved in 114.66 seconds
Fourth two files saved in 30.80 seconds
Fifth two files saved in 117.09 seconds
Time taken for JJA: 406.04 seconds
Calculating for SON
First two files saved in 100.08 seconds
Second two files saved in 19.78 seconds
Third two files saved in 114.24 seconds
Fourth two files saved in 27.37 seconds
Fifth two files saved in 148.57 seconds
Time taken for SON: 410.03 seconds
NetCDF files for UBG and ws saved
#executed by process	3 in 1716.28s	with status	0 : python /home/vdemeyer/TRACKING/KATJA/POSTPROCESSING/contribution_ETCs.py 2098 --sim UBG --var ws
Calculating for DJF
First two files saved in 127.98 seconds
Second two files saved in 21.21 seconds
Third two files saved in 127.24 seconds
Fourth two files saved in 31.03 seconds
Fifth two files saved in 151.30 seconds
Time taken for DJF: 458.76 seconds
Calculating for MAM
First two files saved in 115.34 seconds
Second two files saved in 23.99 seconds
Third two files saved in 118.91 seconds
Fourth two files saved in 26.53 seconds
Fifth two files saved in 133.32 seconds
Time taken for MAM: 418.10 seconds
Calculating for JJA
First two files saved in 123.17 seconds
Second two files saved in 20.22 seconds
Third two files saved in 120.59 seconds
Fourth two files saved in 27.81 seconds
Fifth two files saved in 119.32 seconds
Time taken for JJA: 411.11 seconds
Calculating for SON
First two files saved in 101.95 seconds
Second two files saved in 19.73 seconds
Third two files saved in 114.35 seconds
Fourth two files saved in 28.16 seconds
Fifth two files saved in 146.54 seconds
Time taken for SON: 410.73 seconds
NetCDF files for UBG and ws saved
#executed by process	4 in 1717.96s	with status	0 : python /home/vdemeyer/TRACKING/KATJA/POSTPROCESSING/contribution_ETCs.py 2099 --sim UBG --var ws
Calculating for DJF
First two files saved in 132.79 seconds
Second two files saved in 21.72 seconds
Third two files saved in 135.33 seconds
Fourth two files saved in 26.89 seconds
Fifth two files saved in 143.54 seconds
Time taken for DJF: 460.27 seconds
Calculating for MAM
First two files saved in 120.83 seconds
Second two files saved in 21.76 seconds
Third two files saved in 115.11 seconds
Fourth two files saved in 28.78 seconds
Fifth two files saved in 128.40 seconds
Time taken for MAM: 414.88 seconds
Calculating for JJA
First two files saved in 120.29 seconds
Second two files saved in 21.24 seconds
Third two files saved in 121.79 seconds
Fourth two files saved in 31.49 seconds
Fifth two files saved in 100.51 seconds
Time taken for JJA: 395.33 seconds
Calculating for SON
First two files saved in 105.32 seconds
Second two files saved in 22.55 seconds
Third two files saved in 113.95 seconds
Fourth two files saved in 32.21 seconds
Fifth two files saved in 122.75 seconds
Time taken for SON: 396.78 seconds
NetCDF files for UBG and ws saved
#executed by process	5 in 1688.2s	with status	0 : python /home/vdemeyer/TRACKING/KATJA/POSTPROCESSING/contribution_ETCs.py 2100 --sim UBG --var ws
Calculating for DJF
First two files saved in 168.61 seconds
Second two files saved in 65.22 seconds
Third two files saved in 109.15 seconds
Fourth two files saved in 27.71 seconds
Fifth two files saved in 139.20 seconds
Time taken for DJF: 509.89 seconds
Calculating for MAM
First two files saved in 158.70 seconds
Second two files saved in 65.47 seconds
Third two files saved in 93.03 seconds
Fourth two files saved in 16.81 seconds
Fifth two files saved in 96.61 seconds
Time taken for MAM: 430.61 seconds
Calculating for JJA
First two files saved in 171.08 seconds
Second two files saved in 71.34 seconds
Third two files saved in 109.17 seconds
Fourth two files saved in 21.77 seconds
Fifth two files saved in 103.04 seconds
Time taken for JJA: 476.41 seconds
Calculating for SON
First two files saved in 174.61 seconds
Second two files saved in 72.43 seconds
Third two files saved in 111.79 seconds
Fourth two files saved in 23.04 seconds
Fifth two files saved in 100.03 seconds
Time taken for SON: 481.89 seconds
NetCDF files for UBH and pr saved
#executed by process	9 in 1915.78s	with status	0 : python /home/vdemeyer/TRACKING/KATJA/POSTPROCESSING/contribution_ETCs.py 2066 --sim UBH --var pr
Calculating for DJF
First two files saved in 210.75 seconds
Second two files saved in 72.84 seconds
Third two files saved in 138.24 seconds
Fourth two files saved in 68.63 seconds
Fifth two files saved in 111.92 seconds
Time taken for DJF: 602.38 seconds
Calculating for MAM
First two files saved in 187.97 seconds
Second two files saved in 72.90 seconds
Third two files saved in 129.38 seconds
Fourth two files saved in 25.24 seconds
Fifth two files saved in 115.05 seconds
Time taken for MAM: 530.55 seconds
Calculating for JJA
First two files saved in 201.69 seconds
Second two files saved in 74.67 seconds
Third two files saved in 125.16 seconds
Fourth two files saved in 25.57 seconds
Fifth two files saved in 133.46 seconds
Time taken for JJA: 560.54 seconds
Calculating for SON
First two files saved in 199.38 seconds
Second two files saved in 72.22 seconds
Third two files saved in 118.56 seconds
Fourth two files saved in 28.30 seconds
Fifth two files saved in 136.15 seconds
Time taken for SON: 554.62 seconds
NetCDF files for UBH and pr saved
#executed by process	15 in 2267.05s	with status	0 : python /home/vdemeyer/TRACKING/KATJA/POSTPROCESSING/contribution_ETCs.py 2065 --sim UBH --var pr
Calculating for DJF
First two files saved in 221.14 seconds
Second two files saved in 61.10 seconds
Third two files saved in 97.32 seconds
Fourth two files saved in 17.85 seconds
Fifth two files saved in 102.16 seconds
Time taken for DJF: 499.57 seconds
Calculating for MAM
First two files saved in 201.55 seconds
Second two files saved in 58.56 seconds
Third two files saved in 85.91 seconds
Fourth two files saved in 17.68 seconds
Fifth two files saved in 77.37 seconds
Time taken for MAM: 441.06 seconds
Calculating for JJA
First two files saved in 211.52 seconds
Second two files saved in 63.80 seconds
Third two files saved in 90.55 seconds
Fourth two files saved in 17.69 seconds
Fifth two files saved in 82.01 seconds
Time taken for JJA: 465.57 seconds
Calculating for SON
First two files saved in 191.43 seconds
Second two files saved in 63.46 seconds
Third two files saved in 102.02 seconds
Fourth two files saved in 17.74 seconds
Fifth two files saved in 82.20 seconds
Time taken for SON: 456.85 seconds
NetCDF files for UBH and pr saved
#executed by process	7 in 1881.74s	with status	0 : python /home/vdemeyer/TRACKING/KATJA/POSTPROCESSING/contribution_ETCs.py 2070 --sim UBH --var pr
Calculating for DJF
First two files saved in 214.93 seconds
Second two files saved in 134.31 seconds
Third two files saved in 117.76 seconds
Fourth two files saved in 24.87 seconds
Fifth two files saved in 111.96 seconds
Time taken for DJF: 603.83 seconds
Calculating for MAM
First two files saved in 183.48 seconds
Second two files saved in 73.76 seconds
Third two files saved in 113.47 seconds
Fourth two files saved in 27.14 seconds
Fifth two files saved in 129.88 seconds
Time taken for MAM: 527.72 seconds
Calculating for JJA
First two files saved in 194.29 seconds
Second two files saved in 82.16 seconds
Third two files saved in 126.01 seconds
Fourth two files saved in 32.03 seconds
Fifth two files saved in 133.18 seconds
Time taken for JJA: 567.67 seconds
Calculating for SON
First two files saved in 192.11 seconds
Second two files saved in 80.70 seconds
Third two files saved in 124.70 seconds
Fourth two files saved in 28.27 seconds
Fifth two files saved in 168.92 seconds
Time taken for SON: 594.71 seconds
NetCDF files for UBH and pr saved
#executed by process	14 in 2311.1s	with status	0 : python /home/vdemeyer/TRACKING/KATJA/POSTPROCESSING/contribution_ETCs.py 2067 --sim UBH --var pr
Calculating for DJF
First two files saved in 173.45 seconds
Second two files saved in 61.80 seconds
Third two files saved in 101.12 seconds
Fourth two files saved in 21.09 seconds
Fifth two files saved in 95.49 seconds
Time taken for DJF: 452.96 seconds
Calculating for MAM
First two files saved in 156.26 seconds
Second two files saved in 58.89 seconds
Third two files saved in 89.26 seconds
Fourth two files saved in 21.98 seconds
Fifth two files saved in 91.77 seconds
Time taken for MAM: 418.16 seconds
Calculating for JJA
First two files saved in 179.32 seconds
Second two files saved in 58.61 seconds
Third two files saved in 82.82 seconds
Fourth two files saved in 17.08 seconds
Fifth two files saved in 96.22 seconds
Time taken for JJA: 434.05 seconds
Calculating for SON
First two files saved in 194.29 seconds
Second two files saved in 59.91 seconds
Third two files saved in 82.29 seconds
Fourth two files saved in 17.15 seconds
Fifth two files saved in 80.43 seconds
Time taken for SON: 434.07 seconds
NetCDF files for UBH and pr saved
#executed by process	1 in 1757.54s	with status	0 : python /home/vdemeyer/TRACKING/KATJA/POSTPROCESSING/contribution_ETCs.py 2076 --sim UBH --var pr
Calculating for DJF
First two files saved in 183.87 seconds
Second two files saved in 66.14 seconds
Third two files saved in 97.38 seconds
Fourth two files saved in 19.07 seconds
Fifth two files saved in 126.03 seconds
Time taken for DJF: 492.49 seconds
Calculating for MAM
First two files saved in 165.42 seconds
Second two files saved in 62.87 seconds
Third two files saved in 89.41 seconds
Fourth two files saved in 20.63 seconds
Fifth two files saved in 102.62 seconds
Time taken for MAM: 440.95 seconds
Calculating for JJA
First two files saved in 191.93 seconds
Second two files saved in 63.57 seconds
Third two files saved in 87.81 seconds
Fourth two files saved in 18.74 seconds
Fifth two files saved in 98.62 seconds
Time taken for JJA: 460.66 seconds
Calculating for SON
First two files saved in 177.87 seconds
Second two files saved in 64.52 seconds
Third two files saved in 87.87 seconds
Fourth two files saved in 17.99 seconds
Fifth two files saved in 97.54 seconds
Time taken for SON: 445.79 seconds
NetCDF files for UBH and pr saved
#executed by process	2 in 1858.74s	with status	0 : python /home/vdemeyer/TRACKING/KATJA/POSTPROCESSING/contribution_ETCs.py 2072 --sim UBH --var pr
Calculating for DJF
First two files saved in 191.43 seconds
Second two files saved in 66.89 seconds
Third two files saved in 108.39 seconds
Fourth two files saved in 27.73 seconds
Fifth two files saved in 98.93 seconds
Time taken for DJF: 493.36 seconds
Calculating for MAM
First two files saved in 160.84 seconds
Second two files saved in 61.89 seconds
Third two files saved in 100.25 seconds
Fourth two files saved in 22.62 seconds
Fifth two files saved in 112.33 seconds
Time taken for MAM: 457.93 seconds
Calculating for JJA
First two files saved in 172.32 seconds
Second two files saved in 64.31 seconds
Third two files saved in 94.24 seconds
Fourth two files saved in 25.39 seconds
Fifth two files saved in 89.67 seconds
Time taken for JJA: 445.93 seconds
Calculating for SON
First two files saved in 190.52 seconds
Second two files saved in 65.09 seconds
Third two files saved in 90.72 seconds
Fourth two files saved in 23.21 seconds
Fifth two files saved in 99.03 seconds
Time taken for SON: 468.56 seconds
NetCDF files for UBH and pr saved
#executed by process	6 in 1883.24s	with status	0 : python /home/vdemeyer/TRACKING/KATJA/POSTPROCESSING/contribution_ETCs.py 2074 --sim UBH --var pr
Calculating for DJF
First two files saved in 170.13 seconds
Second two files saved in 62.99 seconds
Third two files saved in 99.84 seconds
Fourth two files saved in 20.36 seconds
Fifth two files saved in 105.45 seconds
Time taken for DJF: 458.77 seconds
Calculating for MAM
First two files saved in 172.16 seconds
Second two files saved in 64.88 seconds
Third two files saved in 101.78 seconds
Fourth two files saved in 20.23 seconds
Fifth two files saved in 98.13 seconds
Time taken for MAM: 457.18 seconds
Calculating for JJA
First two files saved in 176.76 seconds
Second two files saved in 69.00 seconds
Third two files saved in 103.64 seconds
Fourth two files saved in 21.69 seconds
Fifth two files saved in 98.43 seconds
Time taken for JJA: 469.52 seconds
Calculating for SON
First two files saved in 220.44 seconds
Second two files saved in 67.07 seconds
Third two files saved in 103.45 seconds
Fourth two files saved in 20.23 seconds
Fifth two files saved in 104.23 seconds
Time taken for SON: 515.42 seconds
NetCDF files for UBH and pr saved
#executed by process	8 in 1916.91s	with status	0 : python /home/vdemeyer/TRACKING/KATJA/POSTPROCESSING/contribution_ETCs.py 2075 --sim UBH --var pr
Calculating for DJF
First two files saved in 270.05 seconds
Second two files saved in 79.74 seconds
Third two files saved in 125.53 seconds
Fourth two files saved in 25.32 seconds
Fifth two files saved in 135.63 seconds
Time taken for DJF: 636.27 seconds
Calculating for MAM
First two files saved in 203.82 seconds
Second two files saved in 93.72 seconds
Third two files saved in 135.27 seconds
Fourth two files saved in 35.24 seconds
Fifth two files saved in 140.35 seconds
Time taken for MAM: 608.39 seconds
Calculating for JJA
First two files saved in 218.66 seconds
Second two files saved in 83.61 seconds
Third two files saved in 121.01 seconds
Fourth two files saved in 35.59 seconds
Fifth two files saved in 153.44 seconds
Time taken for JJA: 612.31 seconds
Calculating for SON
First two files saved in 250.51 seconds
Second two files saved in 81.03 seconds
Third two files saved in 135.45 seconds
Fourth two files saved in 30.68 seconds
Fifth two files saved in 146.52 seconds
Time taken for SON: 644.19 seconds
NetCDF files for UBH and pr saved
#executed by process	13 in 2519.49s	with status	0 : python /home/vdemeyer/TRACKING/KATJA/POSTPROCESSING/contribution_ETCs.py 2068 --sim UBH --var pr
Calculating for DJF
First two files saved in 206.88 seconds
Second two files saved in 76.40 seconds
Third two files saved in 116.70 seconds
Fourth two files saved in 29.39 seconds
Fifth two files saved in 129.54 seconds
Time taken for DJF: 558.91 seconds
Calculating for MAM
First two files saved in 218.01 seconds
Second two files saved in 79.64 seconds
Third two files saved in 135.89 seconds
Fourth two files saved in 25.97 seconds
Fifth two files saved in 138.91 seconds
Time taken for MAM: 598.41 seconds
Calculating for JJA
First two files saved in 226.87 seconds
Second two files saved in 75.75 seconds
Third two files saved in 131.65 seconds
Fourth two files saved in 31.67 seconds
Fifth two files saved in 144.32 seconds
Time taken for JJA: 610.26 seconds
Calculating for SON
First two files saved in 245.14 seconds
Second two files saved in 76.36 seconds
Third two files saved in 139.51 seconds
Fourth two files saved in 31.47 seconds
Fifth two files saved in 143.09 seconds
Time taken for SON: 635.57 seconds
NetCDF files for UBH and pr saved
#executed by process	11 in 2422.13s	with status	0 : python /home/vdemeyer/TRACKING/KATJA/POSTPROCESSING/contribution_ETCs.py 2069 --sim UBH --var pr
Calculating for DJF
First two files saved in 197.33 seconds
Second two files saved in 84.87 seconds
Third two files saved in 119.24 seconds
Fourth two files saved in 32.59 seconds
Fifth two files saved in 151.19 seconds
Time taken for DJF: 585.21 seconds
Calculating for MAM
First two files saved in 209.15 seconds
Second two files saved in 80.92 seconds
Third two files saved in 129.90 seconds
Fourth two files saved in 32.00 seconds
Fifth two files saved in 153.14 seconds
Time taken for MAM: 605.11 seconds
Calculating for JJA
First two files saved in 207.05 seconds
Second two files saved in 90.08 seconds
Third two files saved in 131.13 seconds
Fourth two files saved in 30.31 seconds
Fifth two files saved in 166.33 seconds
Time taken for JJA: 624.88 seconds
Calculating for SON
First two files saved in 212.19 seconds
Second two files saved in 86.03 seconds
Third two files saved in 129.06 seconds
Fourth two files saved in 27.17 seconds
Fifth two files saved in 132.38 seconds
Time taken for SON: 586.84 seconds
NetCDF files for UBH and pr saved
#executed by process	10 in 2419.38s	with status	0 : python /home/vdemeyer/TRACKING/KATJA/POSTPROCESSING/contribution_ETCs.py 2071 --sim UBH --var pr
Calculating for DJF
First two files saved in 210.70 seconds
Second two files saved in 74.35 seconds
Third two files saved in 134.71 seconds
Fourth two files saved in 35.99 seconds
Fifth two files saved in 139.12 seconds
Time taken for DJF: 594.87 seconds
Calculating for MAM
First two files saved in 212.32 seconds
Second two files saved in 80.84 seconds
Third two files saved in 148.62 seconds
Fourth two files saved in 34.71 seconds
Fifth two files saved in 115.26 seconds
Time taken for MAM: 591.75 seconds
Calculating for JJA
First two files saved in 222.13 seconds
Second two files saved in 81.89 seconds
Third two files saved in 166.93 seconds
Fourth two files saved in 27.25 seconds
Fifth two files saved in 123.81 seconds
Time taken for JJA: 622.01 seconds
Calculating for SON
First two files saved in 224.93 seconds
Second two files saved in 82.42 seconds
Third two files saved in 123.88 seconds
Fourth two files saved in 32.36 seconds
Fifth two files saved in 427.22 seconds
Time taken for SON: 890.80 seconds
NetCDF files for UBH and pr saved
#executed by process	12 in 2716.76s	with status	0 : python /home/vdemeyer/TRACKING/KATJA/POSTPROCESSING/contribution_ETCs.py 2073 --sim UBH --var pr
Calculating for DJF
First two files saved in 181.93 seconds
Second two files saved in 67.64 seconds
Third two files saved in 110.87 seconds
Fourth two files saved in 26.17 seconds
Fifth two files saved in 143.75 seconds
Time taken for DJF: 530.36 seconds
Calculating for MAM
First two files saved in 179.30 seconds
Second two files saved in 67.12 seconds
Third two files saved in 113.81 seconds
Fourth two files saved in 26.59 seconds
Fifth two files saved in 112.20 seconds
Time taken for MAM: 499.02 seconds
Calculating for JJA
First two files saved in 178.85 seconds
Second two files saved in 68.02 seconds
Third two files saved in 120.31 seconds
Fourth two files saved in 24.39 seconds
Fifth two files saved in 117.38 seconds
Time taken for JJA: 508.95 seconds
Calculating for SON
First two files saved in 195.92 seconds
Second two files saved in 71.40 seconds
Third two files saved in 604.69 seconds
Fourth two files saved in 27.09 seconds
Fifth two files saved in 134.51 seconds
Time taken for SON: 1033.60 seconds
NetCDF files for UBH and pr saved
#executed by process	3 in 2591.73s	with status	0 : python /home/vdemeyer/TRACKING/KATJA/POSTPROCESSING/contribution_ETCs.py 2077 --sim UBH --var pr
Calculating for DJF
First two files saved in 193.11 seconds
Second two files saved in 69.40 seconds
Third two files saved in 123.62 seconds
Fourth two files saved in 29.51 seconds
Fifth two files saved in 119.52 seconds
Time taken for DJF: 535.16 seconds
Calculating for MAM
First two files saved in 174.07 seconds
Second two files saved in 70.85 seconds
Third two files saved in 114.38 seconds
Fourth two files saved in 23.61 seconds
Fifth two files saved in 112.29 seconds
Time taken for MAM: 495.21 seconds
Calculating for JJA
First two files saved in 180.32 seconds
Second two files saved in 69.99 seconds
Third two files saved in 113.01 seconds
Fourth two files saved in 22.59 seconds
Fifth two files saved in 117.88 seconds
Time taken for JJA: 503.80 seconds
Calculating for SON
First two files saved in 220.01 seconds
Second two files saved in 67.93 seconds
Third two files saved in 562.44 seconds
Fourth two files saved in 28.04 seconds
Fifth two files saved in 130.40 seconds
Time taken for SON: 1008.82 seconds
NetCDF files for UBH and pr saved
#executed by process	5 in 2561.65s	with status	0 : python /home/vdemeyer/TRACKING/KATJA/POSTPROCESSING/contribution_ETCs.py 2079 --sim UBH --var pr
Calculating for DJF
First two files saved in 190.89 seconds
Second two files saved in 67.87 seconds
Third two files saved in 116.38 seconds
Fourth two files saved in 30.41 seconds
Fifth two files saved in 135.91 seconds
Time taken for DJF: 541.47 seconds
Calculating for MAM
First two files saved in 177.77 seconds
Second two files saved in 68.38 seconds
Third two files saved in 115.35 seconds
Fourth two files saved in 27.00 seconds
Fifth two files saved in 112.64 seconds
Time taken for MAM: 501.14 seconds
Calculating for JJA
First two files saved in 180.63 seconds
Second two files saved in 69.94 seconds
Third two files saved in 115.76 seconds
Fourth two files saved in 22.46 seconds
Fifth two files saved in 117.22 seconds
Time taken for JJA: 506.02 seconds
Calculating for SON
First two files saved in 218.47 seconds
Second two files saved in 68.82 seconds
Third two files saved in 594.64 seconds
Fourth two files saved in 29.54 seconds
Fifth two files saved in 118.90 seconds
Time taken for SON: 1030.37 seconds
NetCDF files for UBH and pr saved
#executed by process	4 in 2597.72s	with status	0 : python /home/vdemeyer/TRACKING/KATJA/POSTPROCESSING/contribution_ETCs.py 2078 --sim UBH --var pr
Calculating for DJF
First two files saved in 177.18 seconds
Second two files saved in 79.98 seconds
Third two files saved in 101.82 seconds
Fourth two files saved in 21.28 seconds
Fifth two files saved in 138.39 seconds
Time taken for DJF: 518.65 seconds
Calculating for MAM
First two files saved in 159.39 seconds
Second two files saved in 66.44 seconds
Third two files saved in 103.83 seconds
Fourth two files saved in 20.53 seconds
Fifth two files saved in 96.42 seconds
Time taken for MAM: 446.60 seconds
Calculating for JJA
First two files saved in 165.37 seconds
Second two files saved in 63.88 seconds
Third two files saved in 524.14 seconds
Fourth two files saved in 26.01 seconds
Fifth two files saved in 143.48 seconds
Time taken for JJA: 922.87 seconds
Calculating for SON
First two files saved in 166.24 seconds
Second two files saved in 67.74 seconds
Third two files saved in 107.91 seconds
Fourth two files saved in 22.65 seconds
Fifth two files saved in 100.69 seconds
Time taken for SON: 465.23 seconds
NetCDF files for UBH and pr saved
#executed by process	9 in 2369.27s	with status	0 : python /home/vdemeyer/TRACKING/KATJA/POSTPROCESSING/contribution_ETCs.py 2080 --sim UBH --var pr
Calculating for DJF
First two files saved in 185.87 seconds
Second two files saved in 60.64 seconds
Third two files saved in 94.15 seconds
Fourth two files saved in 16.75 seconds
Fifth two files saved in 108.36 seconds
Time taken for DJF: 465.78 seconds
Calculating for MAM
First two files saved in 158.89 seconds
Second two files saved in 58.50 seconds
Third two files saved in 124.13 seconds
Fourth two files saved in 16.73 seconds
Fifth two files saved in 258.29 seconds
Time taken for MAM: 616.55 seconds
Calculating for JJA
First two files saved in 193.46 seconds
Second two files saved in 58.39 seconds
Third two files saved in 83.07 seconds
Fourth two files saved in 17.69 seconds
Fifth two files saved in 87.88 seconds
Time taken for JJA: 440.49 seconds
Calculating for SON
First two files saved in 186.43 seconds
Second two files saved in 64.44 seconds
Third two files saved in 85.07 seconds
Fourth two files saved in 17.52 seconds
Fifth two files saved in 94.04 seconds
Time taken for SON: 447.50 seconds
NetCDF files for UBH and pr saved
#executed by process	1 in 1988.45s	with status	0 : python /home/vdemeyer/TRACKING/KATJA/POSTPROCESSING/contribution_ETCs.py 2084 --sim UBH --var pr
Calculating for DJF
First two files saved in 228.01 seconds
Second two files saved in 63.32 seconds
Third two files saved in 94.42 seconds
Fourth two files saved in 17.36 seconds
Fifth two files saved in 94.15 seconds
Time taken for DJF: 497.26 seconds
Calculating for MAM
First two files saved in 187.68 seconds
Second two files saved in 58.93 seconds
Third two files saved in 79.91 seconds
Fourth two files saved in 17.67 seconds
Fifth two files saved in 393.41 seconds
Time taken for MAM: 737.60 seconds
Calculating for JJA
First two files saved in 174.14 seconds
Second two files saved in 59.38 seconds
Third two files saved in 85.48 seconds
Fourth two files saved in 18.06 seconds
Fifth two files saved in 96.61 seconds
Time taken for JJA: 433.67 seconds
Calculating for SON
First two files saved in 182.31 seconds
Second two files saved in 65.37 seconds
Third two files saved in 85.37 seconds
Fourth two files saved in 17.92 seconds
Fifth two files saved in 95.19 seconds
Time taken for SON: 446.15 seconds
NetCDF files for UBH and pr saved
#executed by process	7 in 2133.02s	with status	0 : python /home/vdemeyer/TRACKING/KATJA/POSTPROCESSING/contribution_ETCs.py 2082 --sim UBH --var pr
Calculating for DJF
First two files saved in 208.13 seconds
Second two files saved in 64.17 seconds
Third two files saved in 93.37 seconds
Fourth two files saved in 22.78 seconds
Fifth two files saved in 110.79 seconds
Time taken for DJF: 499.24 seconds
Calculating for MAM
First two files saved in 162.26 seconds
Second two files saved in 60.34 seconds
Third two files saved in 356.64 seconds
Fourth two files saved in 19.30 seconds
Fifth two files saved in 99.59 seconds
Time taken for MAM: 698.13 seconds
Calculating for JJA
First two files saved in 166.34 seconds
Second two files saved in 62.63 seconds
Third two files saved in 97.69 seconds
Fourth two files saved in 19.81 seconds
Fifth two files saved in 101.52 seconds
Time taken for JJA: 447.99 seconds
Calculating for SON
First two files saved in 181.93 seconds
Second two files saved in 65.58 seconds
Third two files saved in 93.81 seconds
Fourth two files saved in 19.24 seconds
Fifth two files saved in 88.97 seconds
Time taken for SON: 449.53 seconds
NetCDF files for UBH and pr saved
#executed by process	2 in 2113.13s	with status	0 : python /home/vdemeyer/TRACKING/KATJA/POSTPROCESSING/contribution_ETCs.py 2085 --sim UBH --var pr
Calculating for DJF
First two files saved in 195.87 seconds
Second two files saved in 62.75 seconds
Third two files saved in 108.06 seconds
Fourth two files saved in 18.90 seconds
Fifth two files saved in 87.04 seconds
Time taken for DJF: 472.63 seconds
Calculating for MAM
First two files saved in 326.35 seconds
Second two files saved in 57.82 seconds
Third two files saved in 121.74 seconds
Fourth two files saved in 21.43 seconds
Fifth two files saved in 107.07 seconds
Time taken for MAM: 634.41 seconds
Calculating for JJA
First two files saved in 163.43 seconds
Second two files saved in 61.08 seconds
Third two files saved in 99.40 seconds
Fourth two files saved in 20.03 seconds
Fifth two files saved in 114.34 seconds
Time taken for JJA: 458.28 seconds
Calculating for SON
First two files saved in 190.22 seconds
Second two files saved in 63.56 seconds
Third two files saved in 95.00 seconds
Fourth two files saved in 19.41 seconds
Fifth two files saved in 93.25 seconds
Time taken for SON: 461.43 seconds
NetCDF files for UBH and pr saved
#executed by process	6 in 2044.47s	with status	0 : python /home/vdemeyer/TRACKING/KATJA/POSTPROCESSING/contribution_ETCs.py 2086 --sim UBH --var pr
Calculating for DJF
First two files saved in 199.81 seconds
Second two files saved in 77.66 seconds
Third two files saved in 121.90 seconds
Fourth two files saved in 24.65 seconds
Fifth two files saved in 117.58 seconds
Time taken for DJF: 541.61 seconds
Calculating for MAM
First two files saved in 162.20 seconds
Second two files saved in 58.80 seconds
Third two files saved in 516.65 seconds
Fourth two files saved in 30.00 seconds
Fifth two files saved in 124.74 seconds
Time taken for MAM: 892.39 seconds
Calculating for JJA
First two files saved in 187.36 seconds
Second two files saved in 76.92 seconds
Third two files saved in 132.02 seconds
Fourth two files saved in 27.46 seconds
Fifth two files saved in 128.89 seconds
Time taken for JJA: 552.64 seconds
Calculating for SON
First two files saved in 193.41 seconds
Second two files saved in 128.99 seconds
Third two files saved in 121.66 seconds
Fourth two files saved in 28.56 seconds
Fifth two files saved in 141.59 seconds
Time taken for SON: 614.21 seconds
NetCDF files for UBH and pr saved
#executed by process	14 in 2618.38s	with status	0 : python /home/vdemeyer/TRACKING/KATJA/POSTPROCESSING/contribution_ETCs.py 2083 --sim UBH --var pr
Calculating for DJF
First two files saved in 245.80 seconds
Second two files saved in 69.74 seconds
Third two files saved in 121.45 seconds
Fourth two files saved in 27.39 seconds
Fifth two files saved in 128.33 seconds
Time taken for DJF: 592.71 seconds
Calculating for MAM
First two files saved in 193.28 seconds
Second two files saved in 72.52 seconds
Third two files saved in 677.92 seconds
Fourth two files saved in 31.94 seconds
Fifth two files saved in 126.07 seconds
Time taken for MAM: 1101.73 seconds
Calculating for JJA
First two files saved in 185.41 seconds
Second two files saved in 77.59 seconds
Third two files saved in 131.50 seconds
Fourth two files saved in 26.26 seconds
Fifth two files saved in 135.83 seconds
Time taken for JJA: 556.59 seconds
Calculating for SON
First two files saved in 192.77 seconds
Second two files saved in 128.36 seconds
Third two files saved in 125.20 seconds
Fourth two files saved in 28.34 seconds
Fifth two files saved in 142.34 seconds
Time taken for SON: 617.00 seconds
NetCDF files for UBH and pr saved
#executed by process	15 in 2885.16s	with status	0 : python /home/vdemeyer/TRACKING/KATJA/POSTPROCESSING/contribution_ETCs.py 2081 --sim UBH --var pr
Calculating for DJF
First two files saved in 177.86 seconds
Second two files saved in 69.62 seconds
Third two files saved in 96.07 seconds
Fourth two files saved in 18.38 seconds
Fifth two files saved in 625.80 seconds
Time taken for DJF: 987.71 seconds
Calculating for MAM
First two files saved in 169.04 seconds
Second two files saved in 62.13 seconds
Third two files saved in 100.67 seconds
Fourth two files saved in 22.95 seconds
Fifth two files saved in 101.46 seconds
Time taken for MAM: 456.25 seconds
Calculating for JJA
First two files saved in 165.59 seconds
Second two files saved in 61.47 seconds
Third two files saved in 100.54 seconds
Fourth two files saved in 19.98 seconds
Fifth two files saved in 105.72 seconds
Time taken for JJA: 453.30 seconds
Calculating for SON
First two files saved in 217.81 seconds
Second two files saved in 63.72 seconds
Third two files saved in 97.16 seconds
Fourth two files saved in 20.76 seconds
Fifth two files saved in 108.49 seconds
Time taken for SON: 507.93 seconds
NetCDF files for UBH and pr saved
#executed by process	8 in 2421.02s	with status	0 : python /home/vdemeyer/TRACKING/KATJA/POSTPROCESSING/contribution_ETCs.py 2087 --sim UBH --var pr
Calculating for DJF
First two files saved in 206.93 seconds
Second two files saved in 60.64 seconds
Third two files saved in 577.61 seconds
Fourth two files saved in 31.96 seconds
Fifth two files saved in 142.92 seconds
Time taken for DJF: 1020.06 seconds
Calculating for MAM
First two files saved in 203.91 seconds
Second two files saved in 82.77 seconds
Third two files saved in 142.68 seconds
Fourth two files saved in 31.47 seconds
Fifth two files saved in 137.94 seconds
Time taken for MAM: 598.77 seconds
Calculating for JJA
First two files saved in 243.21 seconds
Second two files saved in 95.20 seconds
Third two files saved in 130.72 seconds
Fourth two files saved in 28.33 seconds
Fifth two files saved in 148.15 seconds
Time taken for JJA: 645.61 seconds
Calculating for SON
First two files saved in 218.96 seconds
Second two files saved in 140.96 seconds
Third two files saved in 161.65 seconds
Fourth two files saved in 41.34 seconds
Fifth two files saved in 192.90 seconds
Time taken for SON: 755.80 seconds
NetCDF files for UBH and pr saved
#executed by process	11 in 3037.67s	with status	0 : python /home/vdemeyer/TRACKING/KATJA/POSTPROCESSING/contribution_ETCs.py 2089 --sim UBH --var pr
Calculating for DJF
First two files saved in 193.78 seconds
Second two files saved in 68.20 seconds
Third two files saved in 124.32 seconds
Fourth two files saved in 22.96 seconds
Fifth two files saved in 125.70 seconds
Time taken for DJF: 534.97 seconds
Calculating for MAM
First two files saved in 184.14 seconds
Second two files saved in 69.53 seconds
Third two files saved in 99.48 seconds
Fourth two files saved in 21.70 seconds
Fifth two files saved in 113.10 seconds
Time taken for MAM: 487.95 seconds
Calculating for JJA
First two files saved in 199.36 seconds
Second two files saved in 70.80 seconds
Third two files saved in 111.42 seconds
Fourth two files saved in 23.01 seconds
Fifth two files saved in 115.24 seconds
Time taken for JJA: 519.83 seconds
Calculating for SON
First two files saved in 185.63 seconds
Second two files saved in 72.96 seconds
Third two files saved in 104.55 seconds
Fourth two files saved in 23.72 seconds
Fifth two files saved in 127.42 seconds
Time taken for SON: 514.29 seconds
NetCDF files for UBH and pr saved
#executed by process	5 in 2076.16s	with status	0 : python /home/vdemeyer/TRACKING/KATJA/POSTPROCESSING/contribution_ETCs.py 2093 --sim UBH --var pr
Calculating for DJF
First two files saved in 192.00 seconds
Second two files saved in 70.08 seconds
Third two files saved in 124.48 seconds
Fourth two files saved in 23.47 seconds
Fifth two files saved in 127.24 seconds
Time taken for DJF: 537.27 seconds
Calculating for MAM
First two files saved in 205.86 seconds
Second two files saved in 68.76 seconds
Third two files saved in 99.69 seconds
Fourth two files saved in 23.47 seconds
Fifth two files saved in 117.34 seconds
Time taken for MAM: 515.13 seconds
Calculating for JJA
First two files saved in 196.82 seconds
Second two files saved in 71.68 seconds
Third two files saved in 109.94 seconds
Fourth two files saved in 24.47 seconds
Fifth two files saved in 123.50 seconds
Time taken for JJA: 526.41 seconds
Calculating for SON
First two files saved in 177.36 seconds
Second two files saved in 71.65 seconds
Third two files saved in 104.61 seconds
Fourth two files saved in 26.55 seconds
Fifth two files saved in 119.78 seconds
Time taken for SON: 499.95 seconds
NetCDF files for UBH and pr saved
#executed by process	3 in 2098.86s	with status	0 : python /home/vdemeyer/TRACKING/KATJA/POSTPROCESSING/contribution_ETCs.py 2092 --sim UBH --var pr
Calculating for DJF
First two files saved in 207.96 seconds
Second two files saved in 68.29 seconds
Third two files saved in 624.56 seconds
Fourth two files saved in 36.27 seconds
Fifth two files saved in 138.45 seconds
Time taken for DJF: 1075.53 seconds
Calculating for MAM
First two files saved in 207.51 seconds
Second two files saved in 86.54 seconds
Third two files saved in 139.52 seconds
Fourth two files saved in 29.23 seconds
Fifth two files saved in 132.31 seconds
Time taken for MAM: 595.11 seconds
Calculating for JJA
First two files saved in 252.64 seconds
Second two files saved in 87.57 seconds
Third two files saved in 132.57 seconds
Fourth two files saved in 26.86 seconds
Fifth two files saved in 147.25 seconds
Time taken for JJA: 646.91 seconds
Calculating for SON
First two files saved in 225.71 seconds
Second two files saved in 154.89 seconds
Third two files saved in 167.79 seconds
Fourth two files saved in 38.64 seconds
Fifth two files saved in 190.61 seconds
Time taken for SON: 777.64 seconds
NetCDF files for UBH and pr saved
#executed by process	13 in 3112.81s	with status	0 : python /home/vdemeyer/TRACKING/KATJA/POSTPROCESSING/contribution_ETCs.py 2088 --sim UBH --var pr
Calculating for DJF
First two files saved in 207.12 seconds
Second two files saved in 72.94 seconds
Third two files saved in 120.32 seconds
Fourth two files saved in 25.61 seconds
Fifth two files saved in 121.58 seconds
Time taken for DJF: 547.57 seconds
Calculating for MAM
First two files saved in 210.57 seconds
Second two files saved in 72.03 seconds
Third two files saved in 95.26 seconds
Fourth two files saved in 23.54 seconds
Fifth two files saved in 105.21 seconds
Time taken for MAM: 506.61 seconds
Calculating for JJA
First two files saved in 207.82 seconds
Second two files saved in 74.04 seconds
Third two files saved in 104.89 seconds
Fourth two files saved in 25.30 seconds
Fifth two files saved in 111.72 seconds
Time taken for JJA: 523.77 seconds
Calculating for SON
First two files saved in 188.54 seconds
Second two files saved in 70.64 seconds
Third two files saved in 109.16 seconds
Fourth two files saved in 29.57 seconds
Fifth two files saved in 105.39 seconds
Time taken for SON: 503.29 seconds
NetCDF files for UBH and pr saved
#executed by process	4 in 2099.26s	with status	0 : python /home/vdemeyer/TRACKING/KATJA/POSTPROCESSING/contribution_ETCs.py 2094 --sim UBH --var pr
Calculating for DJF
First two files saved in 186.94 seconds
Second two files saved in 61.22 seconds
Third two files saved in 95.16 seconds
Fourth two files saved in 17.38 seconds
Fifth two files saved in 100.98 seconds
Time taken for DJF: 461.67 seconds
Calculating for MAM
First two files saved in 187.80 seconds
Second two files saved in 58.70 seconds
Third two files saved in 87.21 seconds
Fourth two files saved in 18.46 seconds
Fifth two files saved in 77.60 seconds
Time taken for MAM: 429.78 seconds
Calculating for JJA
First two files saved in 163.04 seconds
Second two files saved in 58.53 seconds
Third two files saved in 88.51 seconds
Fourth two files saved in 17.13 seconds
Fifth two files saved in 98.40 seconds
Time taken for JJA: 425.60 seconds
Calculating for SON
First two files saved in 163.40 seconds
Second two files saved in 65.32 seconds
Third two files saved in 87.89 seconds
Fourth two files saved in 17.88 seconds
Fifth two files saved in 97.96 seconds
Time taken for SON: 432.45 seconds
NetCDF files for UBH and pr saved
#executed by process	1 in 1767.47s	with status	0 : python /home/vdemeyer/TRACKING/KATJA/POSTPROCESSING/contribution_ETCs.py 2096 --sim UBH --var pr
Calculating for DJF
First two files saved in 187.15 seconds
Second two files saved in 62.47 seconds
Third two files saved in 99.56 seconds
Fourth two files saved in 17.75 seconds
Fifth two files saved in 103.05 seconds
Time taken for DJF: 469.98 seconds
Calculating for MAM
First two files saved in 178.06 seconds
Second two files saved in 60.95 seconds
Third two files saved in 92.61 seconds
Fourth two files saved in 18.26 seconds
Fifth two files saved in 81.50 seconds
Time taken for MAM: 431.38 seconds
Calculating for JJA
First two files saved in 161.60 seconds
Second two files saved in 60.88 seconds
Third two files saved in 90.20 seconds
Fourth two files saved in 20.62 seconds
Fifth two files saved in 97.35 seconds
Time taken for JJA: 430.65 seconds
Calculating for SON
First two files saved in 167.71 seconds
Second two files saved in 67.18 seconds
Third two files saved in 87.93 seconds
Fourth two files saved in 22.32 seconds
Fifth two files saved in 110.03 seconds
Time taken for SON: 455.16 seconds
NetCDF files for UBH and pr saved
#executed by process	7 in 1804.94s	with status	0 : python /home/vdemeyer/TRACKING/KATJA/POSTPROCESSING/contribution_ETCs.py 2097 --sim UBH --var pr
Calculating for DJF
First two files saved in 278.85 seconds
Second two files saved in 72.08 seconds
Third two files saved in 123.47 seconds
Fourth two files saved in 33.85 seconds
Fifth two files saved in 157.64 seconds
Time taken for DJF: 665.88 seconds
Calculating for MAM
First two files saved in 210.79 seconds
Second two files saved in 77.91 seconds
Third two files saved in 134.06 seconds
Fourth two files saved in 66.31 seconds
Fifth two files saved in 123.20 seconds
Time taken for MAM: 612.27 seconds
Calculating for JJA
First two files saved in 218.30 seconds
Second two files saved in 81.01 seconds
Third two files saved in 141.65 seconds
Fourth two files saved in 35.06 seconds
Fifth two files saved in 212.54 seconds
Time taken for JJA: 688.56 seconds
Calculating for SON
First two files saved in 247.47 seconds
Second two files saved in 131.15 seconds
Third two files saved in 166.72 seconds
Fourth two files saved in 45.65 seconds
Fifth two files saved in 244.41 seconds
Time taken for SON: 835.41 seconds
NetCDF files for UBH and pr saved
#executed by process	10 in 3334.88s	with status	0 : python /home/vdemeyer/TRACKING/KATJA/POSTPROCESSING/contribution_ETCs.py 2090 --sim UBH --var pr
Calculating for DJF
First two files saved in 286.44 seconds
Second two files saved in 69.33 seconds
Third two files saved in 131.43 seconds
Fourth two files saved in 33.06 seconds
Fifth two files saved in 154.96 seconds
Time taken for DJF: 675.21 seconds
Calculating for MAM
First two files saved in 216.40 seconds
Second two files saved in 73.95 seconds
Third two files saved in 169.67 seconds
Fourth two files saved in 27.92 seconds
Fifth two files saved in 122.95 seconds
Time taken for MAM: 610.89 seconds
Calculating for JJA
First two files saved in 219.34 seconds
Second two files saved in 80.23 seconds
Third two files saved in 147.12 seconds
Fourth two files saved in 34.62 seconds
Fifth two files saved in 196.24 seconds
Time taken for JJA: 677.55 seconds
Calculating for SON
First two files saved in 256.29 seconds
Second two files saved in 134.64 seconds
Third two files saved in 187.65 seconds
Fourth two files saved in 40.94 seconds
Fifth two files saved in 242.46 seconds
Time taken for SON: 861.97 seconds
NetCDF files for UBH and pr saved
#executed by process	12 in 2956.15s	with status	0 : python /home/vdemeyer/TRACKING/KATJA/POSTPROCESSING/contribution_ETCs.py 2091 --sim UBH --var pr
Calculating for DJF
First two files saved in 170.85 seconds
Second two files saved in 67.78 seconds
Third two files saved in 106.57 seconds
Fourth two files saved in 18.50 seconds
Fifth two files saved in 134.45 seconds
Time taken for DJF: 498.16 seconds
Calculating for MAM
First two files saved in 160.64 seconds
Second two files saved in 65.07 seconds
Third two files saved in 106.18 seconds
Fourth two files saved in 21.37 seconds
Fifth two files saved in 95.12 seconds
Time taken for MAM: 448.38 seconds
Calculating for JJA
First two files saved in 174.61 seconds
Second two files saved in 128.70 seconds
Third two files saved in 121.16 seconds
Fourth two files saved in 27.14 seconds
Fifth two files saved in 131.75 seconds
Time taken for JJA: 583.36 seconds
Calculating for SON
First two files saved in 217.81 seconds
Second two files saved in 71.34 seconds
Third two files saved in 125.25 seconds
Fourth two files saved in 26.68 seconds
Fifth two files saved in 174.06 seconds
Time taken for SON: 615.15 seconds
NetCDF files for UBH and pr saved
#executed by process	9 in 2161.51s	with status	0 : python /home/vdemeyer/TRACKING/KATJA/POSTPROCESSING/contribution_ETCs.py 2095 --sim UBH --var pr
Calculating for DJF
First two files saved in 203.43 seconds
Second two files saved in 64.33 seconds
Third two files saved in 99.90 seconds
Fourth two files saved in 18.86 seconds
Fifth two files saved in 111.48 seconds
Time taken for DJF: 498.01 seconds
Calculating for MAM
First two files saved in 199.00 seconds
Second two files saved in 60.53 seconds
Third two files saved in 84.46 seconds
Fourth two files saved in 19.38 seconds
Fifth two files saved in 80.93 seconds
Time taken for MAM: 444.30 seconds
Calculating for JJA
First two files saved in 197.61 seconds
Second two files saved in 64.03 seconds
Third two files saved in 90.44 seconds
Fourth two files saved in 20.60 seconds
Fifth two files saved in 111.68 seconds
Time taken for JJA: 484.36 seconds
Calculating for SON
First two files saved in 208.40 seconds
Second two files saved in 64.73 seconds
Third two files saved in 94.61 seconds
Fourth two files saved in 21.33 seconds
Fifth two files saved in 122.84 seconds
Time taken for SON: 511.91 seconds
NetCDF files for UBH and pr saved
#executed by process	6 in 1955.9s	with status	0 : python /home/vdemeyer/TRACKING/KATJA/POSTPROCESSING/contribution_ETCs.py 2099 --sim UBH --var pr
Calculating for DJF
First two files saved in 222.94 seconds
Second two files saved in 66.08 seconds
Third two files saved in 97.59 seconds
Fourth two files saved in 18.72 seconds
Fifth two files saved in 108.37 seconds
Time taken for DJF: 513.70 seconds
Calculating for MAM
First two files saved in 201.09 seconds
Second two files saved in 62.27 seconds
Third two files saved in 86.85 seconds
Fourth two files saved in 18.27 seconds
Fifth two files saved in 82.99 seconds
Time taken for MAM: 451.47 seconds
Calculating for JJA
First two files saved in 210.13 seconds
Second two files saved in 61.92 seconds
Third two files saved in 90.45 seconds
Fourth two files saved in 18.32 seconds
Fifth two files saved in 99.50 seconds
Time taken for JJA: 480.33 seconds
Calculating for SON
First two files saved in 220.46 seconds
Second two files saved in 64.94 seconds
Third two files saved in 93.34 seconds
Fourth two files saved in 19.40 seconds
Fifth two files saved in 113.02 seconds
Time taken for SON: 511.17 seconds
NetCDF files for UBH and pr saved
#executed by process	2 in 1974.7s	with status	0 : python /home/vdemeyer/TRACKING/KATJA/POSTPROCESSING/contribution_ETCs.py 2098 --sim UBH --var pr
Calculating for DJF
First two files saved in 107.07 seconds
Second two files saved in 15.34 seconds
Third two files saved in 108.54 seconds
Fourth two files saved in 25.72 seconds
Fifth two files saved in 150.21 seconds
Time taken for DJF: 406.88 seconds
Calculating for MAM
First two files saved in 124.51 seconds
Second two files saved in 23.56 seconds
Third two files saved in 125.44 seconds
Fourth two files saved in 24.92 seconds
Fifth two files saved in 138.30 seconds
Time taken for MAM: 436.72 seconds
Calculating for JJA
First two files saved in 122.14 seconds
Second two files saved in 22.35 seconds
Third two files saved in 124.42 seconds
Fourth two files saved in 27.81 seconds
Fifth two files saved in 156.05 seconds
Time taken for JJA: 452.78 seconds
Calculating for SON
First two files saved in 126.20 seconds
Second two files saved in 21.66 seconds
Third two files saved in 128.96 seconds
Fourth two files saved in 26.10 seconds
Fifth two files saved in 136.72 seconds
Time taken for SON: 439.64 seconds
NetCDF files for UBH and ws saved
#executed by process	8 in 1751.71s	with status	0 : python /home/vdemeyer/TRACKING/KATJA/POSTPROCESSING/contribution_ETCs.py 2066 --sim UBH --var ws
Calculating for DJF
First two files saved in 126.60 seconds
Second two files saved in 22.99 seconds
Third two files saved in 130.99 seconds
Fourth two files saved in 32.13 seconds
Fifth two files saved in 188.70 seconds
Time taken for DJF: 501.40 seconds
Calculating for MAM
First two files saved in 157.75 seconds
Second two files saved in 28.46 seconds
Third two files saved in 163.48 seconds
Fourth two files saved in 35.26 seconds
Fifth two files saved in 155.72 seconds
Time taken for MAM: 540.67 seconds
Calculating for JJA
First two files saved in 164.92 seconds
Second two files saved in 31.70 seconds
Third two files saved in 164.03 seconds
Fourth two files saved in 33.07 seconds
Fifth two files saved in 152.09 seconds
Time taken for JJA: 545.81 seconds
Calculating for SON
First two files saved in 157.86 seconds
Second two files saved in 35.53 seconds
Third two files saved in 153.90 seconds
Fourth two files saved in 38.82 seconds
Fifth two files saved in 188.75 seconds
Time taken for SON: 574.87 seconds
NetCDF files for UBH and ws saved
#executed by process	15 in 2178.78s	with status	0 : python /home/vdemeyer/TRACKING/KATJA/POSTPROCESSING/contribution_ETCs.py 2065 --sim UBH --var ws
Calculating for DJF
First two files saved in 93.43 seconds
Second two files saved in 13.26 seconds
Third two files saved in 86.52 seconds
Fourth two files saved in 16.95 seconds
Fifth two files saved in 112.79 seconds
Time taken for DJF: 322.95 seconds
Calculating for MAM
First two files saved in 112.68 seconds
Second two files saved in 15.04 seconds
Third two files saved in 87.19 seconds
Fourth two files saved in 20.29 seconds
Fifth two files saved in 92.41 seconds
Time taken for MAM: 327.61 seconds
Calculating for JJA
First two files saved in 100.73 seconds
Second two files saved in 13.87 seconds
Third two files saved in 97.68 seconds
Fourth two files saved in 17.59 seconds
Fifth two files saved in 76.72 seconds
Time taken for JJA: 306.60 seconds
Calculating for SON
First two files saved in 98.60 seconds
Second two files saved in 15.87 seconds
Third two files saved in 83.81 seconds
Fourth two files saved in 17.47 seconds
Fifth two files saved in 93.00 seconds
Time taken for SON: 308.75 seconds
NetCDF files for UBH and ws saved
#executed by process	1 in 1283.34s	with status	0 : python /home/vdemeyer/TRACKING/KATJA/POSTPROCESSING/contribution_ETCs.py 2072 --sim UBH --var ws
Calculating for DJF
First two files saved in 121.87 seconds
Second two files saved in 22.80 seconds
Third two files saved in 121.01 seconds
Fourth two files saved in 23.79 seconds
Fifth two files saved in 144.33 seconds
Time taken for DJF: 433.80 seconds
Calculating for MAM
First two files saved in 104.79 seconds
Second two files saved in 23.38 seconds
Third two files saved in 120.78 seconds
Fourth two files saved in 31.81 seconds
Fifth two files saved in 138.90 seconds
Time taken for MAM: 419.66 seconds
Calculating for JJA
First two files saved in 114.76 seconds
Second two files saved in 22.99 seconds
Third two files saved in 137.57 seconds
Fourth two files saved in 25.09 seconds
Fifth two files saved in 130.22 seconds
Time taken for JJA: 430.63 seconds
Calculating for SON
First two files saved in 129.04 seconds
Second two files saved in 24.52 seconds
Third two files saved in 119.30 seconds
Fourth two files saved in 28.23 seconds
Fifth two files saved in 151.37 seconds
Time taken for SON: 452.45 seconds
NetCDF files for UBH and ws saved
Calculating for DJF
First two files saved in 118.46 seconds
Second two files saved in 18.45 seconds
Third two files saved in 114.57 seconds
Fourth two files saved in 23.24 seconds
Fifth two files saved in 142.97 seconds
Time taken for DJF: 417.69 seconds
Calculating for MAM
First two files saved in 113.29 seconds
Second two files saved in 21.48 seconds
Third two files saved in 126.71 seconds
Fourth two files saved in 25.88 seconds
Fifth two files saved in 137.35 seconds
Time taken for MAM: 424.71 seconds
Calculating for JJA
First two files saved in 116.39 seconds
Second two files saved in 23.04 seconds
Third two files saved in 133.62 seconds
Fourth two files saved in 24.91 seconds
Fifth two files saved in 134.50 seconds
Time taken for JJA: 432.46 seconds
Calculating for SON
First two files saved in 124.24 seconds
Second two files saved in 25.18 seconds
Third two files saved in 113.51 seconds
Fourth two files saved in 28.66 seconds
Fifth two files saved in 151.54 seconds
Time taken for SON: 443.13 seconds
NetCDF files for UBH and ws saved
#executed by process	3 in 1754.85s	with status	0 : python /home/vdemeyer/TRACKING/KATJA/POSTPROCESSING/contribution_ETCs.py 2069 --sim UBH --var ws
#executed by process	4 in 1737.01s	with status	0 : python /home/vdemeyer/TRACKING/KATJA/POSTPROCESSING/contribution_ETCs.py 2071 --sim UBH --var ws
Calculating for DJF
First two files saved in 116.07 seconds
Second two files saved in 24.73 seconds
Third two files saved in 131.10 seconds
Fourth two files saved in 25.85 seconds
Fifth two files saved in 146.91 seconds
Time taken for DJF: 444.66 seconds
Calculating for MAM
First two files saved in 112.73 seconds
Second two files saved in 23.78 seconds
Third two files saved in 122.43 seconds
Fourth two files saved in 30.73 seconds
Fifth two files saved in 140.88 seconds
Time taken for MAM: 430.55 seconds
Calculating for JJA
First two files saved in 117.47 seconds
Second two files saved in 23.18 seconds
Third two files saved in 133.19 seconds
Fourth two files saved in 26.26 seconds
Fifth two files saved in 137.26 seconds
Time taken for JJA: 437.36 seconds
Calculating for SON
First two files saved in 125.61 seconds
Second two files saved in 25.56 seconds
Third two files saved in 113.17 seconds
Fourth two files saved in 29.32 seconds
Fifth two files saved in 151.00 seconds
Time taken for SON: 444.65 seconds
NetCDF files for UBH and ws saved
#executed by process	5 in 1777.17s	with status	0 : python /home/vdemeyer/TRACKING/KATJA/POSTPROCESSING/contribution_ETCs.py 2068 --sim UBH --var ws
Calculating for DJF
First two files saved in 91.52 seconds
Second two files saved in 14.50 seconds
Third two files saved in 90.83 seconds
Fourth two files saved in 20.53 seconds
Fifth two files saved in 124.76 seconds
Time taken for DJF: 342.15 seconds
Calculating for MAM
First two files saved in 97.47 seconds
Second two files saved in 16.19 seconds
Third two files saved in 87.29 seconds
Fourth two files saved in 19.76 seconds
Fifth two files saved in 114.82 seconds
Time taken for MAM: 335.54 seconds
Calculating for JJA
First two files saved in 96.76 seconds
Second two files saved in 15.05 seconds
Third two files saved in 93.69 seconds
Fourth two files saved in 18.41 seconds
Fifth two files saved in 100.24 seconds
Time taken for JJA: 324.15 seconds
Calculating for SON
First two files saved in 94.98 seconds
Second two files saved in 15.37 seconds
Third two files saved in 101.47 seconds
Fourth two files saved in 18.67 seconds
Fifth two files saved in 95.28 seconds
Time taken for SON: 325.77 seconds
NetCDF files for UBH and ws saved
#executed by process	7 in 1346.35s	with status	0 : python /home/vdemeyer/TRACKING/KATJA/POSTPROCESSING/contribution_ETCs.py 2073 --sim UBH --var ws
Calculating for DJF
First two files saved in 197.94 seconds
Second two files saved in 80.50 seconds
Third two files saved in 175.46 seconds
Fourth two files saved in 34.65 seconds
Fifth two files saved in 153.06 seconds
Time taken for DJF: 641.61 seconds
Calculating for MAM
First two files saved in 245.84 seconds
Second two files saved in 87.71 seconds
Third two files saved in 150.27 seconds
Fourth two files saved in 33.23 seconds
Fifth two files saved in 184.21 seconds
Time taken for MAM: 701.26 seconds
Calculating for JJA
First two files saved in 223.95 seconds
Second two files saved in 80.64 seconds
Third two files saved in 159.61 seconds
Fourth two files saved in 28.49 seconds
Fifth two files saved in 172.73 seconds
Time taken for JJA: 665.42 seconds
Calculating for SON
First two files saved in 258.70 seconds
Second two files saved in 81.11 seconds
Third two files saved in 146.93 seconds
Fourth two files saved in 34.67 seconds
Fifth two files saved in 174.64 seconds
Time taken for SON: 696.05 seconds
NetCDF files for UBH and pr saved
#executed by process	14 in 2722.11s	with status	0 : python /home/vdemeyer/TRACKING/KATJA/POSTPROCESSING/contribution_ETCs.py 2100 --sim UBH --var pr
Calculating for DJF
First two files saved in 109.93 seconds
Second two files saved in 14.82 seconds
Third two files saved in 94.08 seconds
Fourth two files saved in 19.09 seconds
Fifth two files saved in 127.50 seconds
Time taken for DJF: 365.42 seconds
Calculating for MAM
First two files saved in 98.46 seconds
Second two files saved in 15.50 seconds
Third two files saved in 93.92 seconds
Fourth two files saved in 18.96 seconds
Fifth two files saved in 101.05 seconds
Time taken for MAM: 327.89 seconds
Calculating for JJA
First two files saved in 104.31 seconds
Second two files saved in 15.90 seconds
Third two files saved in 105.76 seconds
Fourth two files saved in 22.24 seconds
Fifth two files saved in 92.56 seconds
Time taken for JJA: 340.77 seconds
Calculating for SON
First two files saved in 107.33 seconds
Second two files saved in 15.46 seconds
Third two files saved in 95.32 seconds
Fourth two files saved in 19.25 seconds
Fifth two files saved in 121.24 seconds
Time taken for SON: 358.60 seconds
NetCDF files for UBH and ws saved
#executed by process	2 in 1409.98s	with status	0 : python /home/vdemeyer/TRACKING/KATJA/POSTPROCESSING/contribution_ETCs.py 2078 --sim UBH --var ws
Calculating for DJF
First two files saved in 116.64 seconds
Second two files saved in 15.67 seconds
Third two files saved in 96.31 seconds
Fourth two files saved in 21.26 seconds
Fifth two files saved in 135.12 seconds
Time taken for DJF: 385.00 seconds
Calculating for MAM
First two files saved in 100.33 seconds
Second two files saved in 18.22 seconds
Third two files saved in 97.31 seconds
Fourth two files saved in 25.01 seconds
Fifth two files saved in 106.51 seconds
Time taken for MAM: 347.38 seconds
Calculating for JJA
First two files saved in 99.77 seconds
Second two files saved in 17.48 seconds
Third two files saved in 118.17 seconds
Fourth two files saved in 22.69 seconds
Fifth two files saved in 101.24 seconds
Time taken for JJA: 359.36 seconds
Calculating for SON
First two files saved in 105.42 seconds
Second two files saved in 19.17 seconds
Third two files saved in 105.34 seconds
Fourth two files saved in 28.63 seconds
Fifth two files saved in 128.34 seconds
Time taken for SON: 386.90 seconds
NetCDF files for UBH and ws saved
#executed by process	6 in 1496.6s	with status	0 : python /home/vdemeyer/TRACKING/KATJA/POSTPROCESSING/contribution_ETCs.py 2077 --sim UBH --var ws
Calculating for DJF
First two files saved in 126.79 seconds
Second two files saved in 22.33 seconds
Third two files saved in 117.40 seconds
Fourth two files saved in 26.01 seconds
Fifth two files saved in 146.49 seconds
Time taken for DJF: 439.01 seconds
Calculating for MAM
First two files saved in 122.76 seconds
Second two files saved in 24.16 seconds
Third two files saved in 122.86 seconds
Fourth two files saved in 28.35 seconds
Fifth two files saved in 148.11 seconds
Time taken for MAM: 446.23 seconds
Calculating for JJA
First two files saved in 128.46 seconds
Second two files saved in 20.34 seconds
Third two files saved in 114.78 seconds
Fourth two files saved in 22.07 seconds
Fifth two files saved in 118.66 seconds
Time taken for JJA: 404.31 seconds
Calculating for SON
First two files saved in 116.17 seconds
Second two files saved in 21.34 seconds
Third two files saved in 114.49 seconds
Fourth two files saved in 24.21 seconds
Fifth two files saved in 158.03 seconds
Time taken for SON: 434.23 seconds
NetCDF files for UBH and ws saved
#executed by process	9 in 1739.88s	with status	0 : python /home/vdemeyer/TRACKING/KATJA/POSTPROCESSING/contribution_ETCs.py 2076 --sim UBH --var ws
Calculating for DJF
First two files saved in 132.09 seconds
Second two files saved in 22.88 seconds
Third two files saved in 120.76 seconds
Fourth two files saved in 27.17 seconds
Fifth two files saved in 147.72 seconds
Time taken for DJF: 450.61 seconds
Calculating for MAM
First two files saved in 122.53 seconds
Second two files saved in 17.91 seconds
Third two files saved in 110.52 seconds
Fourth two files saved in 22.20 seconds
Fifth two files saved in 114.98 seconds
Time taken for MAM: 388.13 seconds
Calculating for JJA
First two files saved in 112.27 seconds
Second two files saved in 20.54 seconds
Third two files saved in 113.28 seconds
Fourth two files saved in 24.02 seconds
Fifth two files saved in 157.26 seconds
Time taken for JJA: 427.37 seconds
Calculating for SON
First two files saved in 115.24 seconds
Second two files saved in 19.06 seconds
Third two files saved in 110.88 seconds
Fourth two files saved in 22.77 seconds
Fifth two files saved in 156.70 seconds
Time taken for SON: 424.65 seconds
NetCDF files for UBH and ws saved
#executed by process	8 in 1706.06s	with status	0 : python /home/vdemeyer/TRACKING/KATJA/POSTPROCESSING/contribution_ETCs.py 2079 --sim UBH --var ws
Calculating for DJF
First two files saved in 150.71 seconds
Second two files saved in 41.94 seconds
Third two files saved in 198.72 seconds
Fourth two files saved in 87.89 seconds
Fifth two files saved in 179.99 seconds
Time taken for DJF: 659.25 seconds
Calculating for MAM
First two files saved in 182.55 seconds
Second two files saved in 40.73 seconds
Third two files saved in 192.50 seconds
Fourth two files saved in 55.33 seconds
Fifth two files saved in 234.33 seconds
Time taken for MAM: 705.44 seconds
Calculating for JJA
First two files saved in 184.50 seconds
Second two files saved in 41.42 seconds
Third two files saved in 187.66 seconds
Fourth two files saved in 52.92 seconds
Fifth two files saved in 206.44 seconds
Time taken for JJA: 672.93 seconds
Calculating for SON
First two files saved in 220.77 seconds
Second two files saved in 38.58 seconds
Third two files saved in 186.60 seconds
Fourth two files saved in 48.35 seconds
Fifth two files saved in 223.46 seconds
Time taken for SON: 717.75 seconds
NetCDF files for UBH and ws saved
#executed by process	11 in 2773.16s	with status	0 : python /home/vdemeyer/TRACKING/KATJA/POSTPROCESSING/contribution_ETCs.py 2067 --sim UBH --var ws
Calculating for DJF
First two files saved in 173.87 seconds
Second two files saved in 36.92 seconds
Third two files saved in 218.92 seconds
Fourth two files saved in 48.24 seconds
Fifth two files saved in 194.12 seconds
Time taken for DJF: 672.07 seconds
Calculating for MAM
First two files saved in 184.57 seconds
Second two files saved in 49.70 seconds
Third two files saved in 194.83 seconds
Fourth two files saved in 48.14 seconds
Fifth two files saved in 244.60 seconds
Time taken for MAM: 721.85 seconds
Calculating for JJA
First two files saved in 185.93 seconds
Second two files saved in 39.71 seconds
Third two files saved in 192.88 seconds
Fourth two files saved in 35.53 seconds
Fifth two files saved in 220.77 seconds
Time taken for JJA: 674.82 seconds
Calculating for SON
First two files saved in 219.94 seconds
Second two files saved in 41.59 seconds
Third two files saved in 186.07 seconds
Fourth two files saved in 74.69 seconds
Fifth two files saved in 192.27 seconds
Time taken for SON: 714.56 seconds
NetCDF files for UBH and ws saved
#executed by process	13 in 2799.15s	with status	0 : python /home/vdemeyer/TRACKING/KATJA/POSTPROCESSING/contribution_ETCs.py 2070 --sim UBH --var ws
Calculating for DJF
First two files saved in 102.86 seconds
Second two files saved in 19.76 seconds
Third two files saved in 94.26 seconds
Fourth two files saved in 16.93 seconds
Fifth two files saved in 97.03 seconds
Time taken for DJF: 330.86 seconds
Calculating for MAM
First two files saved in 111.42 seconds
Second two files saved in 18.73 seconds
Third two files saved in 101.59 seconds
Fourth two files saved in 17.12 seconds
Fifth two files saved in 82.20 seconds
Time taken for MAM: 331.05 seconds
Calculating for JJA
First two files saved in 100.31 seconds
Second two files saved in 13.99 seconds
Third two files saved in 97.04 seconds
Fourth two files saved in 18.23 seconds
Fifth two files saved in 100.29 seconds
Time taken for JJA: 329.85 seconds
Calculating for SON
First two files saved in 84.38 seconds
Second two files saved in 15.42 seconds
Third two files saved in 82.01 seconds
Fourth two files saved in 17.97 seconds
Fifth two files saved in 82.39 seconds
Time taken for SON: 282.17 seconds
NetCDF files for UBH and ws saved
#executed by process	1 in 1291.11s	with status	0 : python /home/vdemeyer/TRACKING/KATJA/POSTPROCESSING/contribution_ETCs.py 2081 --sim UBH --var ws
Calculating for DJF
First two files saved in 103.80 seconds
Second two files saved in 14.85 seconds
Third two files saved in 96.23 seconds
Fourth two files saved in 19.06 seconds
Fifth two files saved in 127.57 seconds
Time taken for DJF: 361.51 seconds
Calculating for MAM
First two files saved in 104.66 seconds
Second two files saved in 15.39 seconds
Third two files saved in 87.78 seconds
Fourth two files saved in 18.64 seconds
Fifth two files saved in 102.59 seconds
Time taken for MAM: 329.06 seconds
Calculating for JJA
First two files saved in 104.62 seconds
Second two files saved in 21.93 seconds
Third two files saved in 92.84 seconds
Fourth two files saved in 19.13 seconds
Fifth two files saved in 82.34 seconds
Time taken for JJA: 320.85 seconds
Calculating for SON
First two files saved in 95.58 seconds
Second two files saved in 17.57 seconds
Third two files saved in 97.83 seconds
Fourth two files saved in 18.59 seconds
Fifth two files saved in 98.44 seconds
Time taken for SON: 328.01 seconds
NetCDF files for UBH and ws saved
#executed by process	7 in 1356.5s	with status	0 : python /home/vdemeyer/TRACKING/KATJA/POSTPROCESSING/contribution_ETCs.py 2085 --sim UBH --var ws
Calculating for DJF
First two files saved in 181.23 seconds
Second two files saved in 37.89 seconds
Third two files saved in 179.12 seconds
Fourth two files saved in 52.40 seconds
Fifth two files saved in 216.31 seconds
Time taken for DJF: 666.95 seconds
Calculating for MAM
First two files saved in 202.92 seconds
Second two files saved in 45.59 seconds
Third two files saved in 183.24 seconds
Fourth two files saved in 45.68 seconds
Fifth two files saved in 210.46 seconds
Time taken for MAM: 687.88 seconds
Calculating for JJA
First two files saved in 191.25 seconds
Second two files saved in 42.60 seconds
Third two files saved in 215.40 seconds
Fourth two files saved in 45.61 seconds
Fifth two files saved in 209.06 seconds
Time taken for JJA: 703.91 seconds
Calculating for SON
First two files saved in 213.44 seconds
Second two files saved in 36.21 seconds
Third two files saved in 179.36 seconds
Fourth two files saved in 50.76 seconds
Fifth two files saved in 222.77 seconds
Time taken for SON: 702.54 seconds
NetCDF files for UBH and ws saved
#executed by process	10 in 2779.18s	with status	0 : python /home/vdemeyer/TRACKING/KATJA/POSTPROCESSING/contribution_ETCs.py 2074 --sim UBH --var ws
Calculating for DJF
First two files saved in 186.44 seconds
Second two files saved in 37.35 seconds
Third two files saved in 188.36 seconds
Fourth two files saved in 45.12 seconds
Fifth two files saved in 211.89 seconds
Time taken for DJF: 669.16 seconds
Calculating for MAM
First two files saved in 206.76 seconds
Second two files saved in 37.33 seconds
Third two files saved in 186.72 seconds
Fourth two files saved in 45.52 seconds
Fifth two files saved in 207.26 seconds
Time taken for MAM: 683.59 seconds
Calculating for JJA
First two files saved in 196.46 seconds
Second two files saved in 32.69 seconds
Third two files saved in 219.20 seconds
Fourth two files saved in 47.18 seconds
Fifth two files saved in 232.01 seconds
Time taken for JJA: 727.54 seconds
Calculating for SON
First two files saved in 178.63 seconds
Second two files saved in 37.27 seconds
Third two files saved in 186.81 seconds
Fourth two files saved in 46.53 seconds
Fifth two files saved in 218.39 seconds
Time taken for SON: 667.63 seconds
NetCDF files for UBH and ws saved
#executed by process	12 in 2764.94s	with status	0 : python /home/vdemeyer/TRACKING/KATJA/POSTPROCESSING/contribution_ETCs.py 2075 --sim UBH --var ws
Calculating for DJF
First two files saved in 114.24 seconds
Second two files saved in 14.53 seconds
Third two files saved in 94.30 seconds
Fourth two files saved in 21.13 seconds
Fifth two files saved in 110.29 seconds
Time taken for DJF: 354.49 seconds
Calculating for MAM
First two files saved in 112.72 seconds
Second two files saved in 14.94 seconds
Third two files saved in 90.55 seconds
Fourth two files saved in 19.33 seconds
Fifth two files saved in 92.68 seconds
Time taken for MAM: 330.22 seconds
Calculating for JJA
First two files saved in 101.67 seconds
Second two files saved in 15.44 seconds
Third two files saved in 106.91 seconds
Fourth two files saved in 19.58 seconds
Fifth two files saved in 94.09 seconds
Time taken for JJA: 337.69 seconds
Calculating for SON
First two files saved in 103.07 seconds
Second two files saved in 16.69 seconds
Third two files saved in 96.13 seconds
Fourth two files saved in 28.42 seconds
Fifth two files saved in 113.82 seconds
Time taken for SON: 358.13 seconds
NetCDF files for UBH and ws saved
#executed by process	2 in 1398.02s	with status	0 : python /home/vdemeyer/TRACKING/KATJA/POSTPROCESSING/contribution_ETCs.py 2087 --sim UBH --var ws
Calculating for DJF
First two files saved in 133.32 seconds
Second two files saved in 23.29 seconds
Third two files saved in 120.89 seconds
Fourth two files saved in 29.44 seconds
Fifth two files saved in 164.74 seconds
Time taken for DJF: 471.68 seconds
Calculating for MAM
First two files saved in 109.98 seconds
Second two files saved in 24.79 seconds
Third two files saved in 122.81 seconds
Fourth two files saved in 27.37 seconds
Fifth two files saved in 145.79 seconds
Time taken for MAM: 430.74 seconds
Calculating for JJA
First two files saved in 121.84 seconds
Second two files saved in 22.98 seconds
Third two files saved in 119.30 seconds
Fourth two files saved in 28.27 seconds
Fifth two files saved in 135.52 seconds
Time taken for JJA: 427.92 seconds
Calculating for SON
First two files saved in 123.86 seconds
Second two files saved in 24.82 seconds
Third two files saved in 124.38 seconds
Fourth two files saved in 26.15 seconds
Fifth two files saved in 149.99 seconds
Time taken for SON: 449.19 seconds
NetCDF files for UBH and ws saved
#executed by process	3 in 1796.39s	with status	0 : python /home/vdemeyer/TRACKING/KATJA/POSTPROCESSING/contribution_ETCs.py 2082 --sim UBH --var ws
Calculating for DJF
First two files saved in 132.00 seconds
Second two files saved in 23.65 seconds
Third two files saved in 121.79 seconds
Fourth two files saved in 30.23 seconds
Fifth two files saved in 165.53 seconds
Time taken for DJF: 473.21 seconds
Calculating for MAM
First two files saved in 111.13 seconds
Second two files saved in 24.75 seconds
Third two files saved in 120.58 seconds
Fourth two files saved in 27.60 seconds
Fifth two files saved in 145.70 seconds
Time taken for MAM: 429.76 seconds
Calculating for JJA
First two files saved in 123.38 seconds
Second two files saved in 22.55 seconds
Third two files saved in 121.36 seconds
Fourth two files saved in 28.24 seconds
Fifth two files saved in 131.90 seconds
Time taken for JJA: 427.43 seconds
Calculating for SON
First two files saved in 124.69 seconds
Second two files saved in 25.01 seconds
Third two files saved in 125.40 seconds
Fourth two files saved in 26.14 seconds
Fifth two files saved in 149.74 seconds
Time taken for SON: 450.99 seconds
NetCDF files for UBH and ws saved
Calculating for DJF
First two files saved in 143.56 seconds
Second two files saved in 21.21 seconds
Third two files saved in 125.52 seconds
Fourth two files saved in 25.39 seconds
Fifth two files saved in 157.86 seconds
Time taken for DJF: 473.54 seconds
Calculating for MAM
First two files saved in 111.65 seconds
Second two files saved in 24.63 seconds
Third two files saved in 122.22 seconds
Fourth two files saved in 27.75 seconds
Fifth two files saved in 141.43 seconds
Time taken for MAM: 427.68 seconds
Calculating for JJA
First two files saved in 116.66 seconds
Second two files saved in 24.51 seconds
Third two files saved in 120.28 seconds
Fourth two files saved in 29.19 seconds
Fifth two files saved in 133.44 seconds
Time taken for JJA: 424.07 seconds
Calculating for SON
First two files saved in 125.45 seconds
Second two files saved in 25.71 seconds
Third two files saved in 127.28 seconds
Fourth two files saved in 26.46 seconds
Fifth two files saved in 150.04 seconds
Time taken for SON: 454.94 seconds
NetCDF files for UBH and ws saved
#executed by process	4 in 1798.02s	with status	0 : python /home/vdemeyer/TRACKING/KATJA/POSTPROCESSING/contribution_ETCs.py 2083 --sim UBH --var ws
#executed by process	5 in 1796.77s	with status	0 : python /home/vdemeyer/TRACKING/KATJA/POSTPROCESSING/contribution_ETCs.py 2084 --sim UBH --var ws
Calculating for DJF
First two files saved in 141.45 seconds
Second two files saved in 34.37 seconds
Third two files saved in 151.80 seconds
Fourth two files saved in 31.67 seconds
Fifth two files saved in 165.55 seconds
Time taken for DJF: 524.84 seconds
Calculating for MAM
First two files saved in 160.56 seconds
Second two files saved in 33.25 seconds
Third two files saved in 183.82 seconds
Fourth two files saved in 33.46 seconds
Fifth two files saved in 164.17 seconds
Time taken for MAM: 575.26 seconds
Calculating for JJA
First two files saved in 204.06 seconds
Second two files saved in 33.31 seconds
Third two files saved in 145.49 seconds
Fourth two files saved in 34.48 seconds
Fifth two files saved in 170.97 seconds
Time taken for JJA: 588.30 seconds
Calculating for SON
First two files saved in 159.47 seconds
Second two files saved in 30.94 seconds
Third two files saved in 152.67 seconds
Fourth two files saved in 37.92 seconds
Fifth two files saved in 168.16 seconds
Time taken for SON: 549.16 seconds
NetCDF files for UBH and ws saved
#executed by process	15 in 2254.02s	with status	0 : python /home/vdemeyer/TRACKING/KATJA/POSTPROCESSING/contribution_ETCs.py 2080 --sim UBH --var ws
Calculating for DJF
First two files saved in 107.92 seconds
Second two files saved in 17.77 seconds
Third two files saved in 112.19 seconds
Fourth two files saved in 21.63 seconds
Fifth two files saved in 135.60 seconds
Time taken for DJF: 395.12 seconds
Calculating for MAM
First two files saved in 96.76 seconds
Second two files saved in 17.87 seconds
Third two files saved in 99.07 seconds
Fourth two files saved in 20.88 seconds
Fifth two files saved in 113.40 seconds
Time taken for MAM: 347.98 seconds
Calculating for JJA
First two files saved in 113.80 seconds
Second two files saved in 21.75 seconds
Third two files saved in 99.81 seconds
Fourth two files saved in 22.63 seconds
Fifth two files saved in 115.35 seconds
Time taken for JJA: 373.34 seconds
Calculating for SON
First two files saved in 120.61 seconds
Second two files saved in 27.46 seconds
Third two files saved in 103.35 seconds
Fourth two files saved in 21.75 seconds
Fifth two files saved in 103.08 seconds
Time taken for SON: 376.26 seconds
NetCDF files for UBH and ws saved
#executed by process	6 in 1510.09s	with status	0 : python /home/vdemeyer/TRACKING/KATJA/POSTPROCESSING/contribution_ETCs.py 2088 --sim UBH --var ws
Calculating for DJF
First two files saved in 116.97 seconds
Second two files saved in 18.64 seconds
Third two files saved in 109.52 seconds
Fourth two files saved in 22.23 seconds
Fifth two files saved in 150.41 seconds
Time taken for DJF: 417.77 seconds
Calculating for MAM
First two files saved in 112.48 seconds
Second two files saved in 18.22 seconds
Third two files saved in 109.82 seconds
Fourth two files saved in 21.66 seconds
Fifth two files saved in 113.86 seconds
Time taken for MAM: 376.03 seconds
Calculating for JJA
First two files saved in 118.34 seconds
Second two files saved in 20.43 seconds
Third two files saved in 115.97 seconds
Fourth two files saved in 24.40 seconds
Fifth two files saved in 115.81 seconds
Time taken for JJA: 394.95 seconds
Calculating for SON
First two files saved in 119.74 seconds
Second two files saved in 21.23 seconds
Third two files saved in 122.52 seconds
Fourth two files saved in 26.21 seconds
Fifth two files saved in 137.21 seconds
Time taken for SON: 426.91 seconds
NetCDF files for UBH and ws saved
#executed by process	9 in 1631.6s	with status	0 : python /home/vdemeyer/TRACKING/KATJA/POSTPROCESSING/contribution_ETCs.py 2089 --sim UBH --var ws
Calculating for DJF
First two files saved in 165.99 seconds
Second two files saved in 31.44 seconds
Third two files saved in 182.90 seconds
Fourth two files saved in 31.53 seconds
Fifth two files saved in 163.14 seconds
Time taken for DJF: 575.01 seconds
Calculating for MAM
First two files saved in 191.16 seconds
Second two files saved in 34.52 seconds
Third two files saved in 142.26 seconds
Fourth two files saved in 32.19 seconds
Fifth two files saved in 163.37 seconds
Time taken for MAM: 563.49 seconds
Calculating for JJA
First two files saved in 156.17 seconds
Second two files saved in 33.39 seconds
Third two files saved in 150.46 seconds
Fourth two files saved in 38.41 seconds
Fifth two files saved in 167.64 seconds
Time taken for JJA: 546.07 seconds
Calculating for SON
First two files saved in 131.67 seconds
Second two files saved in 25.75 seconds
Third two files saved in 139.33 seconds
Fourth two files saved in 28.00 seconds
Fifth two files saved in 116.42 seconds
Time taken for SON: 441.18 seconds
NetCDF files for UBH and ws saved
#executed by process	14 in 2141.5s	with status	0 : python /home/vdemeyer/TRACKING/KATJA/POSTPROCESSING/contribution_ETCs.py 2086 --sim UBH --var ws
Calculating for DJF
First two files saved in 108.84 seconds
Second two files saved in 17.51 seconds
Third two files saved in 109.16 seconds
Fourth two files saved in 22.06 seconds
Fifth two files saved in 117.77 seconds
Time taken for DJF: 375.35 seconds
Calculating for MAM
First two files saved in 112.86 seconds
Second two files saved in 20.41 seconds
Third two files saved in 110.71 seconds
Fourth two files saved in 23.94 seconds
Fifth two files saved in 117.56 seconds
Time taken for MAM: 385.49 seconds
Calculating for JJA
First two files saved in 120.47 seconds
Second two files saved in 22.12 seconds
Third two files saved in 112.24 seconds
Fourth two files saved in 24.86 seconds
Fifth two files saved in 137.10 seconds
Time taken for JJA: 416.79 seconds
Calculating for SON
First two files saved in 96.66 seconds
Second two files saved in 14.57 seconds
Third two files saved in 94.70 seconds
Fourth two files saved in 18.29 seconds
Fifth two files saved in 85.75 seconds
Time taken for SON: 309.98 seconds
NetCDF files for UBH and ws saved
#executed by process	8 in 1503.03s	with status	0 : python /home/vdemeyer/TRACKING/KATJA/POSTPROCESSING/contribution_ETCs.py 2090 --sim UBH --var ws
Calculating for DJF
First two files saved in 102.86 seconds
Second two files saved in 12.85 seconds
Third two files saved in 92.08 seconds
Fourth two files saved in 18.90 seconds
Fifth two files saved in 103.73 seconds
Time taken for DJF: 330.42 seconds
Calculating for MAM
First two files saved in 88.29 seconds
Second two files saved in 19.18 seconds
Third two files saved in 100.25 seconds
Fourth two files saved in 17.79 seconds
Fifth two files saved in 91.81 seconds
Time taken for MAM: 317.32 seconds
Calculating for JJA
First two files saved in 91.30 seconds
Second two files saved in 13.30 seconds
Third two files saved in 95.76 seconds
Fourth two files saved in 17.43 seconds
Fifth two files saved in 106.06 seconds
Time taken for JJA: 323.86 seconds
Calculating for SON
First two files saved in 97.65 seconds
Second two files saved in 13.33 seconds
Third two files saved in 80.30 seconds
Fourth two files saved in 19.69 seconds
Fifth two files saved in 76.55 seconds
Time taken for SON: 287.52 seconds
NetCDF files for UBH and ws saved
#executed by process	1 in 1275.97s	with status	0 : python /home/vdemeyer/TRACKING/KATJA/POSTPROCESSING/contribution_ETCs.py 2093 --sim UBH --var ws
Calculating for DJF
First two files saved in 106.70 seconds
Second two files saved in 22.21 seconds
Third two files saved in 101.72 seconds
Fourth two files saved in 18.46 seconds
Fifth two files saved in 127.93 seconds
Time taken for DJF: 377.03 seconds
Calculating for MAM
First two files saved in 99.01 seconds
Second two files saved in 14.68 seconds
Third two files saved in 90.52 seconds
Fourth two files saved in 20.02 seconds
Fifth two files saved in 91.85 seconds
Time taken for MAM: 316.07 seconds
Calculating for JJA
First two files saved in 113.67 seconds
Second two files saved in 24.45 seconds
Third two files saved in 90.14 seconds
Fourth two files saved in 18.96 seconds
Fifth two files saved in 82.28 seconds
Time taken for JJA: 329.50 seconds
Calculating for SON
First two files saved in 92.65 seconds
Second two files saved in 19.49 seconds
Third two files saved in 95.56 seconds
Fourth two files saved in 19.21 seconds
Fifth two files saved in 89.97 seconds
Time taken for SON: 316.89 seconds
NetCDF files for UBH and ws saved
#executed by process	7 in 1356.53s	with status	0 : python /home/vdemeyer/TRACKING/KATJA/POSTPROCESSING/contribution_ETCs.py 2094 --sim UBH --var ws
Calculating for DJF
First two files saved in 176.19 seconds
Second two files saved in 45.42 seconds
Third two files saved in 186.80 seconds
Fourth two files saved in 51.06 seconds
Fifth two files saved in 200.85 seconds
Time taken for DJF: 660.32 seconds
Calculating for MAM
First two files saved in 186.48 seconds
Second two files saved in 36.06 seconds
Third two files saved in 168.64 seconds
Fourth two files saved in 48.53 seconds
Fifth two files saved in 141.66 seconds
Time taken for MAM: 581.36 seconds
Calculating for JJA
First two files saved in 122.65 seconds
Second two files saved in 23.35 seconds
Third two files saved in 146.99 seconds
Fourth two files saved in 25.41 seconds
Fifth two files saved in 112.62 seconds
Time taken for JJA: 431.02 seconds
Calculating for SON
First two files saved in 116.06 seconds
Second two files saved in 18.83 seconds
Third two files saved in 115.86 seconds
Fourth two files saved in 26.60 seconds
Fifth two files saved in 112.57 seconds
Time taken for SON: 389.92 seconds
NetCDF files for UBH and ws saved
#executed by process	11 in 2080.05s	with status	0 : python /home/vdemeyer/TRACKING/KATJA/POSTPROCESSING/contribution_ETCs.py 2091 --sim UBH --var ws
Calculating for DJF
First two files saved in 193.41 seconds
Second two files saved in 40.16 seconds
Third two files saved in 192.98 seconds
Fourth two files saved in 29.73 seconds
Fifth two files saved in 228.31 seconds
Time taken for DJF: 684.59 seconds
Calculating for MAM
First two files saved in 179.34 seconds
Second two files saved in 39.62 seconds
Third two files saved in 177.36 seconds
Fourth two files saved in 33.09 seconds
Fifth two files saved in 130.95 seconds
Time taken for MAM: 560.36 seconds
Calculating for JJA
First two files saved in 123.20 seconds
Second two files saved in 21.87 seconds
Third two files saved in 146.91 seconds
Fourth two files saved in 25.80 seconds
Fifth two files saved in 112.45 seconds
Time taken for JJA: 430.23 seconds
Calculating for SON
First two files saved in 114.21 seconds
Second two files saved in 21.52 seconds
Third two files saved in 113.83 seconds
Fourth two files saved in 25.78 seconds
Fifth two files saved in 104.91 seconds
Time taken for SON: 380.25 seconds
NetCDF files for UBH and ws saved
#executed by process	13 in 2071.85s	with status	0 : python /home/vdemeyer/TRACKING/KATJA/POSTPROCESSING/contribution_ETCs.py 2092 --sim UBH --var ws
Calculating for DJF
First two files saved in 116.99 seconds
Second two files saved in 15.92 seconds
Third two files saved in 118.38 seconds
Fourth two files saved in 21.26 seconds
Fifth two files saved in 128.33 seconds
Time taken for DJF: 400.87 seconds
Calculating for MAM
First two files saved in 111.32 seconds
Second two files saved in 16.05 seconds
Third two files saved in 91.44 seconds
Fourth two files saved in 20.09 seconds
Fifth two files saved in 102.14 seconds
Time taken for MAM: 341.05 seconds
Calculating for JJA
First two files saved in 103.45 seconds
Second two files saved in 17.46 seconds
Third two files saved in 94.32 seconds
Fourth two files saved in 19.42 seconds
Fifth two files saved in 80.04 seconds
Time taken for JJA: 314.70 seconds
Calculating for SON
First two files saved in 108.11 seconds
Second two files saved in 14.46 seconds
Third two files saved in 84.63 seconds
Fourth two files saved in 19.13 seconds
Fifth two files saved in 84.56 seconds
Time taken for SON: 310.88 seconds
NetCDF files for UBH and ws saved
#executed by process	2 in 1384.59s	with status	0 : python /home/vdemeyer/TRACKING/KATJA/POSTPROCESSING/contribution_ETCs.py 2097 --sim UBH --var ws
Calculating for DJF
First two files saved in 198.86 seconds
Second two files saved in 45.24 seconds
Third two files saved in 174.04 seconds
Fourth two files saved in 41.19 seconds
Fifth two files saved in 196.24 seconds
Time taken for DJF: 655.57 seconds
Calculating for MAM
First two files saved in 130.95 seconds
Second two files saved in 22.04 seconds
Third two files saved in 119.57 seconds
Fourth two files saved in 24.90 seconds
Fifth two files saved in 146.29 seconds
Time taken for MAM: 443.75 seconds
Calculating for JJA
First two files saved in 115.05 seconds
Second two files saved in 19.07 seconds
Third two files saved in 112.74 seconds
Fourth two files saved in 25.38 seconds
Fifth two files saved in 112.81 seconds
Time taken for JJA: 385.06 seconds
Calculating for SON
First two files saved in 107.23 seconds
Second two files saved in 16.92 seconds
Third two files saved in 89.03 seconds
Fourth two files saved in 18.60 seconds
Fifth two files saved in 82.06 seconds
Time taken for SON: 313.85 seconds
NetCDF files for UBH and ws saved
#executed by process	10 in 1820.94s	with status	0 : python /home/vdemeyer/TRACKING/KATJA/POSTPROCESSING/contribution_ETCs.py 2095 --sim UBH --var ws
Calculating for DJF
First two files saved in 220.45 seconds
Second two files saved in 41.89 seconds
Third two files saved in 181.64 seconds
Fourth two files saved in 34.10 seconds
Fifth two files saved in 185.09 seconds
Time taken for DJF: 663.18 seconds
Calculating for MAM
First two files saved in 134.03 seconds
Second two files saved in 21.97 seconds
Third two files saved in 118.54 seconds
Fourth two files saved in 63.22 seconds
Fifth two files saved in 114.19 seconds
Time taken for MAM: 451.95 seconds
Calculating for JJA
First two files saved in 117.85 seconds
Second two files saved in 20.09 seconds
Third two files saved in 110.87 seconds
Fourth two files saved in 25.98 seconds
Fifth two files saved in 110.49 seconds
Time taken for JJA: 385.28 seconds
Calculating for SON
First two files saved in 104.97 seconds
Second two files saved in 14.89 seconds
Third two files saved in 89.46 seconds
Fourth two files saved in 19.31 seconds
Fifth two files saved in 78.95 seconds
Time taken for SON: 307.58 seconds
NetCDF files for UBH and ws saved
#executed by process	12 in 1828.6s	with status	0 : python /home/vdemeyer/TRACKING/KATJA/POSTPROCESSING/contribution_ETCs.py 2096 --sim UBH --var ws
Calculating for DJF
First two files saved in 134.85 seconds
Second two files saved in 25.24 seconds
Third two files saved in 118.67 seconds
Fourth two files saved in 25.48 seconds
Fifth two files saved in 143.43 seconds
Time taken for DJF: 447.66 seconds
Calculating for MAM
First two files saved in 99.72 seconds
Second two files saved in 19.81 seconds
Third two files saved in 101.91 seconds
Fourth two files saved in 22.09 seconds
Fifth two files saved in 118.53 seconds
Time taken for MAM: 362.06 seconds
Calculating for JJA
First two files saved in 111.67 seconds
Second two files saved in 19.02 seconds
Third two files saved in 96.33 seconds
Fourth two files saved in 23.04 seconds
Fifth two files saved in 114.16 seconds
Time taken for JJA: 364.22 seconds
Calculating for SON
First two files saved in 95.63 seconds
Second two files saved in 18.73 seconds
Third two files saved in 95.87 seconds
Fourth two files saved in 22.36 seconds
Fifth two files saved in 110.85 seconds
Time taken for SON: 343.44 seconds
NetCDF files for UBH and ws saved
#executed by process	3 in 1534.08s	with status	0 : python /home/vdemeyer/TRACKING/KATJA/POSTPROCESSING/contribution_ETCs.py 2098 --sim UBH --var ws
Calculating for DJF
First two files saved in 135.41 seconds
Second two files saved in 25.46 seconds
Third two files saved in 112.73 seconds
Fourth two files saved in 24.08 seconds
Fifth two files saved in 147.12 seconds
Time taken for DJF: 444.81 seconds
Calculating for MAM
First two files saved in 99.20 seconds
Second two files saved in 20.35 seconds
Third two files saved in 103.50 seconds
Fourth two files saved in 22.14 seconds
Fifth two files saved in 117.23 seconds
Time taken for MAM: 362.42 seconds
Calculating for JJA
First two files saved in 111.88 seconds
Second two files saved in 19.31 seconds
Third two files saved in 104.36 seconds
Fourth two files saved in 21.32 seconds
Fifth two files saved in 113.44 seconds
Time taken for JJA: 370.31 seconds
Calculating for SON
First two files saved in 94.88 seconds
Second two files saved in 18.54 seconds
Third two files saved in 97.65 seconds
Fourth two files saved in 21.49 seconds
Fifth two files saved in 105.88 seconds
Time taken for SON: 338.43 seconds
NetCDF files for UBH and ws saved
#executed by process	4 in 1532.8s	with status	0 : python /home/vdemeyer/TRACKING/KATJA/POSTPROCESSING/contribution_ETCs.py 2099 --sim UBH --var ws
Calculating for DJF
First two files saved in 139.46 seconds
Second two files saved in 24.71 seconds
Third two files saved in 121.73 seconds
Fourth two files saved in 28.56 seconds
Fifth two files saved in 140.04 seconds
Time taken for DJF: 454.50 seconds
Calculating for MAM
First two files saved in 99.83 seconds
Second two files saved in 18.20 seconds
Third two files saved in 103.93 seconds
Fourth two files saved in 21.97 seconds
Fifth two files saved in 110.85 seconds
Time taken for MAM: 354.79 seconds
Calculating for JJA
First two files saved in 105.48 seconds
Second two files saved in 19.62 seconds
Third two files saved in 99.16 seconds
Fourth two files saved in 22.56 seconds
Fifth two files saved in 117.00 seconds
Time taken for JJA: 363.82 seconds
Calculating for SON
First two files saved in 98.12 seconds
Second two files saved in 18.92 seconds
Third two files saved in 98.21 seconds
Fourth two files saved in 21.50 seconds
Fifth two files saved in 106.71 seconds
Time taken for SON: 343.46 seconds
NetCDF files for UBH and ws saved
#executed by process	5 in 1533.55s	with status	0 : python /home/vdemeyer/TRACKING/KATJA/POSTPROCESSING/contribution_ETCs.py 2100 --sim UBH --var ws
master is 0 , nb slaves: 15
