Number of storms in 2013: 274
Pickle file written for year 2013 in /home/vdemeyer/projects/rrg-gachon/vdemeyer/TRACKING/KATJA/OUTPUTS/EETC/ERA5/2013/EETC_cum_ERA5_Quebec_1005hPa_2013_compound_8hrs_quantile_SSI_wetdays_ratio.pkl
#executed by process	44 in 598.294s	with status	0 : python /home/vdemeyer/TRACKING/KATJA/POSTPROCESSING/EETCs_stat.py 2013 --sim ERA5 --metric ratio
Number of storms in 1991: 315
Pickle file written for year 1991 in /home/vdemeyer/projects/rrg-gachon/vdemeyer/TRACKING/KATJA/OUTPUTS/EETC/ERA5/1991/EETC_cum_ERA5_Quebec_1005hPa_1991_compound_8hrs_quantile_SSI_wetdays_ratio.pkl
#executed by process	30 in 627.496s	with status	0 : python /home/vdemeyer/TRACKING/KATJA/POSTPROCESSING/EETCs_stat.py 1991 --sim ERA5 --metric ratio
Number of storms in 2019: 297
Pickle file written for year 2019 in /home/vdemeyer/projects/rrg-gachon/vdemeyer/TRACKING/KATJA/OUTPUTS/EETC/ERA5/2019/EETC_cum_ERA5_Quebec_1005hPa_2019_compound_8hrs_quantile_SSI_wetdays_ratio.pkl
#executed by process	34 in 632.694s	with status	0 : python /home/vdemeyer/TRACKING/KATJA/POSTPROCESSING/EETCs_stat.py 2019 --sim ERA5 --metric ratio
Traceback (most recent call last):
  File "/home/vdemeyer/TRACKING/KATJA/POSTPROCESSING/EETCs_stat.py", line 397, in <module>
    main(iyear, sim, ref, output_file)
  File "/home/vdemeyer/TRACKING/KATJA/POSTPROCESSING/EETCs_stat.py", line 179, in main
    percentile_wind['surf_wind'] = percentile_wind.surf_wind * 3.6
                                   ^^^^^^^^^^^^^^^^^^^^^^^^^
  File "/home/vdemeyer/pytrack/lib/python3.11/site-packages/xarray/core/common.py", line 306, in __getattr__
    raise AttributeError(
AttributeError: 'Dataset' object has no attribute 'surf_wind'
#executed by process	30 in 15.585s	with status	1 : python /home/vdemeyer/TRACKING/KATJA/POSTPROCESSING/EETCs_stat.py 1979 --sim UBB --metric ratio
Traceback (most recent call last):
  File "/home/vdemeyer/TRACKING/KATJA/POSTPROCESSING/EETCs_stat.py", line 397, in <module>
    main(iyear, sim, ref, output_file)
  File "/home/vdemeyer/TRACKING/KATJA/POSTPROCESSING/EETCs_stat.py", line 179, in main
    percentile_wind['surf_wind'] = percentile_wind.surf_wind * 3.6
                                   ^^^^^^^^^^^^^^^^^^^^^^^^^
  File "/home/vdemeyer/pytrack/lib/python3.11/site-packages/xarray/core/common.py", line 306, in __getattr__
    raise AttributeError(
AttributeError: 'Dataset' object has no attribute 'surf_wind'
#executed by process	34 in 12.5671s	with status	1 : python /home/vdemeyer/TRACKING/KATJA/POSTPROCESSING/EETCs_stat.py 1980 --sim UBB --metric ratio
Number of storms in 2017: 327
Pickle file written for year 2017 in /home/vdemeyer/projects/rrg-gachon/vdemeyer/TRACKING/KATJA/OUTPUTS/EETC/ERA5/2017/EETC_cum_ERA5_Quebec_1005hPa_2017_compound_8hrs_quantile_SSI_wetdays_ratio.pkl
#executed by process	37 in 646.969s	with status	0 : python /home/vdemeyer/TRACKING/KATJA/POSTPROCESSING/EETCs_stat.py 2017 --sim ERA5 --metric ratio
Traceback (most recent call last):
  File "/home/vdemeyer/TRACKING/KATJA/POSTPROCESSING/EETCs_stat.py", line 397, in <module>
    main(iyear, sim, ref, output_file)
  File "/home/vdemeyer/TRACKING/KATJA/POSTPROCESSING/EETCs_stat.py", line 179, in main
    percentile_wind['surf_wind'] = percentile_wind.surf_wind * 3.6
                                   ^^^^^^^^^^^^^^^^^^^^^^^^^
  File "/home/vdemeyer/pytrack/lib/python3.11/site-packages/xarray/core/common.py", line 306, in __getattr__
    raise AttributeError(
AttributeError: 'Dataset' object has no attribute 'surf_wind'
#executed by process	30 in 12.5167s	with status	1 : python /home/vdemeyer/TRACKING/KATJA/POSTPROCESSING/EETCs_stat.py 1981 --sim UBB --metric ratio
Traceback (most recent call last):
  File "/home/vdemeyer/TRACKING/KATJA/POSTPROCESSING/EETCs_stat.py", line 397, in <module>
    main(iyear, sim, ref, output_file)
  File "/home/vdemeyer/TRACKING/KATJA/POSTPROCESSING/EETCs_stat.py", line 179, in main
    percentile_wind['surf_wind'] = percentile_wind.surf_wind * 3.6
                                   ^^^^^^^^^^^^^^^^^^^^^^^^^
  File "/home/vdemeyer/pytrack/lib/python3.11/site-packages/xarray/core/common.py", line 306, in __getattr__
    raise AttributeError(
AttributeError: 'Dataset' object has no attribute 'surf_wind'
#executed by process	34 in 12.8736s	with status	1 : python /home/vdemeyer/TRACKING/KATJA/POSTPROCESSING/EETCs_stat.py 1982 --sim UBB --metric ratio
Traceback (most recent call last):
  File "/home/vdemeyer/TRACKING/KATJA/POSTPROCESSING/EETCs_stat.py", line 397, in <module>
    main(iyear, sim, ref, output_file)
  File "/home/vdemeyer/TRACKING/KATJA/POSTPROCESSING/EETCs_stat.py", line 179, in main
    percentile_wind['surf_wind'] = percentile_wind.surf_wind * 3.6
                                   ^^^^^^^^^^^^^^^^^^^^^^^^^
  File "/home/vdemeyer/pytrack/lib/python3.11/site-packages/xarray/core/common.py", line 306, in __getattr__
    raise AttributeError(
AttributeError: 'Dataset' object has no attribute 'surf_wind'
#executed by process	37 in 12.549s	with status	1 : python /home/vdemeyer/TRACKING/KATJA/POSTPROCESSING/EETCs_stat.py 1983 --sim UBB --metric ratio
Number of storms in 2018: 312
Pickle file written for year 2018 in /home/vdemeyer/projects/rrg-gachon/vdemeyer/TRACKING/KATJA/OUTPUTS/EETC/ERA5/2018/EETC_cum_ERA5_Quebec_1005hPa_2018_compound_8hrs_quantile_SSI_wetdays_ratio.pkl
#executed by process	38 in 664.302s	with status	0 : python /home/vdemeyer/TRACKING/KATJA/POSTPROCESSING/EETCs_stat.py 2018 --sim ERA5 --metric ratio
Traceback (most recent call last):
  File "/home/vdemeyer/TRACKING/KATJA/POSTPROCESSING/EETCs_stat.py", line 397, in <module>
    main(iyear, sim, ref, output_file)
  File "/home/vdemeyer/TRACKING/KATJA/POSTPROCESSING/EETCs_stat.py", line 179, in main
    percentile_wind['surf_wind'] = percentile_wind.surf_wind * 3.6
                                   ^^^^^^^^^^^^^^^^^^^^^^^^^
  File "/home/vdemeyer/pytrack/lib/python3.11/site-packages/xarray/core/common.py", line 306, in __getattr__
    raise AttributeError(
AttributeError: 'Dataset' object has no attribute 'surf_wind'
#executed by process	30 in 12.7206s	with status	1 : python /home/vdemeyer/TRACKING/KATJA/POSTPROCESSING/EETCs_stat.py 1984 --sim UBB --metric ratio
Traceback (most recent call last):
  File "/home/vdemeyer/TRACKING/KATJA/POSTPROCESSING/EETCs_stat.py", line 397, in <module>
    main(iyear, sim, ref, output_file)
  File "/home/vdemeyer/TRACKING/KATJA/POSTPROCESSING/EETCs_stat.py", line 179, in main
    percentile_wind['surf_wind'] = percentile_wind.surf_wind * 3.6
                                   ^^^^^^^^^^^^^^^^^^^^^^^^^
  File "/home/vdemeyer/pytrack/lib/python3.11/site-packages/xarray/core/common.py", line 306, in __getattr__
    raise AttributeError(
AttributeError: 'Dataset' object has no attribute 'surf_wind'
#executed by process	34 in 12.2479s	with status	1 : python /home/vdemeyer/TRACKING/KATJA/POSTPROCESSING/EETCs_stat.py 1985 --sim UBB --metric ratio
Traceback (most recent call last):
  File "/home/vdemeyer/TRACKING/KATJA/POSTPROCESSING/EETCs_stat.py", line 397, in <module>
    main(iyear, sim, ref, output_file)
  File "/home/vdemeyer/TRACKING/KATJA/POSTPROCESSING/EETCs_stat.py", line 179, in main
    percentile_wind['surf_wind'] = percentile_wind.surf_wind * 3.6
                                   ^^^^^^^^^^^^^^^^^^^^^^^^^
  File "/home/vdemeyer/pytrack/lib/python3.11/site-packages/xarray/core/common.py", line 306, in __getattr__
    raise AttributeError(
AttributeError: 'Dataset' object has no attribute 'surf_wind'
#executed by process	37 in 12.3477s	with status	1 : python /home/vdemeyer/TRACKING/KATJA/POSTPROCESSING/EETCs_stat.py 1986 --sim UBB --metric ratio
Number of storms in 2020: 325
Pickle file written for year 2020 in /home/vdemeyer/projects/rrg-gachon/vdemeyer/TRACKING/KATJA/OUTPUTS/EETC/ERA5/2020/EETC_cum_ERA5_Quebec_1005hPa_2020_compound_8hrs_quantile_SSI_wetdays_ratio.pkl
#executed by process	33 in 673.765s	with status	0 : python /home/vdemeyer/TRACKING/KATJA/POSTPROCESSING/EETCs_stat.py 2020 --sim ERA5 --metric ratio
Number of storms in 1994: 301
Pickle file written for year 1994 in /home/vdemeyer/projects/rrg-gachon/vdemeyer/TRACKING/KATJA/OUTPUTS/EETC/ERA5/1994/EETC_cum_ERA5_Quebec_1005hPa_1994_compound_8hrs_quantile_SSI_wetdays_ratio.pkl
#executed by process	1 in 675.681s	with status	0 : python /home/vdemeyer/TRACKING/KATJA/POSTPROCESSING/EETCs_stat.py 1994 --sim ERA5 --metric ratio
Traceback (most recent call last):
  File "/home/vdemeyer/TRACKING/KATJA/POSTPROCESSING/EETCs_stat.py", line 397, in <module>
    main(iyear, sim, ref, output_file)
  File "/home/vdemeyer/TRACKING/KATJA/POSTPROCESSING/EETCs_stat.py", line 179, in main
    percentile_wind['surf_wind'] = percentile_wind.surf_wind * 3.6
                                   ^^^^^^^^^^^^^^^^^^^^^^^^^
  File "/home/vdemeyer/pytrack/lib/python3.11/site-packages/xarray/core/common.py", line 306, in __getattr__
    raise AttributeError(
AttributeError: 'Dataset' object has no attribute 'surf_wind'
#executed by process	38 in 12.2721s	with status	1 : python /home/vdemeyer/TRACKING/KATJA/POSTPROCESSING/EETCs_stat.py 1987 --sim UBB --metric ratio
Number of storms in 2003: 315
Pickle file written for year 2003 in /home/vdemeyer/projects/rrg-gachon/vdemeyer/TRACKING/KATJA/OUTPUTS/EETC/ERA5/2003/EETC_cum_ERA5_Quebec_1005hPa_2003_compound_8hrs_quantile_SSI_wetdays_ratio.pkl
#executed by process	39 in 678.202s	with status	0 : python /home/vdemeyer/TRACKING/KATJA/POSTPROCESSING/EETCs_stat.py 2003 --sim ERA5 --metric ratio
Traceback (most recent call last):
  File "/home/vdemeyer/TRACKING/KATJA/POSTPROCESSING/EETCs_stat.py", line 397, in <module>
    main(iyear, sim, ref, output_file)
  File "/home/vdemeyer/TRACKING/KATJA/POSTPROCESSING/EETCs_stat.py", line 179, in main
    percentile_wind['surf_wind'] = percentile_wind.surf_wind * 3.6
                                   ^^^^^^^^^^^^^^^^^^^^^^^^^
  File "/home/vdemeyer/pytrack/lib/python3.11/site-packages/xarray/core/common.py", line 306, in __getattr__
    raise AttributeError(
AttributeError: 'Dataset' object has no attribute 'surf_wind'
#executed by process	30 in 12.5411s	with status	1 : python /home/vdemeyer/TRACKING/KATJA/POSTPROCESSING/EETCs_stat.py 1988 --sim UBB --metric ratio
Number of storms in 2015: 311
Pickle file written for year 2015 in /home/vdemeyer/projects/rrg-gachon/vdemeyer/TRACKING/KATJA/OUTPUTS/EETC/ERA5/2015/EETC_cum_ERA5_Quebec_1005hPa_2015_compound_8hrs_quantile_SSI_wetdays_ratio.pkl
#executed by process	40 in 681.302s	with status	0 : python /home/vdemeyer/TRACKING/KATJA/POSTPROCESSING/EETCs_stat.py 2015 --sim ERA5 --metric ratio
Number of storms in 2022: 289
Pickle file written for year 2022 in /home/vdemeyer/projects/rrg-gachon/vdemeyer/TRACKING/KATJA/OUTPUTS/EETC/ERA5/2022/EETC_cum_ERA5_Quebec_1005hPa_2022_compound_8hrs_quantile_SSI_wetdays_ratio.pkl
Number of storms in 2016: 332
Pickle file written for year 2016 in /home/vdemeyer/projects/rrg-gachon/vdemeyer/TRACKING/KATJA/OUTPUTS/EETC/ERA5/2016/EETC_cum_ERA5_Quebec_1005hPa_2016_compound_8hrs_quantile_SSI_wetdays_ratio.pkl
#executed by process	31 in 681.702s	with status	0 : python /home/vdemeyer/TRACKING/KATJA/POSTPROCESSING/EETCs_stat.py 2022 --sim ERA5 --metric ratio
#executed by process	32 in 681.902s	with status	0 : python /home/vdemeyer/TRACKING/KATJA/POSTPROCESSING/EETCs_stat.py 2016 --sim ERA5 --metric ratio
Traceback (most recent call last):
  File "/home/vdemeyer/TRACKING/KATJA/POSTPROCESSING/EETCs_stat.py", line 397, in <module>
    main(iyear, sim, ref, output_file)
  File "/home/vdemeyer/TRACKING/KATJA/POSTPROCESSING/EETCs_stat.py", line 179, in main
    percentile_wind['surf_wind'] = percentile_wind.surf_wind * 3.6
                                   ^^^^^^^^^^^^^^^^^^^^^^^^^
  File "/home/vdemeyer/pytrack/lib/python3.11/site-packages/xarray/core/common.py", line 306, in __getattr__
    raise AttributeError(
AttributeError: 'Dataset' object has no attribute 'surf_wind'
#executed by process	34 in 12.0815s	with status	1 : python /home/vdemeyer/TRACKING/KATJA/POSTPROCESSING/EETCs_stat.py 1989 --sim UBB --metric ratio
Traceback (most recent call last):
  File "/home/vdemeyer/TRACKING/KATJA/POSTPROCESSING/EETCs_stat.py", line 397, in <module>
    main(iyear, sim, ref, output_file)
  File "/home/vdemeyer/TRACKING/KATJA/POSTPROCESSING/EETCs_stat.py", line 179, in main
    percentile_wind['surf_wind'] = percentile_wind.surf_wind * 3.6
                                   ^^^^^^^^^^^^^^^^^^^^^^^^^
  File "/home/vdemeyer/pytrack/lib/python3.11/site-packages/xarray/core/common.py", line 306, in __getattr__
    raise AttributeError(
AttributeError: 'Dataset' object has no attribute 'surf_wind'
#executed by process	37 in 12.5512s	with status	1 : python /home/vdemeyer/TRACKING/KATJA/POSTPROCESSING/EETCs_stat.py 1990 --sim UBB --metric ratio
Number of storms in 1979: 280
Pickle file written for year 1979 in /home/vdemeyer/projects/rrg-gachon/vdemeyer/TRACKING/KATJA/OUTPUTS/EETC/ERA5/1979/EETC_cum_ERA5_Quebec_1005hPa_1979_compound_8hrs_quantile_SSI_wetdays_ratio.pkl
#executed by process	8 in 685.965s	with status	0 : python /home/vdemeyer/TRACKING/KATJA/POSTPROCESSING/EETCs_stat.py 1979 --sim ERA5 --metric ratio
Traceback (most recent call last):
  File "/home/vdemeyer/TRACKING/KATJA/POSTPROCESSING/EETCs_stat.py", line 397, in <module>
    main(iyear, sim, ref, output_file)
  File "/home/vdemeyer/TRACKING/KATJA/POSTPROCESSING/EETCs_stat.py", line 179, in main
    percentile_wind['surf_wind'] = percentile_wind.surf_wind * 3.6
                                   ^^^^^^^^^^^^^^^^^^^^^^^^^
  File "/home/vdemeyer/pytrack/lib/python3.11/site-packages/xarray/core/common.py", line 306, in __getattr__
    raise AttributeError(
AttributeError: 'Dataset' object has no attribute 'surf_wind'
#executed by process	33 in 12.4702s	with status	1 : python /home/vdemeyer/TRACKING/KATJA/POSTPROCESSING/EETCs_stat.py 1991 --sim UBB --metric ratio
Traceback (most recent call last):
  File "/home/vdemeyer/TRACKING/KATJA/POSTPROCESSING/EETCs_stat.py", line 397, in <module>
    main(iyear, sim, ref, output_file)
  File "/home/vdemeyer/TRACKING/KATJA/POSTPROCESSING/EETCs_stat.py", line 179, in main
    percentile_wind['surf_wind'] = percentile_wind.surf_wind * 3.6
                                   ^^^^^^^^^^^^^^^^^^^^^^^^^
  File "/home/vdemeyer/pytrack/lib/python3.11/site-packages/xarray/core/common.py", line 306, in __getattr__
    raise AttributeError(
AttributeError: 'Dataset' object has no attribute 'surf_wind'
#executed by process	38 in 12.8908s	with status	1 : python /home/vdemeyer/TRACKING/KATJA/POSTPROCESSING/EETCs_stat.py 1993 --sim UBB --metric ratio
Traceback (most recent call last):
  File "/home/vdemeyer/TRACKING/KATJA/POSTPROCESSING/EETCs_stat.py", line 397, in <module>
    main(iyear, sim, ref, output_file)
  File "/home/vdemeyer/TRACKING/KATJA/POSTPROCESSING/EETCs_stat.py", line 179, in main
    percentile_wind['surf_wind'] = percentile_wind.surf_wind * 3.6
                                   ^^^^^^^^^^^^^^^^^^^^^^^^^
  File "/home/vdemeyer/pytrack/lib/python3.11/site-packages/xarray/core/common.py", line 306, in __getattr__
    raise AttributeError(
AttributeError: 'Dataset' object has no attribute 'surf_wind'
#executed by process	39 in 12.5916s	with status	1 : python /home/vdemeyer/TRACKING/KATJA/POSTPROCESSING/EETCs_stat.py 1994 --sim UBB --metric ratio
Traceback (most recent call last):
  File "/home/vdemeyer/TRACKING/KATJA/POSTPROCESSING/EETCs_stat.py", line 397, in <module>
    main(iyear, sim, ref, output_file)
  File "/home/vdemeyer/TRACKING/KATJA/POSTPROCESSING/EETCs_stat.py", line 179, in main
    percentile_wind['surf_wind'] = percentile_wind.surf_wind * 3.6
                                   ^^^^^^^^^^^^^^^^^^^^^^^^^
  File "/home/vdemeyer/pytrack/lib/python3.11/site-packages/xarray/core/common.py", line 306, in __getattr__
    raise AttributeError(
AttributeError: 'Dataset' object has no attribute 'surf_wind'
#executed by process	30 in 12.3086s	with status	1 : python /home/vdemeyer/TRACKING/KATJA/POSTPROCESSING/EETCs_stat.py 1995 --sim UBB --metric ratio
Number of storms in 2002: 326
Pickle file written for year 2002 in /home/vdemeyer/projects/rrg-gachon/vdemeyer/TRACKING/KATJA/OUTPUTS/EETC/ERA5/2002/EETC_cum_ERA5_Quebec_1005hPa_2002_compound_8hrs_quantile_SSI_wetdays_ratio.pkl
Traceback (most recent call last):
  File "/home/vdemeyer/TRACKING/KATJA/POSTPROCESSING/EETCs_stat.py", line 397, in <module>
    main(iyear, sim, ref, output_file)
  File "/home/vdemeyer/TRACKING/KATJA/POSTPROCESSING/EETCs_stat.py", line 179, in main
    percentile_wind['surf_wind'] = percentile_wind.surf_wind * 3.6
                                   ^^^^^^^^^^^^^^^^^^^^^^^^^
  File "/home/vdemeyer/pytrack/lib/python3.11/site-packages/xarray/core/common.py", line 306, in __getattr__
    raise AttributeError(
AttributeError: 'Dataset' object has no attribute 'surf_wind'
#executed by process	41 in 693.744s	with status	0 : python /home/vdemeyer/TRACKING/KATJA/POSTPROCESSING/EETCs_stat.py 2002 --sim ERA5 --metric ratio
#executed by process	40 in 12.5582s	with status	1 : python /home/vdemeyer/TRACKING/KATJA/POSTPROCESSING/EETCs_stat.py 1996 --sim UBB --metric ratio
Traceback (most recent call last):
  File "/home/vdemeyer/TRACKING/KATJA/POSTPROCESSING/EETCs_stat.py", line 397, in <module>
    main(iyear, sim, ref, output_file)
  File "/home/vdemeyer/TRACKING/KATJA/POSTPROCESSING/EETCs_stat.py", line 179, in main
    percentile_wind['surf_wind'] = percentile_wind.surf_wind * 3.6
                                   ^^^^^^^^^^^^^^^^^^^^^^^^^
  File "/home/vdemeyer/pytrack/lib/python3.11/site-packages/xarray/core/common.py", line 306, in __getattr__
    raise AttributeError(
AttributeError: 'Dataset' object has no attribute 'surf_wind'
Traceback (most recent call last):
  File "/home/vdemeyer/TRACKING/KATJA/POSTPROCESSING/EETCs_stat.py", line 397, in <module>
    main(iyear, sim, ref, output_file)
  File "/home/vdemeyer/TRACKING/KATJA/POSTPROCESSING/EETCs_stat.py", line 179, in main
    percentile_wind['surf_wind'] = percentile_wind.surf_wind * 3.6
                                   ^^^^^^^^^^^^^^^^^^^^^^^^^
  File "/home/vdemeyer/pytrack/lib/python3.11/site-packages/xarray/core/common.py", line 306, in __getattr__
    raise AttributeError(
AttributeError: 'Dataset' object has no attribute 'surf_wind'
#executed by process	32 in 12.3824s	with status	1 : python /home/vdemeyer/TRACKING/KATJA/POSTPROCESSING/EETCs_stat.py 1998 --sim UBB --metric ratio
#executed by process	31 in 12.5396s	with status	1 : python /home/vdemeyer/TRACKING/KATJA/POSTPROCESSING/EETCs_stat.py 1997 --sim UBB --metric ratio
Traceback (most recent call last):
  File "/home/vdemeyer/TRACKING/KATJA/POSTPROCESSING/EETCs_stat.py", line 397, in <module>
    main(iyear, sim, ref, output_file)
  File "/home/vdemeyer/TRACKING/KATJA/POSTPROCESSING/EETCs_stat.py", line 179, in main
    percentile_wind['surf_wind'] = percentile_wind.surf_wind * 3.6
                                   ^^^^^^^^^^^^^^^^^^^^^^^^^
  File "/home/vdemeyer/pytrack/lib/python3.11/site-packages/xarray/core/common.py", line 306, in __getattr__
    raise AttributeError(
AttributeError: 'Dataset' object has no attribute 'surf_wind'
#executed by process	1 in 19.3244s	with status	1 : python /home/vdemeyer/TRACKING/KATJA/POSTPROCESSING/EETCs_stat.py 1992 --sim UBB --metric ratio
Traceback (most recent call last):
  File "/home/vdemeyer/TRACKING/KATJA/POSTPROCESSING/EETCs_stat.py", line 397, in <module>
    main(iyear, sim, ref, output_file)
  File "/home/vdemeyer/TRACKING/KATJA/POSTPROCESSING/EETCs_stat.py", line 179, in main
    percentile_wind['surf_wind'] = percentile_wind.surf_wind * 3.6
                                   ^^^^^^^^^^^^^^^^^^^^^^^^^
  File "/home/vdemeyer/pytrack/lib/python3.11/site-packages/xarray/core/common.py", line 306, in __getattr__
    raise AttributeError(
AttributeError: 'Dataset' object has no attribute 'surf_wind'
Number of storms in 2005: 317
Pickle file written for year 2005 in /home/vdemeyer/projects/rrg-gachon/vdemeyer/TRACKING/KATJA/OUTPUTS/EETC/ERA5/2005/EETC_cum_ERA5_Quebec_1005hPa_2005_compound_8hrs_quantile_SSI_wetdays_ratio.pkl
#executed by process	34 in 12.8165s	with status	1 : python /home/vdemeyer/TRACKING/KATJA/POSTPROCESSING/EETCs_stat.py 1999 --sim UBB --metric ratio
#executed by process	35 in 695.412s	with status	0 : python /home/vdemeyer/TRACKING/KATJA/POSTPROCESSING/EETCs_stat.py 2005 --sim ERA5 --metric ratio
Traceback (most recent call last):
  File "/home/vdemeyer/TRACKING/KATJA/POSTPROCESSING/EETCs_stat.py", line 397, in <module>
    main(iyear, sim, ref, output_file)
  File "/home/vdemeyer/TRACKING/KATJA/POSTPROCESSING/EETCs_stat.py", line 179, in main
    percentile_wind['surf_wind'] = percentile_wind.surf_wind * 3.6
                                   ^^^^^^^^^^^^^^^^^^^^^^^^^
  File "/home/vdemeyer/pytrack/lib/python3.11/site-packages/xarray/core/common.py", line 306, in __getattr__
    raise AttributeError(
AttributeError: 'Dataset' object has no attribute 'surf_wind'
#executed by process	37 in 12.8539s	with status	1 : python /home/vdemeyer/TRACKING/KATJA/POSTPROCESSING/EETCs_stat.py 2000 --sim UBB --metric ratio
Traceback (most recent call last):
  File "/home/vdemeyer/TRACKING/KATJA/POSTPROCESSING/EETCs_stat.py", line 397, in <module>
    main(iyear, sim, ref, output_file)
  File "/home/vdemeyer/TRACKING/KATJA/POSTPROCESSING/EETCs_stat.py", line 179, in main
    percentile_wind['surf_wind'] = percentile_wind.surf_wind * 3.6
                                   ^^^^^^^^^^^^^^^^^^^^^^^^^
  File "/home/vdemeyer/pytrack/lib/python3.11/site-packages/xarray/core/common.py", line 306, in __getattr__
    raise AttributeError(
AttributeError: 'Dataset' object has no attribute 'surf_wind'
#executed by process	8 in 12.8051s	with status	1 : python /home/vdemeyer/TRACKING/KATJA/POSTPROCESSING/EETCs_stat.py 2001 --sim UBB --metric ratio
Traceback (most recent call last):
  File "/home/vdemeyer/TRACKING/KATJA/POSTPROCESSING/EETCs_stat.py", line 397, in <module>
    main(iyear, sim, ref, output_file)
  File "/home/vdemeyer/TRACKING/KATJA/POSTPROCESSING/EETCs_stat.py", line 179, in main
    percentile_wind['surf_wind'] = percentile_wind.surf_wind * 3.6
                                   ^^^^^^^^^^^^^^^^^^^^^^^^^
  File "/home/vdemeyer/pytrack/lib/python3.11/site-packages/xarray/core/common.py", line 306, in __getattr__
    raise AttributeError(
AttributeError: 'Dataset' object has no attribute 'surf_wind'
#executed by process	33 in 13.6311s	with status	1 : python /home/vdemeyer/TRACKING/KATJA/POSTPROCESSING/EETCs_stat.py 2002 --sim UBB --metric ratio
Number of storms in 2010: 321
Pickle file written for year 2010 in /home/vdemeyer/projects/rrg-gachon/vdemeyer/TRACKING/KATJA/OUTPUTS/EETC/ERA5/2010/EETC_cum_ERA5_Quebec_1005hPa_2010_compound_8hrs_quantile_SSI_wetdays_ratio.pkl
#executed by process	36 in 701.444s	with status	0 : python /home/vdemeyer/TRACKING/KATJA/POSTPROCESSING/EETCs_stat.py 2010 --sim ERA5 --metric ratio
Traceback (most recent call last):
  File "/home/vdemeyer/TRACKING/KATJA/POSTPROCESSING/EETCs_stat.py", line 397, in <module>
    main(iyear, sim, ref, output_file)
  File "/home/vdemeyer/TRACKING/KATJA/POSTPROCESSING/EETCs_stat.py", line 179, in main
    percentile_wind['surf_wind'] = percentile_wind.surf_wind * 3.6
                                   ^^^^^^^^^^^^^^^^^^^^^^^^^
  File "/home/vdemeyer/pytrack/lib/python3.11/site-packages/xarray/core/common.py", line 306, in __getattr__
    raise AttributeError(
AttributeError: 'Dataset' object has no attribute 'surf_wind'
#executed by process	38 in 12.9808s	with status	1 : python /home/vdemeyer/TRACKING/KATJA/POSTPROCESSING/EETCs_stat.py 2003 --sim UBB --metric ratio
Traceback (most recent call last):
  File "/home/vdemeyer/TRACKING/KATJA/POSTPROCESSING/EETCs_stat.py", line 397, in <module>
    main(iyear, sim, ref, output_file)
  File "/home/vdemeyer/TRACKING/KATJA/POSTPROCESSING/EETCs_stat.py", line 179, in main
    percentile_wind['surf_wind'] = percentile_wind.surf_wind * 3.6
                                   ^^^^^^^^^^^^^^^^^^^^^^^^^
  File "/home/vdemeyer/pytrack/lib/python3.11/site-packages/xarray/core/common.py", line 306, in __getattr__
    raise AttributeError(
AttributeError: 'Dataset' object has no attribute 'surf_wind'
#executed by process	39 in 12.4495s	with status	1 : python /home/vdemeyer/TRACKING/KATJA/POSTPROCESSING/EETCs_stat.py 2004 --sim UBB --metric ratio
Number of storms in 1989: 280
Pickle file written for year 1989 in /home/vdemeyer/projects/rrg-gachon/vdemeyer/TRACKING/KATJA/OUTPUTS/EETC/ERA5/1989/EETC_cum_ERA5_Quebec_1005hPa_1989_compound_8hrs_quantile_SSI_wetdays_ratio.pkl
#executed by process	26 in 703.753s	with status	0 : python /home/vdemeyer/TRACKING/KATJA/POSTPROCESSING/EETCs_stat.py 1989 --sim ERA5 --metric ratio
Number of storms in 1985: 312
Pickle file written for year 1985 in /home/vdemeyer/projects/rrg-gachon/vdemeyer/TRACKING/KATJA/OUTPUTS/EETC/ERA5/1985/EETC_cum_ERA5_Quebec_1005hPa_1985_compound_8hrs_quantile_SSI_wetdays_ratio.pkl
#executed by process	14 in 703.994s	with status	0 : python /home/vdemeyer/TRACKING/KATJA/POSTPROCESSING/EETCs_stat.py 1985 --sim ERA5 --metric ratio
Traceback (most recent call last):
  File "/home/vdemeyer/TRACKING/KATJA/POSTPROCESSING/EETCs_stat.py", line 397, in <module>
    main(iyear, sim, ref, output_file)
  File "/home/vdemeyer/TRACKING/KATJA/POSTPROCESSING/EETCs_stat.py", line 179, in main
    percentile_wind['surf_wind'] = percentile_wind.surf_wind * 3.6
                                   ^^^^^^^^^^^^^^^^^^^^^^^^^
  File "/home/vdemeyer/pytrack/lib/python3.11/site-packages/xarray/core/common.py", line 306, in __getattr__
    raise AttributeError(
AttributeError: 'Dataset' object has no attribute 'surf_wind'
#executed by process	30 in 12.333s	with status	1 : python /home/vdemeyer/TRACKING/KATJA/POSTPROCESSING/EETCs_stat.py 2005 --sim UBB --metric ratio
Traceback (most recent call last):
  File "/home/vdemeyer/TRACKING/KATJA/POSTPROCESSING/EETCs_stat.py", line 397, in <module>
    main(iyear, sim, ref, output_file)
  File "/home/vdemeyer/TRACKING/KATJA/POSTPROCESSING/EETCs_stat.py", line 179, in main
    percentile_wind['surf_wind'] = percentile_wind.surf_wind * 3.6
                                   ^^^^^^^^^^^^^^^^^^^^^^^^^
  File "/home/vdemeyer/pytrack/lib/python3.11/site-packages/xarray/core/common.py", line 306, in __getattr__
    raise AttributeError(
AttributeError: 'Dataset' object has no attribute 'surf_wind'
Traceback (most recent call last):
  File "/home/vdemeyer/TRACKING/KATJA/POSTPROCESSING/EETCs_stat.py", line 397, in <module>
    main(iyear, sim, ref, output_file)
  File "/home/vdemeyer/TRACKING/KATJA/POSTPROCESSING/EETCs_stat.py", line 179, in main
    percentile_wind['surf_wind'] = percentile_wind.surf_wind * 3.6
                                   ^^^^^^^^^^^^^^^^^^^^^^^^^
  File "/home/vdemeyer/pytrack/lib/python3.11/site-packages/xarray/core/common.py", line 306, in __getattr__
    raise AttributeError(
AttributeError: 'Dataset' object has no attribute 'surf_wind'
#executed by process	40 in 12.5337s	with status	1 : python /home/vdemeyer/TRACKING/KATJA/POSTPROCESSING/EETCs_stat.py 2007 --sim UBB --metric ratio
#executed by process	41 in 12.8367s	with status	1 : python /home/vdemeyer/TRACKING/KATJA/POSTPROCESSING/EETCs_stat.py 2006 --sim UBB --metric ratio
Traceback (most recent call last):
  File "/home/vdemeyer/TRACKING/KATJA/POSTPROCESSING/EETCs_stat.py", line 397, in <module>
    main(iyear, sim, ref, output_file)
  File "/home/vdemeyer/TRACKING/KATJA/POSTPROCESSING/EETCs_stat.py", line 179, in main
    percentile_wind['surf_wind'] = percentile_wind.surf_wind * 3.6
                                   ^^^^^^^^^^^^^^^^^^^^^^^^^
  File "/home/vdemeyer/pytrack/lib/python3.11/site-packages/xarray/core/common.py", line 306, in __getattr__
    raise AttributeError(
AttributeError: 'Dataset' object has no attribute 'surf_wind'
Traceback (most recent call last):
  File "/home/vdemeyer/TRACKING/KATJA/POSTPROCESSING/EETCs_stat.py", line 397, in <module>
    main(iyear, sim, ref, output_file)
  File "/home/vdemeyer/TRACKING/KATJA/POSTPROCESSING/EETCs_stat.py", line 179, in main
    percentile_wind['surf_wind'] = percentile_wind.surf_wind * 3.6
                                   ^^^^^^^^^^^^^^^^^^^^^^^^^
  File "/home/vdemeyer/pytrack/lib/python3.11/site-packages/xarray/core/common.py", line 306, in __getattr__
    raise AttributeError(
AttributeError: 'Dataset' object has no attribute 'surf_wind'
#executed by process	32 in 12.6602s	with status	1 : python /home/vdemeyer/TRACKING/KATJA/POSTPROCESSING/EETCs_stat.py 2008 --sim UBB --metric ratio
#executed by process	31 in 12.7348s	with status	1 : python /home/vdemeyer/TRACKING/KATJA/POSTPROCESSING/EETCs_stat.py 2009 --sim UBB --metric ratio
Traceback (most recent call last):
  File "/home/vdemeyer/TRACKING/KATJA/POSTPROCESSING/EETCs_stat.py", line 397, in <module>
    main(iyear, sim, ref, output_file)
  File "/home/vdemeyer/TRACKING/KATJA/POSTPROCESSING/EETCs_stat.py", line 179, in main
    percentile_wind['surf_wind'] = percentile_wind.surf_wind * 3.6
                                   ^^^^^^^^^^^^^^^^^^^^^^^^^
  File "/home/vdemeyer/pytrack/lib/python3.11/site-packages/xarray/core/common.py", line 306, in __getattr__
    raise AttributeError(
AttributeError: 'Dataset' object has no attribute 'surf_wind'
Traceback (most recent call last):
  File "/home/vdemeyer/TRACKING/KATJA/POSTPROCESSING/EETCs_stat.py", line 397, in <module>
    main(iyear, sim, ref, output_file)
  File "/home/vdemeyer/TRACKING/KATJA/POSTPROCESSING/EETCs_stat.py", line 179, in main
    percentile_wind['surf_wind'] = percentile_wind.surf_wind * 3.6
                                   ^^^^^^^^^^^^^^^^^^^^^^^^^
  File "/home/vdemeyer/pytrack/lib/python3.11/site-packages/xarray/core/common.py", line 306, in __getattr__
    raise AttributeError(
AttributeError: 'Dataset' object has no attribute 'surf_wind'
#executed by process	1 in 12.842s	with status	1 : python /home/vdemeyer/TRACKING/KATJA/POSTPROCESSING/EETCs_stat.py 2010 --sim UBB --metric ratio
#executed by process	34 in 12.564s	with status	1 : python /home/vdemeyer/TRACKING/KATJA/POSTPROCESSING/EETCs_stat.py 2011 --sim UBB --metric ratio
Traceback (most recent call last):
  File "/home/vdemeyer/TRACKING/KATJA/POSTPROCESSING/EETCs_stat.py", line 397, in <module>
    main(iyear, sim, ref, output_file)
  File "/home/vdemeyer/TRACKING/KATJA/POSTPROCESSING/EETCs_stat.py", line 179, in main
    percentile_wind['surf_wind'] = percentile_wind.surf_wind * 3.6
                                   ^^^^^^^^^^^^^^^^^^^^^^^^^
  File "/home/vdemeyer/pytrack/lib/python3.11/site-packages/xarray/core/common.py", line 306, in __getattr__
    raise AttributeError(
AttributeError: 'Dataset' object has no attribute 'surf_wind'
#executed by process	35 in 12.9277s	with status	1 : python /home/vdemeyer/TRACKING/KATJA/POSTPROCESSING/EETCs_stat.py 2012 --sim UBB --metric ratio
Number of storms in 2012: 311
Pickle file written for year 2012 in /home/vdemeyer/projects/rrg-gachon/vdemeyer/TRACKING/KATJA/OUTPUTS/EETC/ERA5/2012/EETC_cum_ERA5_Quebec_1005hPa_2012_compound_8hrs_quantile_SSI_wetdays_ratio.pkl
Traceback (most recent call last):
  File "/home/vdemeyer/TRACKING/KATJA/POSTPROCESSING/EETCs_stat.py", line 397, in <module>
    main(iyear, sim, ref, output_file)
  File "/home/vdemeyer/TRACKING/KATJA/POSTPROCESSING/EETCs_stat.py", line 179, in main
    percentile_wind['surf_wind'] = percentile_wind.surf_wind * 3.6
                                   ^^^^^^^^^^^^^^^^^^^^^^^^^
  File "/home/vdemeyer/pytrack/lib/python3.11/site-packages/xarray/core/common.py", line 306, in __getattr__
    raise AttributeError(
AttributeError: 'Dataset' object has no attribute 'surf_wind'
#executed by process	43 in 709.839s	with status	0 : python /home/vdemeyer/TRACKING/KATJA/POSTPROCESSING/EETCs_stat.py 2012 --sim ERA5 --metric ratio
#executed by process	37 in 12.6278s	with status	1 : python /home/vdemeyer/TRACKING/KATJA/POSTPROCESSING/EETCs_stat.py 2013 --sim UBB --metric ratio
Traceback (most recent call last):
  File "/home/vdemeyer/TRACKING/KATJA/POSTPROCESSING/EETCs_stat.py", line 397, in <module>
    main(iyear, sim, ref, output_file)
  File "/home/vdemeyer/TRACKING/KATJA/POSTPROCESSING/EETCs_stat.py", line 179, in main
    percentile_wind['surf_wind'] = percentile_wind.surf_wind * 3.6
                                   ^^^^^^^^^^^^^^^^^^^^^^^^^
  File "/home/vdemeyer/pytrack/lib/python3.11/site-packages/xarray/core/common.py", line 306, in __getattr__
    raise AttributeError(
AttributeError: 'Dataset' object has no attribute 'surf_wind'
#executed by process	8 in 12.8491s	with status	1 : python /home/vdemeyer/TRACKING/KATJA/POSTPROCESSING/EETCs_stat.py 2014 --sim UBB --metric ratio
Number of storms in 2014: 328
Pickle file written for year 2014 in /home/vdemeyer/projects/rrg-gachon/vdemeyer/TRACKING/KATJA/OUTPUTS/EETC/ERA5/2014/EETC_cum_ERA5_Quebec_1005hPa_2014_compound_8hrs_quantile_SSI_wetdays_ratio.pkl
#executed by process	42 in 711.89s	with status	0 : python /home/vdemeyer/TRACKING/KATJA/POSTPROCESSING/EETCs_stat.py 2014 --sim ERA5 --metric ratio
Traceback (most recent call last):
  File "/home/vdemeyer/TRACKING/KATJA/POSTPROCESSING/EETCs_stat.py", line 397, in <module>
    main(iyear, sim, ref, output_file)
  File "/home/vdemeyer/TRACKING/KATJA/POSTPROCESSING/EETCs_stat.py", line 179, in main
    percentile_wind['surf_wind'] = percentile_wind.surf_wind * 3.6
                                   ^^^^^^^^^^^^^^^^^^^^^^^^^
  File "/home/vdemeyer/pytrack/lib/python3.11/site-packages/xarray/core/common.py", line 306, in __getattr__
    raise AttributeError(
AttributeError: 'Dataset' object has no attribute 'surf_wind'
#executed by process	33 in 12.4909s	with status	1 : python /home/vdemeyer/TRACKING/KATJA/POSTPROCESSING/EETCs_stat.py 2015 --sim UBB --metric ratio
Traceback (most recent call last):
  File "/home/vdemeyer/TRACKING/KATJA/POSTPROCESSING/EETCs_stat.py", line 397, in <module>
    main(iyear, sim, ref, output_file)
  File "/home/vdemeyer/TRACKING/KATJA/POSTPROCESSING/EETCs_stat.py", line 179, in main
    percentile_wind['surf_wind'] = percentile_wind.surf_wind * 3.6
                                   ^^^^^^^^^^^^^^^^^^^^^^^^^
  File "/home/vdemeyer/pytrack/lib/python3.11/site-packages/xarray/core/common.py", line 306, in __getattr__
    raise AttributeError(
AttributeError: 'Dataset' object has no attribute 'surf_wind'
#executed by process	36 in 12.318s	with status	1 : python /home/vdemeyer/TRACKING/KATJA/POSTPROCESSING/EETCs_stat.py 2016 --sim UBB --metric ratio
Traceback (most recent call last):
  File "/home/vdemeyer/TRACKING/KATJA/POSTPROCESSING/EETCs_stat.py", line 397, in <module>
    main(iyear, sim, ref, output_file)
  File "/home/vdemeyer/TRACKING/KATJA/POSTPROCESSING/EETCs_stat.py", line 179, in main
    percentile_wind['surf_wind'] = percentile_wind.surf_wind * 3.6
                                   ^^^^^^^^^^^^^^^^^^^^^^^^^
  File "/home/vdemeyer/pytrack/lib/python3.11/site-packages/xarray/core/common.py", line 306, in __getattr__
    raise AttributeError(
AttributeError: 'Dataset' object has no attribute 'surf_wind'
#executed by process	38 in 12.8577s	with status	1 : python /home/vdemeyer/TRACKING/KATJA/POSTPROCESSING/EETCs_stat.py 2017 --sim UBB --metric ratio
Traceback (most recent call last):
  File "/home/vdemeyer/TRACKING/KATJA/POSTPROCESSING/EETCs_stat.py", line 397, in <module>
    main(iyear, sim, ref, output_file)
  File "/home/vdemeyer/TRACKING/KATJA/POSTPROCESSING/EETCs_stat.py", line 179, in main
    percentile_wind['surf_wind'] = percentile_wind.surf_wind * 3.6
                                   ^^^^^^^^^^^^^^^^^^^^^^^^^
  File "/home/vdemeyer/pytrack/lib/python3.11/site-packages/xarray/core/common.py", line 306, in __getattr__
    raise AttributeError(
AttributeError: 'Dataset' object has no attribute 'surf_wind'
#executed by process	39 in 12.5931s	with status	1 : python /home/vdemeyer/TRACKING/KATJA/POSTPROCESSING/EETCs_stat.py 2018 --sim UBB --metric ratio
Traceback (most recent call last):
  File "/home/vdemeyer/TRACKING/KATJA/POSTPROCESSING/EETCs_stat.py", line 397, in <module>
    main(iyear, sim, ref, output_file)
  File "/home/vdemeyer/TRACKING/KATJA/POSTPROCESSING/EETCs_stat.py", line 179, in main
    percentile_wind['surf_wind'] = percentile_wind.surf_wind * 3.6
                                   ^^^^^^^^^^^^^^^^^^^^^^^^^
  File "/home/vdemeyer/pytrack/lib/python3.11/site-packages/xarray/core/common.py", line 306, in __getattr__
    raise AttributeError(
AttributeError: 'Dataset' object has no attribute 'surf_wind'
#executed by process	14 in 13.0199s	with status	1 : python /home/vdemeyer/TRACKING/KATJA/POSTPROCESSING/EETCs_stat.py 2020 --sim UBB --metric ratio
Traceback (most recent call last):
  File "/home/vdemeyer/TRACKING/KATJA/POSTPROCESSING/EETCs_stat.py", line 397, in <module>
    main(iyear, sim, ref, output_file)
  File "/home/vdemeyer/TRACKING/KATJA/POSTPROCESSING/EETCs_stat.py", line 179, in main
    percentile_wind['surf_wind'] = percentile_wind.surf_wind * 3.6
                                   ^^^^^^^^^^^^^^^^^^^^^^^^^
  File "/home/vdemeyer/pytrack/lib/python3.11/site-packages/xarray/core/common.py", line 306, in __getattr__
    raise AttributeError(
AttributeError: 'Dataset' object has no attribute 'surf_wind'
Traceback (most recent call last):
  File "/home/vdemeyer/TRACKING/KATJA/POSTPROCESSING/EETCs_stat.py", line 397, in <module>
    main(iyear, sim, ref, output_file)
  File "/home/vdemeyer/TRACKING/KATJA/POSTPROCESSING/EETCs_stat.py", line 179, in main
    percentile_wind['surf_wind'] = percentile_wind.surf_wind * 3.6
                                   ^^^^^^^^^^^^^^^^^^^^^^^^^
  File "/home/vdemeyer/pytrack/lib/python3.11/site-packages/xarray/core/common.py", line 306, in __getattr__
    raise AttributeError(
AttributeError: 'Dataset' object has no attribute 'surf_wind'
#executed by process	30 in 13.1842s	with status	1 : python /home/vdemeyer/TRACKING/KATJA/POSTPROCESSING/EETCs_stat.py 2021 --sim UBB --metric ratio
#executed by process	41 in 12.1261s	with status	1 : python /home/vdemeyer/TRACKING/KATJA/POSTPROCESSING/EETCs_stat.py 2023 --sim UBB --metric ratio
Traceback (most recent call last):
  File "/home/vdemeyer/TRACKING/KATJA/POSTPROCESSING/EETCs_stat.py", line 397, in <module>
    main(iyear, sim, ref, output_file)
  File "/home/vdemeyer/TRACKING/KATJA/POSTPROCESSING/EETCs_stat.py", line 179, in main
    percentile_wind['surf_wind'] = percentile_wind.surf_wind * 3.6
                                   ^^^^^^^^^^^^^^^^^^^^^^^^^
  File "/home/vdemeyer/pytrack/lib/python3.11/site-packages/xarray/core/common.py", line 306, in __getattr__
    raise AttributeError(
AttributeError: 'Dataset' object has no attribute 'surf_wind'
#executed by process	40 in 12.6087s	with status	1 : python /home/vdemeyer/TRACKING/KATJA/POSTPROCESSING/EETCs_stat.py 2022 --sim UBB --metric ratio
Traceback (most recent call last):
  File "/home/vdemeyer/TRACKING/KATJA/POSTPROCESSING/EETCs_stat.py", line 397, in <module>
    main(iyear, sim, ref, output_file)
  File "/home/vdemeyer/TRACKING/KATJA/POSTPROCESSING/EETCs_stat.py", line 179, in main
    percentile_wind['surf_wind'] = percentile_wind.surf_wind * 3.6
                                   ^^^^^^^^^^^^^^^^^^^^^^^^^
  File "/home/vdemeyer/pytrack/lib/python3.11/site-packages/xarray/core/common.py", line 306, in __getattr__
    raise AttributeError(
AttributeError: 'Dataset' object has no attribute 'surf_wind'
#executed by process	26 in 23.6862s	with status	1 : python /home/vdemeyer/TRACKING/KATJA/POSTPROCESSING/EETCs_stat.py 2019 --sim UBB --metric ratio
Number of storms in 1981: 307
Pickle file written for year 1981 in /home/vdemeyer/projects/rrg-gachon/vdemeyer/TRACKING/KATJA/OUTPUTS/EETC/ERA5/1981/EETC_cum_ERA5_Quebec_1005hPa_1981_compound_8hrs_quantile_SSI_wetdays_ratio.pkl
#executed by process	4 in 731.094s	with status	0 : python /home/vdemeyer/TRACKING/KATJA/POSTPROCESSING/EETCs_stat.py 1981 --sim ERA5 --metric ratio
Number of storms in 1986: 317
Pickle file written for year 1986 in /home/vdemeyer/projects/rrg-gachon/vdemeyer/TRACKING/KATJA/OUTPUTS/EETC/ERA5/1986/EETC_cum_ERA5_Quebec_1005hPa_1986_compound_8hrs_quantile_SSI_wetdays_ratio.pkl
#executed by process	2 in 731.309s	with status	0 : python /home/vdemeyer/TRACKING/KATJA/POSTPROCESSING/EETCs_stat.py 1986 --sim ERA5 --metric ratio
Number of storms in 1987: 320
Pickle file written for year 1987 in /home/vdemeyer/projects/rrg-gachon/vdemeyer/TRACKING/KATJA/OUTPUTS/EETC/ERA5/1987/EETC_cum_ERA5_Quebec_1005hPa_1987_compound_8hrs_quantile_SSI_wetdays_ratio.pkl
#executed by process	6 in 737.533s	with status	0 : python /home/vdemeyer/TRACKING/KATJA/POSTPROCESSING/EETCs_stat.py 1987 --sim ERA5 --metric ratio
Number of storms in 1998: 302
Pickle file written for year 1998 in /home/vdemeyer/projects/rrg-gachon/vdemeyer/TRACKING/KATJA/OUTPUTS/EETC/ERA5/1998/EETC_cum_ERA5_Quebec_1005hPa_1998_compound_8hrs_quantile_SSI_wetdays_ratio.pkl
#executed by process	11 in 747.942s	with status	0 : python /home/vdemeyer/TRACKING/KATJA/POSTPROCESSING/EETCs_stat.py 1998 --sim ERA5 --metric ratio
Number of storms in 1988: 322
Pickle file written for year 1988 in /home/vdemeyer/projects/rrg-gachon/vdemeyer/TRACKING/KATJA/OUTPUTS/EETC/ERA5/1988/EETC_cum_ERA5_Quebec_1005hPa_1988_compound_8hrs_quantile_SSI_wetdays_ratio.pkl
#executed by process	10 in 753.229s	with status	0 : python /home/vdemeyer/TRACKING/KATJA/POSTPROCESSING/EETCs_stat.py 1988 --sim ERA5 --metric ratio
Number of storms in 2000: 325
Pickle file written for year 2000 in /home/vdemeyer/projects/rrg-gachon/vdemeyer/TRACKING/KATJA/OUTPUTS/EETC/ERA5/2000/EETC_cum_ERA5_Quebec_1005hPa_2000_compound_8hrs_quantile_SSI_wetdays_ratio.pkl
#executed by process	25 in 756.715s	with status	0 : python /home/vdemeyer/TRACKING/KATJA/POSTPROCESSING/EETCs_stat.py 2000 --sim ERA5 --metric ratio
Number of storms in 1993: 332
Pickle file written for year 1993 in /home/vdemeyer/projects/rrg-gachon/vdemeyer/TRACKING/KATJA/OUTPUTS/EETC/ERA5/1993/EETC_cum_ERA5_Quebec_1005hPa_1993_compound_8hrs_quantile_SSI_wetdays_ratio.pkl
Number of storms in 1996: 304
Pickle file written for year 1996 in /home/vdemeyer/projects/rrg-gachon/vdemeyer/TRACKING/KATJA/OUTPUTS/EETC/ERA5/1996/EETC_cum_ERA5_Quebec_1005hPa_1996_compound_8hrs_quantile_SSI_wetdays_ratio.pkl
#executed by process	3 in 760.297s	with status	0 : python /home/vdemeyer/TRACKING/KATJA/POSTPROCESSING/EETCs_stat.py 1993 --sim ERA5 --metric ratio
#executed by process	7 in 760.37s	with status	0 : python /home/vdemeyer/TRACKING/KATJA/POSTPROCESSING/EETCs_stat.py 1996 --sim ERA5 --metric ratio
Number of storms in 2001: 307
Pickle file written for year 2001 in /home/vdemeyer/projects/rrg-gachon/vdemeyer/TRACKING/KATJA/OUTPUTS/EETC/ERA5/2001/EETC_cum_ERA5_Quebec_1005hPa_2001_compound_8hrs_quantile_SSI_wetdays_ratio.pkl
#executed by process	27 in 762.114s	with status	0 : python /home/vdemeyer/TRACKING/KATJA/POSTPROCESSING/EETCs_stat.py 2001 --sim ERA5 --metric ratio
Number of storms in 1983: 334
Pickle file written for year 1983 in /home/vdemeyer/projects/rrg-gachon/vdemeyer/TRACKING/KATJA/OUTPUTS/EETC/ERA5/1983/EETC_cum_ERA5_Quebec_1005hPa_1983_compound_8hrs_quantile_SSI_wetdays_ratio.pkl
#executed by process	12 in 762.536s	with status	0 : python /home/vdemeyer/TRACKING/KATJA/POSTPROCESSING/EETCs_stat.py 1983 --sim ERA5 --metric ratio
Number of storms in 1982: 285
Pickle file written for year 1982 in /home/vdemeyer/projects/rrg-gachon/vdemeyer/TRACKING/KATJA/OUTPUTS/EETC/ERA5/1982/EETC_cum_ERA5_Quebec_1005hPa_1982_compound_8hrs_quantile_SSI_wetdays_ratio.pkl
#executed by process	16 in 764.867s	with status	0 : python /home/vdemeyer/TRACKING/KATJA/POSTPROCESSING/EETCs_stat.py 1982 --sim ERA5 --metric ratio
Number of storms in 1995: 311
Pickle file written for year 1995 in /home/vdemeyer/projects/rrg-gachon/vdemeyer/TRACKING/KATJA/OUTPUTS/EETC/ERA5/1995/EETC_cum_ERA5_Quebec_1005hPa_1995_compound_8hrs_quantile_SSI_wetdays_ratio.pkl
Number of storms in 2007: 322
Pickle file written for year 2007 in /home/vdemeyer/projects/rrg-gachon/vdemeyer/TRACKING/KATJA/OUTPUTS/EETC/ERA5/2007/EETC_cum_ERA5_Quebec_1005hPa_2007_compound_8hrs_quantile_SSI_wetdays_ratio.pkl
#executed by process	13 in 765.836s	with status	0 : python /home/vdemeyer/TRACKING/KATJA/POSTPROCESSING/EETCs_stat.py 1995 --sim ERA5 --metric ratio
#executed by process	29 in 765.885s	with status	0 : python /home/vdemeyer/TRACKING/KATJA/POSTPROCESSING/EETCs_stat.py 2007 --sim ERA5 --metric ratio
Number of storms in 1997: 331
Pickle file written for year 1997 in /home/vdemeyer/projects/rrg-gachon/vdemeyer/TRACKING/KATJA/OUTPUTS/EETC/ERA5/1997/EETC_cum_ERA5_Quebec_1005hPa_1997_compound_8hrs_quantile_SSI_wetdays_ratio.pkl
#executed by process	9 in 771.774s	with status	0 : python /home/vdemeyer/TRACKING/KATJA/POSTPROCESSING/EETCs_stat.py 1997 --sim ERA5 --metric ratio
Number of storms in 2009: 300
Pickle file written for year 2009 in /home/vdemeyer/projects/rrg-gachon/vdemeyer/TRACKING/KATJA/OUTPUTS/EETC/ERA5/2009/EETC_cum_ERA5_Quebec_1005hPa_2009_compound_8hrs_quantile_SSI_wetdays_ratio.pkl
#executed by process	22 in 776.201s	with status	0 : python /home/vdemeyer/TRACKING/KATJA/POSTPROCESSING/EETCs_stat.py 2009 --sim ERA5 --metric ratio
Number of storms in 1980: 336
Pickle file written for year 1980 in /home/vdemeyer/projects/rrg-gachon/vdemeyer/TRACKING/KATJA/OUTPUTS/EETC/ERA5/1980/EETC_cum_ERA5_Quebec_1005hPa_1980_compound_8hrs_quantile_SSI_wetdays_ratio.pkl
Number of storms in 1992: 344
Pickle file written for year 1992 in /home/vdemeyer/projects/rrg-gachon/vdemeyer/TRACKING/KATJA/OUTPUTS/EETC/ERA5/1992/EETC_cum_ERA5_Quebec_1005hPa_1992_compound_8hrs_quantile_SSI_wetdays_ratio.pkl
#executed by process	28 in 777.462s	with status	0 : python /home/vdemeyer/TRACKING/KATJA/POSTPROCESSING/EETCs_stat.py 1980 --sim ERA5 --metric ratio
#executed by process	5 in 777.668s	with status	0 : python /home/vdemeyer/TRACKING/KATJA/POSTPROCESSING/EETCs_stat.py 1992 --sim ERA5 --metric ratio
Number of storms in 2004: 309
Pickle file written for year 2004 in /home/vdemeyer/projects/rrg-gachon/vdemeyer/TRACKING/KATJA/OUTPUTS/EETC/ERA5/2004/EETC_cum_ERA5_Quebec_1005hPa_2004_compound_8hrs_quantile_SSI_wetdays_ratio.pkl
#executed by process	23 in 797.535s	with status	0 : python /home/vdemeyer/TRACKING/KATJA/POSTPROCESSING/EETCs_stat.py 2004 --sim ERA5 --metric ratio
Number of storms in 2011: 327
Pickle file written for year 2011 in /home/vdemeyer/projects/rrg-gachon/vdemeyer/TRACKING/KATJA/OUTPUTS/EETC/ERA5/2011/EETC_cum_ERA5_Quebec_1005hPa_2011_compound_8hrs_quantile_SSI_wetdays_ratio.pkl
#executed by process	17 in 802.098s	with status	0 : python /home/vdemeyer/TRACKING/KATJA/POSTPROCESSING/EETCs_stat.py 2011 --sim ERA5 --metric ratio
Number of storms in 1999: 306
Pickle file written for year 1999 in /home/vdemeyer/projects/rrg-gachon/vdemeyer/TRACKING/KATJA/OUTPUTS/EETC/ERA5/1999/EETC_cum_ERA5_Quebec_1005hPa_1999_compound_8hrs_quantile_SSI_wetdays_ratio.pkl
#executed by process	24 in 811.482s	with status	0 : python /home/vdemeyer/TRACKING/KATJA/POSTPROCESSING/EETCs_stat.py 1999 --sim ERA5 --metric ratio
Number of storms in 1990: 337
Pickle file written for year 1990 in /home/vdemeyer/projects/rrg-gachon/vdemeyer/TRACKING/KATJA/OUTPUTS/EETC/ERA5/1990/EETC_cum_ERA5_Quebec_1005hPa_1990_compound_8hrs_quantile_SSI_wetdays_ratio.pkl
#executed by process	18 in 811.916s	with status	0 : python /home/vdemeyer/TRACKING/KATJA/POSTPROCESSING/EETCs_stat.py 1990 --sim ERA5 --metric ratio
Number of storms in 2006: 326
Pickle file written for year 2006 in /home/vdemeyer/projects/rrg-gachon/vdemeyer/TRACKING/KATJA/OUTPUTS/EETC/ERA5/2006/EETC_cum_ERA5_Quebec_1005hPa_2006_compound_8hrs_quantile_SSI_wetdays_ratio.pkl
#executed by process	21 in 837.81s	with status	0 : python /home/vdemeyer/TRACKING/KATJA/POSTPROCESSING/EETCs_stat.py 2006 --sim ERA5 --metric ratio
Number of storms in 2021: 336
Pickle file written for year 2021 in /home/vdemeyer/projects/rrg-gachon/vdemeyer/TRACKING/KATJA/OUTPUTS/EETC/ERA5/2021/EETC_cum_ERA5_Quebec_1005hPa_2021_compound_8hrs_quantile_SSI_wetdays_ratio.pkl
#executed by process	15 in 873.956s	with status	0 : python /home/vdemeyer/TRACKING/KATJA/POSTPROCESSING/EETCs_stat.py 2021 --sim ERA5 --metric ratio
Number of storms in 2008: 323
Pickle file written for year 2008 in /home/vdemeyer/projects/rrg-gachon/vdemeyer/TRACKING/KATJA/OUTPUTS/EETC/ERA5/2008/EETC_cum_ERA5_Quebec_1005hPa_2008_compound_8hrs_quantile_SSI_wetdays_ratio.pkl
#executed by process	19 in 884.235s	with status	0 : python /home/vdemeyer/TRACKING/KATJA/POSTPROCESSING/EETCs_stat.py 2008 --sim ERA5 --metric ratio
Number of storms in 1984: 305
Pickle file written for year 1984 in /home/vdemeyer/projects/rrg-gachon/vdemeyer/TRACKING/KATJA/OUTPUTS/EETC/ERA5/1984/EETC_cum_ERA5_Quebec_1005hPa_1984_compound_8hrs_quantile_SSI_wetdays_ratio.pkl
#executed by process	20 in 929.398s	with status	0 : python /home/vdemeyer/TRACKING/KATJA/POSTPROCESSING/EETCs_stat.py 1984 --sim ERA5 --metric ratio
Number of storms in 2023: 178
Pickle file written for year 2023 in /home/vdemeyer/projects/rrg-gachon/vdemeyer/TRACKING/KATJA/OUTPUTS/EETC/ERA5/2023/EETC_cum_ERA5_Quebec_1005hPa_2023_compound_8hrs_quantile_SSI_wetdays_ratio.pkl
#executed by process	44 in 365.632s	with status	0 : python /home/vdemeyer/TRACKING/KATJA/POSTPROCESSING/EETCs_stat.py 2023 --sim ERA5 --metric ratio
Number of storms in 1979: 121
Pickle file written for year 1979 in /home/vdemeyer/projects/rrg-gachon/vdemeyer/TRACKING/KATJA/OUTPUTS/EETC/UBD/1979/EETC_cum_UBD_Quebec_1005hPa_1979_compound_8hrs_quantile_SSI_wetdays_ratio.pkl
#executed by process	32 in 440.008s	with status	0 : python /home/vdemeyer/TRACKING/KATJA/POSTPROCESSING/EETCs_stat.py 1979 --sim UBD --metric ratio
Number of storms in 1979: 110
Pickle file written for year 1979 in /home/vdemeyer/projects/rrg-gachon/vdemeyer/TRACKING/KATJA/OUTPUTS/EETC/UBE/1979/EETC_cum_UBE_Quebec_1005hPa_1979_compound_8hrs_quantile_SSI_wetdays_ratio.pkl
#executed by process	17 in 494.32s	with status	0 : python /home/vdemeyer/TRACKING/KATJA/POSTPROCESSING/EETCs_stat.py 1979 --sim UBE --metric ratio
Number of storms in 1985: 339
Pickle file written for year 1985 in /home/vdemeyer/projects/rrg-gachon/vdemeyer/TRACKING/KATJA/OUTPUTS/EETC/UBD/1985/EETC_cum_UBD_Quebec_1005hPa_1985_compound_8hrs_quantile_SSI_wetdays_ratio.pkl
#executed by process	37 in 1072.26s	with status	0 : python /home/vdemeyer/TRACKING/KATJA/POSTPROCESSING/EETCs_stat.py 1985 --sim UBD --metric ratio
Number of storms in 1990: 318
Pickle file written for year 1990 in /home/vdemeyer/projects/rrg-gachon/vdemeyer/TRACKING/KATJA/OUTPUTS/EETC/UBD/1990/EETC_cum_UBD_Quebec_1005hPa_1990_compound_8hrs_quantile_SSI_wetdays_ratio.pkl
#executed by process	38 in 1132.34s	with status	0 : python /home/vdemeyer/TRACKING/KATJA/POSTPROCESSING/EETCs_stat.py 1990 --sim UBD --metric ratio
Number of storms in 1982: 332
Pickle file written for year 1982 in /home/vdemeyer/projects/rrg-gachon/vdemeyer/TRACKING/KATJA/OUTPUTS/EETC/UBD/1982/EETC_cum_UBD_Quebec_1005hPa_1982_compound_8hrs_quantile_SSI_wetdays_ratio.pkl
#executed by process	34 in 1148.54s	with status	0 : python /home/vdemeyer/TRACKING/KATJA/POSTPROCESSING/EETCs_stat.py 1982 --sim UBD --metric ratio
Number of storms in 1991: 315
Pickle file written for year 1991 in /home/vdemeyer/projects/rrg-gachon/vdemeyer/TRACKING/KATJA/OUTPUTS/EETC/UBD/1991/EETC_cum_UBD_Quebec_1005hPa_1991_compound_8hrs_quantile_SSI_wetdays_ratio.pkl
#executed by process	39 in 1152.21s	with status	0 : python /home/vdemeyer/TRACKING/KATJA/POSTPROCESSING/EETCs_stat.py 1991 --sim UBD --metric ratio
Number of storms in 1980: 322
Pickle file written for year 1980 in /home/vdemeyer/projects/rrg-gachon/vdemeyer/TRACKING/KATJA/OUTPUTS/EETC/UBD/1980/EETC_cum_UBD_Quebec_1005hPa_1980_compound_8hrs_quantile_SSI_wetdays_ratio.pkl
#executed by process	31 in 1191.26s	with status	0 : python /home/vdemeyer/TRACKING/KATJA/POSTPROCESSING/EETCs_stat.py 1980 --sim UBD --metric ratio
Number of storms in 1989: 336
Pickle file written for year 1989 in /home/vdemeyer/projects/rrg-gachon/vdemeyer/TRACKING/KATJA/OUTPUTS/EETC/UBD/1989/EETC_cum_UBD_Quebec_1005hPa_1989_compound_8hrs_quantile_SSI_wetdays_ratio.pkl
#executed by process	36 in 1187.24s	with status	0 : python /home/vdemeyer/TRACKING/KATJA/POSTPROCESSING/EETCs_stat.py 1989 --sim UBD --metric ratio
Number of storms in 1994: 340
Pickle file written for year 1994 in /home/vdemeyer/projects/rrg-gachon/vdemeyer/TRACKING/KATJA/OUTPUTS/EETC/UBD/1994/EETC_cum_UBD_Quebec_1005hPa_1994_compound_8hrs_quantile_SSI_wetdays_ratio.pkl
#executed by process	41 in 1183.93s	with status	0 : python /home/vdemeyer/TRACKING/KATJA/POSTPROCESSING/EETCs_stat.py 1994 --sim UBD --metric ratio
Number of storms in 1998: 297
Pickle file written for year 1998 in /home/vdemeyer/projects/rrg-gachon/vdemeyer/TRACKING/KATJA/OUTPUTS/EETC/UBD/1998/EETC_cum_UBD_Quebec_1005hPa_1998_compound_8hrs_quantile_SSI_wetdays_ratio.pkl
#executed by process	2 in 1181.01s	with status	0 : python /home/vdemeyer/TRACKING/KATJA/POSTPROCESSING/EETCs_stat.py 1998 --sim UBD --metric ratio
Number of storms in 1983: 365
Pickle file written for year 1983 in /home/vdemeyer/projects/rrg-gachon/vdemeyer/TRACKING/KATJA/OUTPUTS/EETC/UBD/1983/EETC_cum_UBD_Quebec_1005hPa_1983_compound_8hrs_quantile_SSI_wetdays_ratio.pkl
#executed by process	35 in 1209.52s	with status	0 : python /home/vdemeyer/TRACKING/KATJA/POSTPROCESSING/EETCs_stat.py 1983 --sim UBD --metric ratio
Number of storms in 1984: 335
Pickle file written for year 1984 in /home/vdemeyer/projects/rrg-gachon/vdemeyer/TRACKING/KATJA/OUTPUTS/EETC/UBD/1984/EETC_cum_UBD_Quebec_1005hPa_1984_compound_8hrs_quantile_SSI_wetdays_ratio.pkl
#executed by process	43 in 1213.88s	with status	0 : python /home/vdemeyer/TRACKING/KATJA/POSTPROCESSING/EETCs_stat.py 1984 --sim UBD --metric ratio
Number of storms in 1988: 325
Pickle file written for year 1988 in /home/vdemeyer/projects/rrg-gachon/vdemeyer/TRACKING/KATJA/OUTPUTS/EETC/UBD/1988/EETC_cum_UBD_Quebec_1005hPa_1988_compound_8hrs_quantile_SSI_wetdays_ratio.pkl
#executed by process	33 in 1211.73s	with status	0 : python /home/vdemeyer/TRACKING/KATJA/POSTPROCESSING/EETCs_stat.py 1988 --sim UBD --metric ratio
Number of storms in 1981: 324
Pickle file written for year 1981 in /home/vdemeyer/projects/rrg-gachon/vdemeyer/TRACKING/KATJA/OUTPUTS/EETC/UBD/1981/EETC_cum_UBD_Quebec_1005hPa_1981_compound_8hrs_quantile_SSI_wetdays_ratio.pkl
#executed by process	1 in 1220.02s	with status	0 : python /home/vdemeyer/TRACKING/KATJA/POSTPROCESSING/EETCs_stat.py 1981 --sim UBD --metric ratio
Number of storms in 1986: 329
Pickle file written for year 1986 in /home/vdemeyer/projects/rrg-gachon/vdemeyer/TRACKING/KATJA/OUTPUTS/EETC/UBD/1986/EETC_cum_UBD_Quebec_1005hPa_1986_compound_8hrs_quantile_SSI_wetdays_ratio.pkl
#executed by process	8 in 1221.49s	with status	0 : python /home/vdemeyer/TRACKING/KATJA/POSTPROCESSING/EETCs_stat.py 1986 --sim UBD --metric ratio
Number of storms in 1995: 340
Pickle file written for year 1995 in /home/vdemeyer/projects/rrg-gachon/vdemeyer/TRACKING/KATJA/OUTPUTS/EETC/UBD/1995/EETC_cum_UBD_Quebec_1005hPa_1995_compound_8hrs_quantile_SSI_wetdays_ratio.pkl
#executed by process	40 in 1223.44s	with status	0 : python /home/vdemeyer/TRACKING/KATJA/POSTPROCESSING/EETCs_stat.py 1995 --sim UBD --metric ratio
Number of storms in 1993: 361
Pickle file written for year 1993 in /home/vdemeyer/projects/rrg-gachon/vdemeyer/TRACKING/KATJA/OUTPUTS/EETC/UBD/1993/EETC_cum_UBD_Quebec_1005hPa_1993_compound_8hrs_quantile_SSI_wetdays_ratio.pkl
#executed by process	30 in 1242.84s	with status	0 : python /home/vdemeyer/TRACKING/KATJA/POSTPROCESSING/EETCs_stat.py 1993 --sim UBD --metric ratio
Number of storms in 1987: 356
Pickle file written for year 1987 in /home/vdemeyer/projects/rrg-gachon/vdemeyer/TRACKING/KATJA/OUTPUTS/EETC/UBD/1987/EETC_cum_UBD_Quebec_1005hPa_1987_compound_8hrs_quantile_SSI_wetdays_ratio.pkl
#executed by process	42 in 1264.58s	with status	0 : python /home/vdemeyer/TRACKING/KATJA/POSTPROCESSING/EETCs_stat.py 1987 --sim UBD --metric ratio
Number of storms in 2000: 305
Pickle file written for year 2000 in /home/vdemeyer/projects/rrg-gachon/vdemeyer/TRACKING/KATJA/OUTPUTS/EETC/UBD/2000/EETC_cum_UBD_Quebec_1005hPa_2000_compound_8hrs_quantile_SSI_wetdays_ratio.pkl
#executed by process	11 in 1238.9s	with status	0 : python /home/vdemeyer/TRACKING/KATJA/POSTPROCESSING/EETCs_stat.py 2000 --sim UBD --metric ratio
Number of storms in 1997: 327
Pickle file written for year 1997 in /home/vdemeyer/projects/rrg-gachon/vdemeyer/TRACKING/KATJA/OUTPUTS/EETC/UBD/1997/EETC_cum_UBD_Quebec_1005hPa_1997_compound_8hrs_quantile_SSI_wetdays_ratio.pkl
#executed by process	4 in 1276.27s	with status	0 : python /home/vdemeyer/TRACKING/KATJA/POSTPROCESSING/EETCs_stat.py 1997 --sim UBD --metric ratio
Number of storms in 1992: 354
Pickle file written for year 1992 in /home/vdemeyer/projects/rrg-gachon/vdemeyer/TRACKING/KATJA/OUTPUTS/EETC/UBD/1992/EETC_cum_UBD_Quebec_1005hPa_1992_compound_8hrs_quantile_SSI_wetdays_ratio.pkl
#executed by process	14 in 1295.33s	with status	0 : python /home/vdemeyer/TRACKING/KATJA/POSTPROCESSING/EETCs_stat.py 1992 --sim UBD --metric ratio
Number of storms in 1999: 330
Pickle file written for year 1999 in /home/vdemeyer/projects/rrg-gachon/vdemeyer/TRACKING/KATJA/OUTPUTS/EETC/UBD/1999/EETC_cum_UBD_Quebec_1005hPa_1999_compound_8hrs_quantile_SSI_wetdays_ratio.pkl
#executed by process	6 in 1287.05s	with status	0 : python /home/vdemeyer/TRACKING/KATJA/POSTPROCESSING/EETCs_stat.py 1999 --sim UBD --metric ratio
Number of storms in 2003: 322
Pickle file written for year 2003 in /home/vdemeyer/projects/rrg-gachon/vdemeyer/TRACKING/KATJA/OUTPUTS/EETC/UBD/2003/EETC_cum_UBD_Quebec_1005hPa_2003_compound_8hrs_quantile_SSI_wetdays_ratio.pkl
#executed by process	3 in 1270.32s	with status	0 : python /home/vdemeyer/TRACKING/KATJA/POSTPROCESSING/EETCs_stat.py 2003 --sim UBD --metric ratio
Number of storms in 2004: 315
Pickle file written for year 2004 in /home/vdemeyer/projects/rrg-gachon/vdemeyer/TRACKING/KATJA/OUTPUTS/EETC/UBD/2004/EETC_cum_UBD_Quebec_1005hPa_2004_compound_8hrs_quantile_SSI_wetdays_ratio.pkl
#executed by process	7 in 1278.56s	with status	0 : python /home/vdemeyer/TRACKING/KATJA/POSTPROCESSING/EETCs_stat.py 2004 --sim UBD --metric ratio
Number of storms in 1986: 347
Pickle file written for year 1986 in /home/vdemeyer/projects/rrg-gachon/vdemeyer/TRACKING/KATJA/OUTPUTS/EETC/UBE/1986/EETC_cum_UBE_Quebec_1005hPa_1986_compound_8hrs_quantile_SSI_wetdays_ratio.pkl
#executed by process	44 in 1098.27s	with status	0 : python /home/vdemeyer/TRACKING/KATJA/POSTPROCESSING/EETCs_stat.py 1986 --sim UBE --metric ratio
Number of storms in 2008: 328
Pickle file written for year 2008 in /home/vdemeyer/projects/rrg-gachon/vdemeyer/TRACKING/KATJA/OUTPUTS/EETC/UBD/2008/EETC_cum_UBD_Quebec_1005hPa_2008_compound_8hrs_quantile_SSI_wetdays_ratio.pkl
#executed by process	13 in 1302.6s	with status	0 : python /home/vdemeyer/TRACKING/KATJA/POSTPROCESSING/EETCs_stat.py 2008 --sim UBD --metric ratio
Number of storms in 2001: 336
Pickle file written for year 2001 in /home/vdemeyer/projects/rrg-gachon/vdemeyer/TRACKING/KATJA/OUTPUTS/EETC/UBD/2001/EETC_cum_UBD_Quebec_1005hPa_2001_compound_8hrs_quantile_SSI_wetdays_ratio.pkl
#executed by process	10 in 1319.23s	with status	0 : python /home/vdemeyer/TRACKING/KATJA/POSTPROCESSING/EETCs_stat.py 2001 --sim UBD --metric ratio
Number of storms in 2002: 339
Pickle file written for year 2002 in /home/vdemeyer/projects/rrg-gachon/vdemeyer/TRACKING/KATJA/OUTPUTS/EETC/UBD/2002/EETC_cum_UBD_Quebec_1005hPa_2002_compound_8hrs_quantile_SSI_wetdays_ratio.pkl
#executed by process	25 in 1332.25s	with status	0 : python /home/vdemeyer/TRACKING/KATJA/POSTPROCESSING/EETCs_stat.py 2002 --sim UBD --metric ratio
Number of storms in 2013: 322
Pickle file written for year 2013 in /home/vdemeyer/projects/rrg-gachon/vdemeyer/TRACKING/KATJA/OUTPUTS/EETC/UBD/2013/EETC_cum_UBD_Quebec_1005hPa_2013_compound_8hrs_quantile_SSI_wetdays_ratio.pkl
#executed by process	5 in 1314.35s	with status	0 : python /home/vdemeyer/TRACKING/KATJA/POSTPROCESSING/EETCs_stat.py 2013 --sim UBD --metric ratio
Number of storms in 2006: 363
Pickle file written for year 2006 in /home/vdemeyer/projects/rrg-gachon/vdemeyer/TRACKING/KATJA/OUTPUTS/EETC/UBD/2006/EETC_cum_UBD_Quebec_1005hPa_2006_compound_8hrs_quantile_SSI_wetdays_ratio.pkl
#executed by process	12 in 1336.77s	with status	0 : python /home/vdemeyer/TRACKING/KATJA/POSTPROCESSING/EETCs_stat.py 2006 --sim UBD --metric ratio
Number of storms in 2009: 332
Pickle file written for year 2009 in /home/vdemeyer/projects/rrg-gachon/vdemeyer/TRACKING/KATJA/OUTPUTS/EETC/UBD/2009/EETC_cum_UBD_Quebec_1005hPa_2009_compound_8hrs_quantile_SSI_wetdays_ratio.pkl
#executed by process	29 in 1346.49s	with status	0 : python /home/vdemeyer/TRACKING/KATJA/POSTPROCESSING/EETCs_stat.py 2009 --sim UBD --metric ratio
Number of storms in 2014: 333
Pickle file written for year 2014 in /home/vdemeyer/projects/rrg-gachon/vdemeyer/TRACKING/KATJA/OUTPUTS/EETC/UBD/2014/EETC_cum_UBD_Quebec_1005hPa_2014_compound_8hrs_quantile_SSI_wetdays_ratio.pkl
#executed by process	23 in 1327.71s	with status	0 : python /home/vdemeyer/TRACKING/KATJA/POSTPROCESSING/EETCs_stat.py 2014 --sim UBD --metric ratio
Number of storms in 2007: 328
Pickle file written for year 2007 in /home/vdemeyer/projects/rrg-gachon/vdemeyer/TRACKING/KATJA/OUTPUTS/EETC/UBD/2007/EETC_cum_UBD_Quebec_1005hPa_2007_compound_8hrs_quantile_SSI_wetdays_ratio.pkl
#executed by process	16 in 1367.71s	with status	0 : python /home/vdemeyer/TRACKING/KATJA/POSTPROCESSING/EETCs_stat.py 2007 --sim UBD --metric ratio
Number of storms in 2012: 338
Pickle file written for year 2012 in /home/vdemeyer/projects/rrg-gachon/vdemeyer/TRACKING/KATJA/OUTPUTS/EETC/UBD/2012/EETC_cum_UBD_Quebec_1005hPa_2012_compound_8hrs_quantile_SSI_wetdays_ratio.pkl
#executed by process	28 in 1357.09s	with status	0 : python /home/vdemeyer/TRACKING/KATJA/POSTPROCESSING/EETCs_stat.py 2012 --sim UBD --metric ratio
Number of storms in 1996: 349
Pickle file written for year 1996 in /home/vdemeyer/projects/rrg-gachon/vdemeyer/TRACKING/KATJA/OUTPUTS/EETC/UBD/1996/EETC_cum_UBD_Quebec_1005hPa_1996_compound_8hrs_quantile_SSI_wetdays_ratio.pkl
#executed by process	26 in 1421.37s	with status	0 : python /home/vdemeyer/TRACKING/KATJA/POSTPROCESSING/EETCs_stat.py 1996 --sim UBD --metric ratio
Number of storms in 1981: 314
Pickle file written for year 1981 in /home/vdemeyer/projects/rrg-gachon/vdemeyer/TRACKING/KATJA/OUTPUTS/EETC/UBE/1981/EETC_cum_UBE_Quebec_1005hPa_1981_compound_8hrs_quantile_SSI_wetdays_ratio.pkl
#executed by process	18 in 1342.87s	with status	0 : python /home/vdemeyer/TRACKING/KATJA/POSTPROCESSING/EETCs_stat.py 1981 --sim UBE --metric ratio
Number of storms in 1987: 297
Pickle file written for year 1987 in /home/vdemeyer/projects/rrg-gachon/vdemeyer/TRACKING/KATJA/OUTPUTS/EETC/UBE/1987/EETC_cum_UBE_Quebec_1005hPa_1987_compound_8hrs_quantile_SSI_wetdays_ratio.pkl
#executed by process	32 in 1062.5s	with status	0 : python /home/vdemeyer/TRACKING/KATJA/POSTPROCESSING/EETCs_stat.py 1987 --sim UBE --metric ratio
Number of storms in 2010: 348
Pickle file written for year 2010 in /home/vdemeyer/projects/rrg-gachon/vdemeyer/TRACKING/KATJA/OUTPUTS/EETC/UBD/2010/EETC_cum_UBD_Quebec_1005hPa_2010_compound_8hrs_quantile_SSI_wetdays_ratio.pkl
Number of storms in 1982: 322
Pickle file written for year 1982 in /home/vdemeyer/projects/rrg-gachon/vdemeyer/TRACKING/KATJA/OUTPUTS/EETC/UBE/1982/EETC_cum_UBE_Quebec_1005hPa_1982_compound_8hrs_quantile_SSI_wetdays_ratio.pkl
#executed by process	9 in 1445.81s	with status	0 : python /home/vdemeyer/TRACKING/KATJA/POSTPROCESSING/EETCs_stat.py 2010 --sim UBD --metric ratio
#executed by process	21 in 1379.92s	with status	0 : python /home/vdemeyer/TRACKING/KATJA/POSTPROCESSING/EETCs_stat.py 1982 --sim UBE --metric ratio
Number of storms in 1980: 330
Pickle file written for year 1980 in /home/vdemeyer/projects/rrg-gachon/vdemeyer/TRACKING/KATJA/OUTPUTS/EETC/UBE/1980/EETC_cum_UBE_Quebec_1005hPa_1980_compound_8hrs_quantile_SSI_wetdays_ratio.pkl
#executed by process	24 in 1420.78s	with status	0 : python /home/vdemeyer/TRACKING/KATJA/POSTPROCESSING/EETCs_stat.py 1980 --sim UBE --metric ratio
Number of storms in 2005: 371
Pickle file written for year 2005 in /home/vdemeyer/projects/rrg-gachon/vdemeyer/TRACKING/KATJA/OUTPUTS/EETC/UBD/2005/EETC_cum_UBD_Quebec_1005hPa_2005_compound_8hrs_quantile_SSI_wetdays_ratio.pkl
#executed by process	27 in 1547.68s	with status	0 : python /home/vdemeyer/TRACKING/KATJA/POSTPROCESSING/EETCs_stat.py 2005 --sim UBD --metric ratio
Number of storms in 1983: 327
Pickle file written for year 1983 in /home/vdemeyer/projects/rrg-gachon/vdemeyer/TRACKING/KATJA/OUTPUTS/EETC/UBE/1983/EETC_cum_UBE_Quebec_1005hPa_1983_compound_8hrs_quantile_SSI_wetdays_ratio.pkl
#executed by process	15 in 1446.64s	with status	0 : python /home/vdemeyer/TRACKING/KATJA/POSTPROCESSING/EETCs_stat.py 1983 --sim UBE --metric ratio
Number of storms in 2011: 358
Pickle file written for year 2011 in /home/vdemeyer/projects/rrg-gachon/vdemeyer/TRACKING/KATJA/OUTPUTS/EETC/UBD/2011/EETC_cum_UBD_Quebec_1005hPa_2011_compound_8hrs_quantile_SSI_wetdays_ratio.pkl
#executed by process	22 in 1546.26s	with status	0 : python /home/vdemeyer/TRACKING/KATJA/POSTPROCESSING/EETCs_stat.py 2011 --sim UBD --metric ratio
Number of storms in 1984: 324
Pickle file written for year 1984 in /home/vdemeyer/projects/rrg-gachon/vdemeyer/TRACKING/KATJA/OUTPUTS/EETC/UBE/1984/EETC_cum_UBE_Quebec_1005hPa_1984_compound_8hrs_quantile_SSI_wetdays_ratio.pkl
#executed by process	19 in 1581.24s	with status	0 : python /home/vdemeyer/TRACKING/KATJA/POSTPROCESSING/EETCs_stat.py 1984 --sim UBE --metric ratio
Number of storms in 1985: 308
Pickle file written for year 1985 in /home/vdemeyer/projects/rrg-gachon/vdemeyer/TRACKING/KATJA/OUTPUTS/EETC/UBE/1985/EETC_cum_UBE_Quebec_1005hPa_1985_compound_8hrs_quantile_SSI_wetdays_ratio.pkl
#executed by process	20 in 1537.2s	with status	0 : python /home/vdemeyer/TRACKING/KATJA/POSTPROCESSING/EETCs_stat.py 1985 --sim UBE --metric ratio
Number of storms in 1979: 125
Pickle file written for year 1979 in /home/vdemeyer/projects/rrg-gachon/vdemeyer/TRACKING/KATJA/OUTPUTS/EETC/UBF/1979/EETC_cum_UBF_Quebec_1005hPa_1979_compound_8hrs_quantile_SSI_wetdays_ratio.pkl
#executed by process	5 in 543.701s	with status	0 : python /home/vdemeyer/TRACKING/KATJA/POSTPROCESSING/EETCs_stat.py 1979 --sim UBF --metric ratio
Number of storms in 1988: 328
Pickle file written for year 1988 in /home/vdemeyer/projects/rrg-gachon/vdemeyer/TRACKING/KATJA/OUTPUTS/EETC/UBE/1988/EETC_cum_UBE_Quebec_1005hPa_1988_compound_8hrs_quantile_SSI_wetdays_ratio.pkl
#executed by process	17 in 1379.09s	with status	0 : python /home/vdemeyer/TRACKING/KATJA/POSTPROCESSING/EETCs_stat.py 1988 --sim UBE --metric ratio
Number of storms in 1989: 345
Pickle file written for year 1989 in /home/vdemeyer/projects/rrg-gachon/vdemeyer/TRACKING/KATJA/OUTPUTS/EETC/UBE/1989/EETC_cum_UBE_Quebec_1005hPa_1989_compound_8hrs_quantile_SSI_wetdays_ratio.pkl
#executed by process	37 in 1142.48s	with status	0 : python /home/vdemeyer/TRACKING/KATJA/POSTPROCESSING/EETCs_stat.py 1989 --sim UBE --metric ratio
Number of storms in 1992: 323
Pickle file written for year 1992 in /home/vdemeyer/projects/rrg-gachon/vdemeyer/TRACKING/KATJA/OUTPUTS/EETC/UBE/1992/EETC_cum_UBE_Quebec_1005hPa_1992_compound_8hrs_quantile_SSI_wetdays_ratio.pkl
#executed by process	39 in 1139.25s	with status	0 : python /home/vdemeyer/TRACKING/KATJA/POSTPROCESSING/EETCs_stat.py 1992 --sim UBE --metric ratio
Number of storms in 1993: 317
Pickle file written for year 1993 in /home/vdemeyer/projects/rrg-gachon/vdemeyer/TRACKING/KATJA/OUTPUTS/EETC/UBE/1993/EETC_cum_UBE_Quebec_1005hPa_1993_compound_8hrs_quantile_SSI_wetdays_ratio.pkl
#executed by process	31 in 1148.15s	with status	0 : python /home/vdemeyer/TRACKING/KATJA/POSTPROCESSING/EETCs_stat.py 1993 --sim UBE --metric ratio
Number of storms in 1997: 298
Pickle file written for year 1997 in /home/vdemeyer/projects/rrg-gachon/vdemeyer/TRACKING/KATJA/OUTPUTS/EETC/UBE/1997/EETC_cum_UBE_Quebec_1005hPa_1997_compound_8hrs_quantile_SSI_wetdays_ratio.pkl
#executed by process	35 in 1135.8s	with status	0 : python /home/vdemeyer/TRACKING/KATJA/POSTPROCESSING/EETCs_stat.py 1997 --sim UBE --metric ratio
Number of storms in 1994: 350
Pickle file written for year 1994 in /home/vdemeyer/projects/rrg-gachon/vdemeyer/TRACKING/KATJA/OUTPUTS/EETC/UBE/1994/EETC_cum_UBE_Quebec_1005hPa_1994_compound_8hrs_quantile_SSI_wetdays_ratio.pkl
#executed by process	36 in 1191.64s	with status	0 : python /home/vdemeyer/TRACKING/KATJA/POSTPROCESSING/EETCs_stat.py 1994 --sim UBE --metric ratio
Number of storms in 1990: 348
Pickle file written for year 1990 in /home/vdemeyer/projects/rrg-gachon/vdemeyer/TRACKING/KATJA/OUTPUTS/EETC/UBE/1990/EETC_cum_UBE_Quebec_1005hPa_1990_compound_8hrs_quantile_SSI_wetdays_ratio.pkl
#executed by process	38 in 1256.24s	with status	0 : python /home/vdemeyer/TRACKING/KATJA/POSTPROCESSING/EETCs_stat.py 1990 --sim UBE --metric ratio
Number of storms in 1991: 360
Pickle file written for year 1991 in /home/vdemeyer/projects/rrg-gachon/vdemeyer/TRACKING/KATJA/OUTPUTS/EETC/UBE/1991/EETC_cum_UBE_Quebec_1005hPa_1991_compound_8hrs_quantile_SSI_wetdays_ratio.pkl
#executed by process	34 in 1263.56s	with status	0 : python /home/vdemeyer/TRACKING/KATJA/POSTPROCESSING/EETCs_stat.py 1991 --sim UBE --metric ratio
Number of storms in 2000: 317
Pickle file written for year 2000 in /home/vdemeyer/projects/rrg-gachon/vdemeyer/TRACKING/KATJA/OUTPUTS/EETC/UBE/2000/EETC_cum_UBE_Quebec_1005hPa_2000_compound_8hrs_quantile_SSI_wetdays_ratio.pkl
#executed by process	1 in 1192.72s	with status	0 : python /home/vdemeyer/TRACKING/KATJA/POSTPROCESSING/EETCs_stat.py 2000 --sim UBE --metric ratio
Number of storms in 2004: 295
Pickle file written for year 2004 in /home/vdemeyer/projects/rrg-gachon/vdemeyer/TRACKING/KATJA/OUTPUTS/EETC/UBE/2004/EETC_cum_UBE_Quebec_1005hPa_2004_compound_8hrs_quantile_SSI_wetdays_ratio.pkl
#executed by process	42 in 1163.08s	with status	0 : python /home/vdemeyer/TRACKING/KATJA/POSTPROCESSING/EETCs_stat.py 2004 --sim UBE --metric ratio
Number of storms in 1996: 320
Pickle file written for year 1996 in /home/vdemeyer/projects/rrg-gachon/vdemeyer/TRACKING/KATJA/OUTPUTS/EETC/UBE/1996/EETC_cum_UBE_Quebec_1005hPa_1996_compound_8hrs_quantile_SSI_wetdays_ratio.pkl
#executed by process	2 in 1236.98s	with status	0 : python /home/vdemeyer/TRACKING/KATJA/POSTPROCESSING/EETCs_stat.py 1996 --sim UBE --metric ratio
Number of storms in 1995: 343
Pickle file written for year 1995 in /home/vdemeyer/projects/rrg-gachon/vdemeyer/TRACKING/KATJA/OUTPUTS/EETC/UBE/1995/EETC_cum_UBE_Quebec_1005hPa_1995_compound_8hrs_quantile_SSI_wetdays_ratio.pkl
#executed by process	41 in 1263.7s	with status	0 : python /home/vdemeyer/TRACKING/KATJA/POSTPROCESSING/EETCs_stat.py 1995 --sim UBE --metric ratio
Number of storms in 1999: 342
Pickle file written for year 1999 in /home/vdemeyer/projects/rrg-gachon/vdemeyer/TRACKING/KATJA/OUTPUTS/EETC/UBE/1999/EETC_cum_UBE_Quebec_1005hPa_1999_compound_8hrs_quantile_SSI_wetdays_ratio.pkl
#executed by process	33 in 1248.87s	with status	0 : python /home/vdemeyer/TRACKING/KATJA/POSTPROCESSING/EETCs_stat.py 1999 --sim UBE --metric ratio
Number of storms in 2005: 304
Pickle file written for year 2005 in /home/vdemeyer/projects/rrg-gachon/vdemeyer/TRACKING/KATJA/OUTPUTS/EETC/UBE/2005/EETC_cum_UBE_Quebec_1005hPa_2005_compound_8hrs_quantile_SSI_wetdays_ratio.pkl
#executed by process	11 in 1193.67s	with status	0 : python /home/vdemeyer/TRACKING/KATJA/POSTPROCESSING/EETCs_stat.py 2005 --sim UBE --metric ratio
Number of storms in 1998: 336
Pickle file written for year 1998 in /home/vdemeyer/projects/rrg-gachon/vdemeyer/TRACKING/KATJA/OUTPUTS/EETC/UBE/1998/EETC_cum_UBE_Quebec_1005hPa_1998_compound_8hrs_quantile_SSI_wetdays_ratio.pkl
#executed by process	43 in 1262.68s	with status	0 : python /home/vdemeyer/TRACKING/KATJA/POSTPROCESSING/EETCs_stat.py 1998 --sim UBE --metric ratio
Number of storms in 2003: 348
Pickle file written for year 2003 in /home/vdemeyer/projects/rrg-gachon/vdemeyer/TRACKING/KATJA/OUTPUTS/EETC/UBE/2003/EETC_cum_UBE_Quebec_1005hPa_2003_compound_8hrs_quantile_SSI_wetdays_ratio.pkl
#executed by process	30 in 1229.8s	with status	0 : python /home/vdemeyer/TRACKING/KATJA/POSTPROCESSING/EETCs_stat.py 2003 --sim UBE --metric ratio
Number of storms in 2002: 328
Pickle file written for year 2002 in /home/vdemeyer/projects/rrg-gachon/vdemeyer/TRACKING/KATJA/OUTPUTS/EETC/UBE/2002/EETC_cum_UBE_Quebec_1005hPa_2002_compound_8hrs_quantile_SSI_wetdays_ratio.pkl
#executed by process	40 in 1251.23s	with status	0 : python /home/vdemeyer/TRACKING/KATJA/POSTPROCESSING/EETCs_stat.py 2002 --sim UBE --metric ratio
Number of storms in 2007: 311
Pickle file written for year 2007 in /home/vdemeyer/projects/rrg-gachon/vdemeyer/TRACKING/KATJA/OUTPUTS/EETC/UBE/2007/EETC_cum_UBE_Quebec_1005hPa_2007_compound_8hrs_quantile_SSI_wetdays_ratio.pkl
#executed by process	14 in 1194.2s	with status	0 : python /home/vdemeyer/TRACKING/KATJA/POSTPROCESSING/EETCs_stat.py 2007 --sim UBE --metric ratio
Number of storms in 2001: 323
Pickle file written for year 2001 in /home/vdemeyer/projects/rrg-gachon/vdemeyer/TRACKING/KATJA/OUTPUTS/EETC/UBE/2001/EETC_cum_UBE_Quebec_1005hPa_2001_compound_8hrs_quantile_SSI_wetdays_ratio.pkl
#executed by process	8 in 1297.22s	with status	0 : python /home/vdemeyer/TRACKING/KATJA/POSTPROCESSING/EETCs_stat.py 2001 --sim UBE --metric ratio
Number of storms in 2009: 320
Pickle file written for year 2009 in /home/vdemeyer/projects/rrg-gachon/vdemeyer/TRACKING/KATJA/OUTPUTS/EETC/UBE/2009/EETC_cum_UBE_Quebec_1005hPa_2009_compound_8hrs_quantile_SSI_wetdays_ratio.pkl
#executed by process	3 in 1217.81s	with status	0 : python /home/vdemeyer/TRACKING/KATJA/POSTPROCESSING/EETCs_stat.py 2009 --sim UBE --metric ratio
Number of storms in 2006: 317
Pickle file written for year 2006 in /home/vdemeyer/projects/rrg-gachon/vdemeyer/TRACKING/KATJA/OUTPUTS/EETC/UBE/2006/EETC_cum_UBE_Quebec_1005hPa_2006_compound_8hrs_quantile_SSI_wetdays_ratio.pkl
#executed by process	4 in 1253.41s	with status	0 : python /home/vdemeyer/TRACKING/KATJA/POSTPROCESSING/EETCs_stat.py 2006 --sim UBE --metric ratio
Number of storms in 2011: 337
Pickle file written for year 2011 in /home/vdemeyer/projects/rrg-gachon/vdemeyer/TRACKING/KATJA/OUTPUTS/EETC/UBE/2011/EETC_cum_UBE_Quebec_1005hPa_2011_compound_8hrs_quantile_SSI_wetdays_ratio.pkl
#executed by process	44 in 1226.79s	with status	0 : python /home/vdemeyer/TRACKING/KATJA/POSTPROCESSING/EETCs_stat.py 2011 --sim UBE --metric ratio
Number of storms in 2008: 321
Pickle file written for year 2008 in /home/vdemeyer/projects/rrg-gachon/vdemeyer/TRACKING/KATJA/OUTPUTS/EETC/UBE/2008/EETC_cum_UBE_Quebec_1005hPa_2008_compound_8hrs_quantile_SSI_wetdays_ratio.pkl
#executed by process	6 in 1269.38s	with status	0 : python /home/vdemeyer/TRACKING/KATJA/POSTPROCESSING/EETCs_stat.py 2008 --sim UBE --metric ratio
Number of storms in 2010: 315
Pickle file written for year 2010 in /home/vdemeyer/projects/rrg-gachon/vdemeyer/TRACKING/KATJA/OUTPUTS/EETC/UBE/2010/EETC_cum_UBE_Quebec_1005hPa_2010_compound_8hrs_quantile_SSI_wetdays_ratio.pkl
#executed by process	7 in 1264.53s	with status	0 : python /home/vdemeyer/TRACKING/KATJA/POSTPROCESSING/EETCs_stat.py 2010 --sim UBE --metric ratio
Number of storms in 2012: 356
Pickle file written for year 2012 in /home/vdemeyer/projects/rrg-gachon/vdemeyer/TRACKING/KATJA/OUTPUTS/EETC/UBE/2012/EETC_cum_UBE_Quebec_1005hPa_2012_compound_8hrs_quantile_SSI_wetdays_ratio.pkl
#executed by process	13 in 1239.74s	with status	0 : python /home/vdemeyer/TRACKING/KATJA/POSTPROCESSING/EETCs_stat.py 2012 --sim UBE --metric ratio
Number of storms in 2014: 304
Pickle file written for year 2014 in /home/vdemeyer/projects/rrg-gachon/vdemeyer/TRACKING/KATJA/OUTPUTS/EETC/UBE/2014/EETC_cum_UBE_Quebec_1005hPa_2014_compound_8hrs_quantile_SSI_wetdays_ratio.pkl
#executed by process	25 in 1264.55s	with status	0 : python /home/vdemeyer/TRACKING/KATJA/POSTPROCESSING/EETCs_stat.py 2014 --sim UBE --metric ratio
Number of storms in 2013: 352
Pickle file written for year 2013 in /home/vdemeyer/projects/rrg-gachon/vdemeyer/TRACKING/KATJA/OUTPUTS/EETC/UBE/2013/EETC_cum_UBE_Quebec_1005hPa_2013_compound_8hrs_quantile_SSI_wetdays_ratio.pkl
#executed by process	10 in 1351.26s	with status	0 : python /home/vdemeyer/TRACKING/KATJA/POSTPROCESSING/EETCs_stat.py 2013 --sim UBE --metric ratio
Number of storms in 1987: 378
Pickle file written for year 1987 in /home/vdemeyer/projects/rrg-gachon/vdemeyer/TRACKING/KATJA/OUTPUTS/EETC/UBF/1987/EETC_cum_UBF_Quebec_1005hPa_1987_compound_8hrs_quantile_SSI_wetdays_ratio.pkl
#executed by process	32 in 1313.46s	with status	0 : python /home/vdemeyer/TRACKING/KATJA/POSTPROCESSING/EETCs_stat.py 1987 --sim UBF --metric ratio
Number of storms in 1980: 392
Pickle file written for year 1980 in /home/vdemeyer/projects/rrg-gachon/vdemeyer/TRACKING/KATJA/OUTPUTS/EETC/UBF/1980/EETC_cum_UBF_Quebec_1005hPa_1980_compound_8hrs_quantile_SSI_wetdays_ratio.pkl
#executed by process	12 in 1468.29s	with status	0 : python /home/vdemeyer/TRACKING/KATJA/POSTPROCESSING/EETCs_stat.py 1980 --sim UBF --metric ratio
Number of storms in 1982: 351
Pickle file written for year 1982 in /home/vdemeyer/projects/rrg-gachon/vdemeyer/TRACKING/KATJA/OUTPUTS/EETC/UBF/1982/EETC_cum_UBF_Quebec_1005hPa_1982_compound_8hrs_quantile_SSI_wetdays_ratio.pkl
#executed by process	23 in 1496.94s	with status	0 : python /home/vdemeyer/TRACKING/KATJA/POSTPROCESSING/EETCs_stat.py 1982 --sim UBF --metric ratio
Number of storms in 1984: 353
Pickle file written for year 1984 in /home/vdemeyer/projects/rrg-gachon/vdemeyer/TRACKING/KATJA/OUTPUTS/EETC/UBF/1984/EETC_cum_UBF_Quebec_1005hPa_1984_compound_8hrs_quantile_SSI_wetdays_ratio.pkl
#executed by process	28 in 1505.4s	with status	0 : python /home/vdemeyer/TRACKING/KATJA/POSTPROCESSING/EETCs_stat.py 1984 --sim UBF --metric ratio
Number of storms in 1981: 363
Pickle file written for year 1981 in /home/vdemeyer/projects/rrg-gachon/vdemeyer/TRACKING/KATJA/OUTPUTS/EETC/UBF/1981/EETC_cum_UBF_Quebec_1005hPa_1981_compound_8hrs_quantile_SSI_wetdays_ratio.pkl
#executed by process	29 in 1533.69s	with status	0 : python /home/vdemeyer/TRACKING/KATJA/POSTPROCESSING/EETCs_stat.py 1981 --sim UBF --metric ratio
Number of storms in 1988: 373
Pickle file written for year 1988 in /home/vdemeyer/projects/rrg-gachon/vdemeyer/TRACKING/KATJA/OUTPUTS/EETC/UBF/1988/EETC_cum_UBF_Quebec_1005hPa_1988_compound_8hrs_quantile_SSI_wetdays_ratio.pkl
#executed by process	9 in 1431.06s	with status	0 : python /home/vdemeyer/TRACKING/KATJA/POSTPROCESSING/EETCs_stat.py 1988 --sim UBF --metric ratio
Number of storms in 1985: 375
Pickle file written for year 1985 in /home/vdemeyer/projects/rrg-gachon/vdemeyer/TRACKING/KATJA/OUTPUTS/EETC/UBF/1985/EETC_cum_UBF_Quebec_1005hPa_1985_compound_8hrs_quantile_SSI_wetdays_ratio.pkl
#executed by process	26 in 1516.58s	with status	0 : python /home/vdemeyer/TRACKING/KATJA/POSTPROCESSING/EETCs_stat.py 1985 --sim UBF --metric ratio
Number of storms in 1983: 382
Pickle file written for year 1983 in /home/vdemeyer/projects/rrg-gachon/vdemeyer/TRACKING/KATJA/OUTPUTS/EETC/UBF/1983/EETC_cum_UBF_Quebec_1005hPa_1983_compound_8hrs_quantile_SSI_wetdays_ratio.pkl
#executed by process	16 in 1541.07s	with status	0 : python /home/vdemeyer/TRACKING/KATJA/POSTPROCESSING/EETCs_stat.py 1983 --sim UBF --metric ratio
Number of storms in 1986: 372
Pickle file written for year 1986 in /home/vdemeyer/projects/rrg-gachon/vdemeyer/TRACKING/KATJA/OUTPUTS/EETC/UBF/1986/EETC_cum_UBF_Quebec_1005hPa_1986_compound_8hrs_quantile_SSI_wetdays_ratio.pkl
#executed by process	18 in 1576.47s	with status	0 : python /home/vdemeyer/TRACKING/KATJA/POSTPROCESSING/EETCs_stat.py 1986 --sim UBF --metric ratio
Number of storms in 1989: 363
Pickle file written for year 1989 in /home/vdemeyer/projects/rrg-gachon/vdemeyer/TRACKING/KATJA/OUTPUTS/EETC/UBF/1989/EETC_cum_UBF_Quebec_1005hPa_1989_compound_8hrs_quantile_SSI_wetdays_ratio.pkl
#executed by process	21 in 1607.57s	with status	0 : python /home/vdemeyer/TRACKING/KATJA/POSTPROCESSING/EETCs_stat.py 1989 --sim UBF --metric ratio
Number of storms in 1991: 373
Pickle file written for year 1991 in /home/vdemeyer/projects/rrg-gachon/vdemeyer/TRACKING/KATJA/OUTPUTS/EETC/UBF/1991/EETC_cum_UBF_Quebec_1005hPa_1991_compound_8hrs_quantile_SSI_wetdays_ratio.pkl
#executed by process	27 in 1526.48s	with status	0 : python /home/vdemeyer/TRACKING/KATJA/POSTPROCESSING/EETCs_stat.py 1991 --sim UBF --metric ratio
Number of storms in 1990: 382
Pickle file written for year 1990 in /home/vdemeyer/projects/rrg-gachon/vdemeyer/TRACKING/KATJA/OUTPUTS/EETC/UBF/1990/EETC_cum_UBF_Quebec_1005hPa_1990_compound_8hrs_quantile_SSI_wetdays_ratio.pkl
#executed by process	24 in 1655.62s	with status	0 : python /home/vdemeyer/TRACKING/KATJA/POSTPROCESSING/EETCs_stat.py 1990 --sim UBF --metric ratio
Number of storms in 1992: 355
Pickle file written for year 1992 in /home/vdemeyer/projects/rrg-gachon/vdemeyer/TRACKING/KATJA/OUTPUTS/EETC/UBF/1992/EETC_cum_UBF_Quebec_1005hPa_1992_compound_8hrs_quantile_SSI_wetdays_ratio.pkl
#executed by process	15 in 1601.72s	with status	0 : python /home/vdemeyer/TRACKING/KATJA/POSTPROCESSING/EETCs_stat.py 1992 --sim UBF --metric ratio
Number of storms in 1993: 365
Pickle file written for year 1993 in /home/vdemeyer/projects/rrg-gachon/vdemeyer/TRACKING/KATJA/OUTPUTS/EETC/UBF/1993/EETC_cum_UBF_Quebec_1005hPa_1993_compound_8hrs_quantile_SSI_wetdays_ratio.pkl
#executed by process	22 in 1609.36s	with status	0 : python /home/vdemeyer/TRACKING/KATJA/POSTPROCESSING/EETCs_stat.py 1993 --sim UBF --metric ratio
Number of storms in 1998: 305
Pickle file written for year 1998 in /home/vdemeyer/projects/rrg-gachon/vdemeyer/TRACKING/KATJA/OUTPUTS/EETC/UBF/1998/EETC_cum_UBF_Quebec_1005hPa_1998_compound_8hrs_quantile_SSI_wetdays_ratio.pkl
#executed by process	37 in 1101.19s	with status	0 : python /home/vdemeyer/TRACKING/KATJA/POSTPROCESSING/EETCs_stat.py 1998 --sim UBF --metric ratio
Number of storms in 1996: 384
Pickle file written for year 1996 in /home/vdemeyer/projects/rrg-gachon/vdemeyer/TRACKING/KATJA/OUTPUTS/EETC/UBF/1996/EETC_cum_UBF_Quebec_1005hPa_1996_compound_8hrs_quantile_SSI_wetdays_ratio.pkl
#executed by process	5 in 1414.74s	with status	0 : python /home/vdemeyer/TRACKING/KATJA/POSTPROCESSING/EETCs_stat.py 1996 --sim UBF --metric ratio
Number of storms in 1997: 357
Pickle file written for year 1997 in /home/vdemeyer/projects/rrg-gachon/vdemeyer/TRACKING/KATJA/OUTPUTS/EETC/UBF/1997/EETC_cum_UBF_Quebec_1005hPa_1997_compound_8hrs_quantile_SSI_wetdays_ratio.pkl
#executed by process	17 in 1522.91s	with status	0 : python /home/vdemeyer/TRACKING/KATJA/POSTPROCESSING/EETCs_stat.py 1997 --sim UBF --metric ratio
Number of storms in 2000: 338
Pickle file written for year 2000 in /home/vdemeyer/projects/rrg-gachon/vdemeyer/TRACKING/KATJA/OUTPUTS/EETC/UBF/2000/EETC_cum_UBF_Quebec_1005hPa_2000_compound_8hrs_quantile_SSI_wetdays_ratio.pkl
#executed by process	31 in 1206.71s	with status	0 : python /home/vdemeyer/TRACKING/KATJA/POSTPROCESSING/EETCs_stat.py 2000 --sim UBF --metric ratio
Number of storms in 1994: 391
Pickle file written for year 1994 in /home/vdemeyer/projects/rrg-gachon/vdemeyer/TRACKING/KATJA/OUTPUTS/EETC/UBF/1994/EETC_cum_UBF_Quebec_1005hPa_1994_compound_8hrs_quantile_SSI_wetdays_ratio.pkl
#executed by process	19 in 1794.38s	with status	0 : python /home/vdemeyer/TRACKING/KATJA/POSTPROCESSING/EETCs_stat.py 1994 --sim UBF --metric ratio
Number of storms in 1999: 372
Pickle file written for year 1999 in /home/vdemeyer/projects/rrg-gachon/vdemeyer/TRACKING/KATJA/OUTPUTS/EETC/UBF/1999/EETC_cum_UBF_Quebec_1005hPa_1999_compound_8hrs_quantile_SSI_wetdays_ratio.pkl
#executed by process	39 in 1283.15s	with status	0 : python /home/vdemeyer/TRACKING/KATJA/POSTPROCESSING/EETCs_stat.py 1999 --sim UBF --metric ratio
Number of storms in 1995: 370
Pickle file written for year 1995 in /home/vdemeyer/projects/rrg-gachon/vdemeyer/TRACKING/KATJA/OUTPUTS/EETC/UBF/1995/EETC_cum_UBF_Quebec_1005hPa_1995_compound_8hrs_quantile_SSI_wetdays_ratio.pkl
#executed by process	20 in 1863.52s	with status	0 : python /home/vdemeyer/TRACKING/KATJA/POSTPROCESSING/EETCs_stat.py 1995 --sim UBF --metric ratio
Number of storms in 2002: 347
Pickle file written for year 2002 in /home/vdemeyer/projects/rrg-gachon/vdemeyer/TRACKING/KATJA/OUTPUTS/EETC/UBF/2002/EETC_cum_UBF_Quebec_1005hPa_2002_compound_8hrs_quantile_SSI_wetdays_ratio.pkl
#executed by process	36 in 1273.55s	with status	0 : python /home/vdemeyer/TRACKING/KATJA/POSTPROCESSING/EETCs_stat.py 2002 --sim UBF --metric ratio
Number of storms in 2001: 386
Pickle file written for year 2001 in /home/vdemeyer/projects/rrg-gachon/vdemeyer/TRACKING/KATJA/OUTPUTS/EETC/UBF/2001/EETC_cum_UBF_Quebec_1005hPa_2001_compound_8hrs_quantile_SSI_wetdays_ratio.pkl
#executed by process	35 in 1373.36s	with status	0 : python /home/vdemeyer/TRACKING/KATJA/POSTPROCESSING/EETCs_stat.py 2001 --sim UBF --metric ratio
Number of storms in 2003: 350
Pickle file written for year 2003 in /home/vdemeyer/projects/rrg-gachon/vdemeyer/TRACKING/KATJA/OUTPUTS/EETC/UBF/2003/EETC_cum_UBF_Quebec_1005hPa_2003_compound_8hrs_quantile_SSI_wetdays_ratio.pkl
Number of storms in 2013: 321
Pickle file written for year 2013 in /home/vdemeyer/projects/rrg-gachon/vdemeyer/TRACKING/KATJA/OUTPUTS/EETC/UBF/2013/EETC_cum_UBF_Quebec_1005hPa_2013_compound_8hrs_quantile_SSI_wetdays_ratio.pkl
#executed by process	38 in 1360.46s	with status	0 : python /home/vdemeyer/TRACKING/KATJA/POSTPROCESSING/EETCs_stat.py 2003 --sim UBF --metric ratio
#executed by process	40 in 1270.72s	with status	0 : python /home/vdemeyer/TRACKING/KATJA/POSTPROCESSING/EETCs_stat.py 2013 --sim UBF --metric ratio
Number of storms in 2004: 355
Pickle file written for year 2004 in /home/vdemeyer/projects/rrg-gachon/vdemeyer/TRACKING/KATJA/OUTPUTS/EETC/UBF/2004/EETC_cum_UBF_Quebec_1005hPa_2004_compound_8hrs_quantile_SSI_wetdays_ratio.pkl
#executed by process	34 in 1345.76s	with status	0 : python /home/vdemeyer/TRACKING/KATJA/POSTPROCESSING/EETCs_stat.py 2004 --sim UBF --metric ratio
Number of storms in 2005: 384
Pickle file written for year 2005 in /home/vdemeyer/projects/rrg-gachon/vdemeyer/TRACKING/KATJA/OUTPUTS/EETC/UBF/2005/EETC_cum_UBF_Quebec_1005hPa_2005_compound_8hrs_quantile_SSI_wetdays_ratio.pkl
#executed by process	1 in 1349.93s	with status	0 : python /home/vdemeyer/TRACKING/KATJA/POSTPROCESSING/EETCs_stat.py 2005 --sim UBF --metric ratio
Number of storms in 2009: 352
Pickle file written for year 2009 in /home/vdemeyer/projects/rrg-gachon/vdemeyer/TRACKING/KATJA/OUTPUTS/EETC/UBF/2009/EETC_cum_UBF_Quebec_1005hPa_2009_compound_8hrs_quantile_SSI_wetdays_ratio.pkl
#executed by process	33 in 1298.77s	with status	0 : python /home/vdemeyer/TRACKING/KATJA/POSTPROCESSING/EETCs_stat.py 2009 --sim UBF --metric ratio
Number of storms in 2014: 350
Pickle file written for year 2014 in /home/vdemeyer/projects/rrg-gachon/vdemeyer/TRACKING/KATJA/OUTPUTS/EETC/UBF/2014/EETC_cum_UBF_Quebec_1005hPa_2014_compound_8hrs_quantile_SSI_wetdays_ratio.pkl
#executed by process	14 in 1267.15s	with status	0 : python /home/vdemeyer/TRACKING/KATJA/POSTPROCESSING/EETCs_stat.py 2014 --sim UBF --metric ratio
Number of storms in 2012: 378
Pickle file written for year 2012 in /home/vdemeyer/projects/rrg-gachon/vdemeyer/TRACKING/KATJA/OUTPUTS/EETC/UBF/2012/EETC_cum_UBF_Quebec_1005hPa_2012_compound_8hrs_quantile_SSI_wetdays_ratio.pkl
#executed by process	30 in 1328.9s	with status	0 : python /home/vdemeyer/TRACKING/KATJA/POSTPROCESSING/EETCs_stat.py 2012 --sim UBF --metric ratio
Number of storms in 2015: 335
Pickle file written for year 2015 in /home/vdemeyer/projects/rrg-gachon/vdemeyer/TRACKING/KATJA/OUTPUTS/EETC/UBG/2015/EETC_cum_UBG_Quebec_1005hPa_2015_compound_8hrs_quantile_SSI_wetdays_ratio.pkl
#executed by process	8 in 1292.54s	with status	0 : python /home/vdemeyer/TRACKING/KATJA/POSTPROCESSING/EETCs_stat.py 2015 --sim UBG --metric ratio
Number of storms in 2020: 309
Pickle file written for year 2020 in /home/vdemeyer/projects/rrg-gachon/vdemeyer/TRACKING/KATJA/OUTPUTS/EETC/UBG/2020/EETC_cum_UBG_Quebec_1005hPa_2020_compound_8hrs_quantile_SSI_wetdays_ratio.pkl
#executed by process	7 in 1229.51s	with status	0 : python /home/vdemeyer/TRACKING/KATJA/POSTPROCESSING/EETCs_stat.py 2020 --sim UBG --metric ratio
Number of storms in 2018: 352
Pickle file written for year 2018 in /home/vdemeyer/projects/rrg-gachon/vdemeyer/TRACKING/KATJA/OUTPUTS/EETC/UBG/2018/EETC_cum_UBG_Quebec_1005hPa_2018_compound_8hrs_quantile_SSI_wetdays_ratio.pkl
#executed by process	44 in 1250.27s	with status	0 : python /home/vdemeyer/TRACKING/KATJA/POSTPROCESSING/EETCs_stat.py 2018 --sim UBG --metric ratio
Number of storms in 2006: 375
Pickle file written for year 2006 in /home/vdemeyer/projects/rrg-gachon/vdemeyer/TRACKING/KATJA/OUTPUTS/EETC/UBF/2006/EETC_cum_UBF_Quebec_1005hPa_2006_compound_8hrs_quantile_SSI_wetdays_ratio.pkl
#executed by process	42 in 1413.44s	with status	0 : python /home/vdemeyer/TRACKING/KATJA/POSTPROCESSING/EETCs_stat.py 2006 --sim UBF --metric ratio
Number of storms in 2008: 375
Pickle file written for year 2008 in /home/vdemeyer/projects/rrg-gachon/vdemeyer/TRACKING/KATJA/OUTPUTS/EETC/UBF/2008/EETC_cum_UBF_Quebec_1005hPa_2008_compound_8hrs_quantile_SSI_wetdays_ratio.pkl
#executed by process	41 in 1387.52s	with status	0 : python /home/vdemeyer/TRACKING/KATJA/POSTPROCESSING/EETCs_stat.py 2008 --sim UBF --metric ratio
Number of storms in 2010: 360
Pickle file written for year 2010 in /home/vdemeyer/projects/rrg-gachon/vdemeyer/TRACKING/KATJA/OUTPUTS/EETC/UBF/2010/EETC_cum_UBF_Quebec_1005hPa_2010_compound_8hrs_quantile_SSI_wetdays_ratio.pkl
#executed by process	11 in 1376.33s	with status	0 : python /home/vdemeyer/TRACKING/KATJA/POSTPROCESSING/EETCs_stat.py 2010 --sim UBF --metric ratio
Number of storms in 2021: 335
Pickle file written for year 2021 in /home/vdemeyer/projects/rrg-gachon/vdemeyer/TRACKING/KATJA/OUTPUTS/EETC/UBG/2021/EETC_cum_UBG_Quebec_1005hPa_2021_compound_8hrs_quantile_SSI_wetdays_ratio.pkl
#executed by process	13 in 1270.81s	with status	0 : python /home/vdemeyer/TRACKING/KATJA/POSTPROCESSING/EETCs_stat.py 2021 --sim UBG --metric ratio
Number of storms in 2007: 374
Pickle file written for year 2007 in /home/vdemeyer/projects/rrg-gachon/vdemeyer/TRACKING/KATJA/OUTPUTS/EETC/UBF/2007/EETC_cum_UBF_Quebec_1005hPa_2007_compound_8hrs_quantile_SSI_wetdays_ratio.pkl
#executed by process	2 in 1441.72s	with status	0 : python /home/vdemeyer/TRACKING/KATJA/POSTPROCESSING/EETCs_stat.py 2007 --sim UBF --metric ratio
Number of storms in 2016: 364
Pickle file written for year 2016 in /home/vdemeyer/projects/rrg-gachon/vdemeyer/TRACKING/KATJA/OUTPUTS/EETC/UBG/2016/EETC_cum_UBG_Quebec_1005hPa_2016_compound_8hrs_quantile_SSI_wetdays_ratio.pkl
#executed by process	3 in 1342.93s	with status	0 : python /home/vdemeyer/TRACKING/KATJA/POSTPROCESSING/EETCs_stat.py 2016 --sim UBG --metric ratio
Number of storms in 2019: 342
Pickle file written for year 2019 in /home/vdemeyer/projects/rrg-gachon/vdemeyer/TRACKING/KATJA/OUTPUTS/EETC/UBG/2019/EETC_cum_UBG_Quebec_1005hPa_2019_compound_8hrs_quantile_SSI_wetdays_ratio.pkl
#executed by process	6 in 1303.46s	with status	0 : python /home/vdemeyer/TRACKING/KATJA/POSTPROCESSING/EETCs_stat.py 2019 --sim UBG --metric ratio
Number of storms in 2011: 393
Pickle file written for year 2011 in /home/vdemeyer/projects/rrg-gachon/vdemeyer/TRACKING/KATJA/OUTPUTS/EETC/UBF/2011/EETC_cum_UBF_Quebec_1005hPa_2011_compound_8hrs_quantile_SSI_wetdays_ratio.pkl
#executed by process	43 in 1437.58s	with status	0 : python /home/vdemeyer/TRACKING/KATJA/POSTPROCESSING/EETCs_stat.py 2011 --sim UBF --metric ratio
Number of storms in 2017: 355
Pickle file written for year 2017 in /home/vdemeyer/projects/rrg-gachon/vdemeyer/TRACKING/KATJA/OUTPUTS/EETC/UBG/2017/EETC_cum_UBG_Quebec_1005hPa_2017_compound_8hrs_quantile_SSI_wetdays_ratio.pkl
#executed by process	4 in 1397.71s	with status	0 : python /home/vdemeyer/TRACKING/KATJA/POSTPROCESSING/EETCs_stat.py 2017 --sim UBG --metric ratio
Number of storms in 2022: 328
Pickle file written for year 2022 in /home/vdemeyer/projects/rrg-gachon/vdemeyer/TRACKING/KATJA/OUTPUTS/EETC/UBG/2022/EETC_cum_UBG_Quebec_1005hPa_2022_compound_8hrs_quantile_SSI_wetdays_ratio.pkl
#executed by process	25 in 1314.09s	with status	0 : python /home/vdemeyer/TRACKING/KATJA/POSTPROCESSING/EETCs_stat.py 2022 --sim UBG --metric ratio
Number of storms in 2023: 348
Pickle file written for year 2023 in /home/vdemeyer/projects/rrg-gachon/vdemeyer/TRACKING/KATJA/OUTPUTS/EETC/UBG/2023/EETC_cum_UBG_Quebec_1005hPa_2023_compound_8hrs_quantile_SSI_wetdays_ratio.pkl
#executed by process	10 in 1305.52s	with status	0 : python /home/vdemeyer/TRACKING/KATJA/POSTPROCESSING/EETCs_stat.py 2023 --sim UBG --metric ratio
Number of storms in 2024: 361
Pickle file written for year 2024 in /home/vdemeyer/projects/rrg-gachon/vdemeyer/TRACKING/KATJA/OUTPUTS/EETC/UBG/2024/EETC_cum_UBG_Quebec_1005hPa_2024_compound_8hrs_quantile_SSI_wetdays_ratio.pkl
#executed by process	32 in 1245.02s	with status	0 : python /home/vdemeyer/TRACKING/KATJA/POSTPROCESSING/EETCs_stat.py 2024 --sim UBG --metric ratio
Number of storms in 2025: 340
Pickle file written for year 2025 in /home/vdemeyer/projects/rrg-gachon/vdemeyer/TRACKING/KATJA/OUTPUTS/EETC/UBG/2025/EETC_cum_UBG_Quebec_1005hPa_2025_compound_8hrs_quantile_SSI_wetdays_ratio.pkl
#executed by process	12 in 1311.81s	with status	0 : python /home/vdemeyer/TRACKING/KATJA/POSTPROCESSING/EETCs_stat.py 2025 --sim UBG --metric ratio
Number of storms in 2029: 342
Pickle file written for year 2029 in /home/vdemeyer/projects/rrg-gachon/vdemeyer/TRACKING/KATJA/OUTPUTS/EETC/UBG/2029/EETC_cum_UBG_Quebec_1005hPa_2029_compound_8hrs_quantile_SSI_wetdays_ratio.pkl
#executed by process	9 in 1285.17s	with status	0 : python /home/vdemeyer/TRACKING/KATJA/POSTPROCESSING/EETCs_stat.py 2029 --sim UBG --metric ratio
Number of storms in 2027: 335
Pickle file written for year 2027 in /home/vdemeyer/projects/rrg-gachon/vdemeyer/TRACKING/KATJA/OUTPUTS/EETC/UBG/2027/EETC_cum_UBG_Quebec_1005hPa_2027_compound_8hrs_quantile_SSI_wetdays_ratio.pkl
#executed by process	28 in 1369.06s	with status	0 : python /home/vdemeyer/TRACKING/KATJA/POSTPROCESSING/EETCs_stat.py 2027 --sim UBG --metric ratio
Number of storms in 2030: 314
Pickle file written for year 2030 in /home/vdemeyer/projects/rrg-gachon/vdemeyer/TRACKING/KATJA/OUTPUTS/EETC/UBG/2030/EETC_cum_UBG_Quebec_1005hPa_2030_compound_8hrs_quantile_SSI_wetdays_ratio.pkl
#executed by process	26 in 1345.72s	with status	0 : python /home/vdemeyer/TRACKING/KATJA/POSTPROCESSING/EETCs_stat.py 2030 --sim UBG --metric ratio
Number of storms in 2028: 372
Pickle file written for year 2028 in /home/vdemeyer/projects/rrg-gachon/vdemeyer/TRACKING/KATJA/OUTPUTS/EETC/UBG/2028/EETC_cum_UBG_Quebec_1005hPa_2028_compound_8hrs_quantile_SSI_wetdays_ratio.pkl
#executed by process	29 in 1388.69s	with status	0 : python /home/vdemeyer/TRACKING/KATJA/POSTPROCESSING/EETCs_stat.py 2028 --sim UBG --metric ratio
Number of storms in 2026: 330
Pickle file written for year 2026 in /home/vdemeyer/projects/rrg-gachon/vdemeyer/TRACKING/KATJA/OUTPUTS/EETC/UBG/2026/EETC_cum_UBG_Quebec_1005hPa_2026_compound_8hrs_quantile_SSI_wetdays_ratio.pkl
#executed by process	23 in 1494.47s	with status	0 : python /home/vdemeyer/TRACKING/KATJA/POSTPROCESSING/EETCs_stat.py 2026 --sim UBG --metric ratio
Number of storms in 2038: 329
Pickle file written for year 2038 in /home/vdemeyer/projects/rrg-gachon/vdemeyer/TRACKING/KATJA/OUTPUTS/EETC/UBG/2038/EETC_cum_UBG_Quebec_1005hPa_2038_compound_8hrs_quantile_SSI_wetdays_ratio.pkl
#executed by process	37 in 1113.71s	with status	0 : python /home/vdemeyer/TRACKING/KATJA/POSTPROCESSING/EETCs_stat.py 2038 --sim UBG --metric ratio
Number of storms in 2034: 316
Pickle file written for year 2034 in /home/vdemeyer/projects/rrg-gachon/vdemeyer/TRACKING/KATJA/OUTPUTS/EETC/UBG/2034/EETC_cum_UBG_Quebec_1005hPa_2034_compound_8hrs_quantile_SSI_wetdays_ratio.pkl
#executed by process	27 in 1312.84s	with status	0 : python /home/vdemeyer/TRACKING/KATJA/POSTPROCESSING/EETCs_stat.py 2034 --sim UBG --metric ratio
Number of storms in 2039: 288
Pickle file written for year 2039 in /home/vdemeyer/projects/rrg-gachon/vdemeyer/TRACKING/KATJA/OUTPUTS/EETC/UBG/2039/EETC_cum_UBG_Quebec_1005hPa_2039_compound_8hrs_quantile_SSI_wetdays_ratio.pkl
#executed by process	5 in 1163.35s	with status	0 : python /home/vdemeyer/TRACKING/KATJA/POSTPROCESSING/EETCs_stat.py 2039 --sim UBG --metric ratio
Number of storms in 2032: 345
Pickle file written for year 2032 in /home/vdemeyer/projects/rrg-gachon/vdemeyer/TRACKING/KATJA/OUTPUTS/EETC/UBG/2032/EETC_cum_UBG_Quebec_1005hPa_2032_compound_8hrs_quantile_SSI_wetdays_ratio.pkl
#executed by process	18 in 1484.66s	with status	0 : python /home/vdemeyer/TRACKING/KATJA/POSTPROCESSING/EETCs_stat.py 2032 --sim UBG --metric ratio
Number of storms in 2031: 363
Pickle file written for year 2031 in /home/vdemeyer/projects/rrg-gachon/vdemeyer/TRACKING/KATJA/OUTPUTS/EETC/UBG/2031/EETC_cum_UBG_Quebec_1005hPa_2031_compound_8hrs_quantile_SSI_wetdays_ratio.pkl
#executed by process	16 in 1551.56s	with status	0 : python /home/vdemeyer/TRACKING/KATJA/POSTPROCESSING/EETCs_stat.py 2031 --sim UBG --metric ratio
Number of storms in 2033: 330
Pickle file written for year 2033 in /home/vdemeyer/projects/rrg-gachon/vdemeyer/TRACKING/KATJA/OUTPUTS/EETC/UBG/2033/EETC_cum_UBG_Quebec_1005hPa_2033_compound_8hrs_quantile_SSI_wetdays_ratio.pkl
#executed by process	21 in 1449.31s	with status	0 : python /home/vdemeyer/TRACKING/KATJA/POSTPROCESSING/EETCs_stat.py 2033 --sim UBG --metric ratio
Number of storms in 2035: 321
Pickle file written for year 2035 in /home/vdemeyer/projects/rrg-gachon/vdemeyer/TRACKING/KATJA/OUTPUTS/EETC/UBG/2035/EETC_cum_UBG_Quebec_1005hPa_2035_compound_8hrs_quantile_SSI_wetdays_ratio.pkl
#executed by process	24 in 1418.7s	with status	0 : python /home/vdemeyer/TRACKING/KATJA/POSTPROCESSING/EETCs_stat.py 2035 --sim UBG --metric ratio
Number of storms in 2037: 329
Pickle file written for year 2037 in /home/vdemeyer/projects/rrg-gachon/vdemeyer/TRACKING/KATJA/OUTPUTS/EETC/UBG/2037/EETC_cum_UBG_Quebec_1005hPa_2037_compound_8hrs_quantile_SSI_wetdays_ratio.pkl
#executed by process	22 in 1419.3s	with status	0 : python /home/vdemeyer/TRACKING/KATJA/POSTPROCESSING/EETCs_stat.py 2037 --sim UBG --metric ratio
Number of storms in 2041: 348
Pickle file written for year 2041 in /home/vdemeyer/projects/rrg-gachon/vdemeyer/TRACKING/KATJA/OUTPUTS/EETC/UBG/2041/EETC_cum_UBG_Quebec_1005hPa_2041_compound_8hrs_quantile_SSI_wetdays_ratio.pkl
#executed by process	31 in 1125.82s	with status	0 : python /home/vdemeyer/TRACKING/KATJA/POSTPROCESSING/EETCs_stat.py 2041 --sim UBG --metric ratio
Number of storms in 2036: 337
Pickle file written for year 2036 in /home/vdemeyer/projects/rrg-gachon/vdemeyer/TRACKING/KATJA/OUTPUTS/EETC/UBG/2036/EETC_cum_UBG_Quebec_1005hPa_2036_compound_8hrs_quantile_SSI_wetdays_ratio.pkl
#executed by process	15 in 1468.97s	with status	0 : python /home/vdemeyer/TRACKING/KATJA/POSTPROCESSING/EETCs_stat.py 2036 --sim UBG --metric ratio
Number of storms in 2043: 327
Pickle file written for year 2043 in /home/vdemeyer/projects/rrg-gachon/vdemeyer/TRACKING/KATJA/OUTPUTS/EETC/UBG/2043/EETC_cum_UBG_Quebec_1005hPa_2043_compound_8hrs_quantile_SSI_wetdays_ratio.pkl
#executed by process	39 in 1154.87s	with status	0 : python /home/vdemeyer/TRACKING/KATJA/POSTPROCESSING/EETCs_stat.py 2043 --sim UBG --metric ratio
Number of storms in 2046: 301
Pickle file written for year 2046 in /home/vdemeyer/projects/rrg-gachon/vdemeyer/TRACKING/KATJA/OUTPUTS/EETC/UBG/2046/EETC_cum_UBG_Quebec_1005hPa_2046_compound_8hrs_quantile_SSI_wetdays_ratio.pkl
#executed by process	35 in 1079.85s	with status	0 : python /home/vdemeyer/TRACKING/KATJA/POSTPROCESSING/EETCs_stat.py 2046 --sim UBG --metric ratio
Number of storms in 2045: 320
Pickle file written for year 2045 in /home/vdemeyer/projects/rrg-gachon/vdemeyer/TRACKING/KATJA/OUTPUTS/EETC/UBG/2045/EETC_cum_UBG_Quebec_1005hPa_2045_compound_8hrs_quantile_SSI_wetdays_ratio.pkl
#executed by process	36 in 1167.89s	with status	0 : python /home/vdemeyer/TRACKING/KATJA/POSTPROCESSING/EETCs_stat.py 2045 --sim UBG --metric ratio
Number of storms in 2047: 307
Pickle file written for year 2047 in /home/vdemeyer/projects/rrg-gachon/vdemeyer/TRACKING/KATJA/OUTPUTS/EETC/UBG/2047/EETC_cum_UBG_Quebec_1005hPa_2047_compound_8hrs_quantile_SSI_wetdays_ratio.pkl
#executed by process	38 in 1108.74s	with status	0 : python /home/vdemeyer/TRACKING/KATJA/POSTPROCESSING/EETCs_stat.py 2047 --sim UBG --metric ratio
Number of storms in 2049: 302
Pickle file written for year 2049 in /home/vdemeyer/projects/rrg-gachon/vdemeyer/TRACKING/KATJA/OUTPUTS/EETC/UBG/2049/EETC_cum_UBG_Quebec_1005hPa_2049_compound_8hrs_quantile_SSI_wetdays_ratio.pkl
#executed by process	34 in 1135.13s	with status	0 : python /home/vdemeyer/TRACKING/KATJA/POSTPROCESSING/EETCs_stat.py 2049 --sim UBG --metric ratio
Number of storms in 2051: 311
Pickle file written for year 2051 in /home/vdemeyer/projects/rrg-gachon/vdemeyer/TRACKING/KATJA/OUTPUTS/EETC/UBG/2051/EETC_cum_UBG_Quebec_1005hPa_2051_compound_8hrs_quantile_SSI_wetdays_ratio.pkl
#executed by process	33 in 1137.32s	with status	0 : python /home/vdemeyer/TRACKING/KATJA/POSTPROCESSING/EETCs_stat.py 2051 --sim UBG --metric ratio
Number of storms in 2050: 327
Pickle file written for year 2050 in /home/vdemeyer/projects/rrg-gachon/vdemeyer/TRACKING/KATJA/OUTPUTS/EETC/UBG/2050/EETC_cum_UBG_Quebec_1005hPa_2050_compound_8hrs_quantile_SSI_wetdays_ratio.pkl
#executed by process	1 in 1165.83s	with status	0 : python /home/vdemeyer/TRACKING/KATJA/POSTPROCESSING/EETCs_stat.py 2050 --sim UBG --metric ratio
Number of storms in 2052: 315
Pickle file written for year 2052 in /home/vdemeyer/projects/rrg-gachon/vdemeyer/TRACKING/KATJA/OUTPUTS/EETC/UBG/2052/EETC_cum_UBG_Quebec_1005hPa_2052_compound_8hrs_quantile_SSI_wetdays_ratio.pkl
#executed by process	14 in 1166.34s	with status	0 : python /home/vdemeyer/TRACKING/KATJA/POSTPROCESSING/EETCs_stat.py 2052 --sim UBG --metric ratio
Number of storms in 2040: 342
Pickle file written for year 2040 in /home/vdemeyer/projects/rrg-gachon/vdemeyer/TRACKING/KATJA/OUTPUTS/EETC/UBG/2040/EETC_cum_UBG_Quebec_1005hPa_2040_compound_8hrs_quantile_SSI_wetdays_ratio.pkl
#executed by process	17 in 1443.76s	with status	0 : python /home/vdemeyer/TRACKING/KATJA/POSTPROCESSING/EETCs_stat.py 2040 --sim UBG --metric ratio
Number of storms in 2048: 338
Pickle file written for year 2048 in /home/vdemeyer/projects/rrg-gachon/vdemeyer/TRACKING/KATJA/OUTPUTS/EETC/UBG/2048/EETC_cum_UBG_Quebec_1005hPa_2048_compound_8hrs_quantile_SSI_wetdays_ratio.pkl
#executed by process	40 in 1209.43s	with status	0 : python /home/vdemeyer/TRACKING/KATJA/POSTPROCESSING/EETCs_stat.py 2048 --sim UBG --metric ratio
Number of storms in 2054: 307
Pickle file written for year 2054 in /home/vdemeyer/projects/rrg-gachon/vdemeyer/TRACKING/KATJA/OUTPUTS/EETC/UBG/2054/EETC_cum_UBG_Quebec_1005hPa_2054_compound_8hrs_quantile_SSI_wetdays_ratio.pkl
#executed by process	8 in 1183.91s	with status	0 : python /home/vdemeyer/TRACKING/KATJA/POSTPROCESSING/EETCs_stat.py 2054 --sim UBG --metric ratio
Number of storms in 2053: 323
Pickle file written for year 2053 in /home/vdemeyer/projects/rrg-gachon/vdemeyer/TRACKING/KATJA/OUTPUTS/EETC/UBG/2053/EETC_cum_UBG_Quebec_1005hPa_2053_compound_8hrs_quantile_SSI_wetdays_ratio.pkl
#executed by process	30 in 1205.44s	with status	0 : python /home/vdemeyer/TRACKING/KATJA/POSTPROCESSING/EETCs_stat.py 2053 --sim UBG --metric ratio
Number of storms in 2056: 341
Pickle file written for year 2056 in /home/vdemeyer/projects/rrg-gachon/vdemeyer/TRACKING/KATJA/OUTPUTS/EETC/UBG/2056/EETC_cum_UBG_Quebec_1005hPa_2056_compound_8hrs_quantile_SSI_wetdays_ratio.pkl
#executed by process	44 in 1194.82s	with status	0 : python /home/vdemeyer/TRACKING/KATJA/POSTPROCESSING/EETCs_stat.py 2056 --sim UBG --metric ratio
Number of storms in 2055: 316
Pickle file written for year 2055 in /home/vdemeyer/projects/rrg-gachon/vdemeyer/TRACKING/KATJA/OUTPUTS/EETC/UBG/2055/EETC_cum_UBG_Quebec_1005hPa_2055_compound_8hrs_quantile_SSI_wetdays_ratio.pkl
#executed by process	7 in 1233.77s	with status	0 : python /home/vdemeyer/TRACKING/KATJA/POSTPROCESSING/EETCs_stat.py 2055 --sim UBG --metric ratio
Number of storms in 2058: 324
Pickle file written for year 2058 in /home/vdemeyer/projects/rrg-gachon/vdemeyer/TRACKING/KATJA/OUTPUTS/EETC/UBG/2058/EETC_cum_UBG_Quebec_1005hPa_2058_compound_8hrs_quantile_SSI_wetdays_ratio.pkl
#executed by process	41 in 1217.59s	with status	0 : python /home/vdemeyer/TRACKING/KATJA/POSTPROCESSING/EETCs_stat.py 2058 --sim UBG --metric ratio
Number of storms in 2057: 313
Pickle file written for year 2057 in /home/vdemeyer/projects/rrg-gachon/vdemeyer/TRACKING/KATJA/OUTPUTS/EETC/UBG/2057/EETC_cum_UBG_Quebec_1005hPa_2057_compound_8hrs_quantile_SSI_wetdays_ratio.pkl
#executed by process	42 in 1218.86s	with status	0 : python /home/vdemeyer/TRACKING/KATJA/POSTPROCESSING/EETCs_stat.py 2057 --sim UBG --metric ratio
Number of storms in 2060: 305
Pickle file written for year 2060 in /home/vdemeyer/projects/rrg-gachon/vdemeyer/TRACKING/KATJA/OUTPUTS/EETC/UBG/2060/EETC_cum_UBG_Quebec_1005hPa_2060_compound_8hrs_quantile_SSI_wetdays_ratio.pkl
#executed by process	13 in 1225.45s	with status	0 : python /home/vdemeyer/TRACKING/KATJA/POSTPROCESSING/EETCs_stat.py 2060 --sim UBG --metric ratio
Number of storms in 2062: 318
Pickle file written for year 2062 in /home/vdemeyer/projects/rrg-gachon/vdemeyer/TRACKING/KATJA/OUTPUTS/EETC/UBG/2062/EETC_cum_UBG_Quebec_1005hPa_2062_compound_8hrs_quantile_SSI_wetdays_ratio.pkl
#executed by process	3 in 1241.17s	with status	0 : python /home/vdemeyer/TRACKING/KATJA/POSTPROCESSING/EETCs_stat.py 2062 --sim UBG --metric ratio
Number of storms in 2059: 338
Pickle file written for year 2059 in /home/vdemeyer/projects/rrg-gachon/vdemeyer/TRACKING/KATJA/OUTPUTS/EETC/UBG/2059/EETC_cum_UBG_Quebec_1005hPa_2059_compound_8hrs_quantile_SSI_wetdays_ratio.pkl
#executed by process	11 in 1283.51s	with status	0 : python /home/vdemeyer/TRACKING/KATJA/POSTPROCESSING/EETCs_stat.py 2059 --sim UBG --metric ratio
Number of storms in 2063: 294
Pickle file written for year 2063 in /home/vdemeyer/projects/rrg-gachon/vdemeyer/TRACKING/KATJA/OUTPUTS/EETC/UBG/2063/EETC_cum_UBG_Quebec_1005hPa_2063_compound_8hrs_quantile_SSI_wetdays_ratio.pkl
#executed by process	6 in 1246.86s	with status	0 : python /home/vdemeyer/TRACKING/KATJA/POSTPROCESSING/EETCs_stat.py 2063 --sim UBG --metric ratio
Number of storms in 2042: 324
Pickle file written for year 2042 in /home/vdemeyer/projects/rrg-gachon/vdemeyer/TRACKING/KATJA/OUTPUTS/EETC/UBG/2042/EETC_cum_UBG_Quebec_1005hPa_2042_compound_8hrs_quantile_SSI_wetdays_ratio.pkl
#executed by process	19 in 1591s	with status	0 : python /home/vdemeyer/TRACKING/KATJA/POSTPROCESSING/EETCs_stat.py 2042 --sim UBG --metric ratio
Number of storms in 2061: 330
Pickle file written for year 2061 in /home/vdemeyer/projects/rrg-gachon/vdemeyer/TRACKING/KATJA/OUTPUTS/EETC/UBG/2061/EETC_cum_UBG_Quebec_1005hPa_2061_compound_8hrs_quantile_SSI_wetdays_ratio.pkl
#executed by process	2 in 1266.11s	with status	0 : python /home/vdemeyer/TRACKING/KATJA/POSTPROCESSING/EETCs_stat.py 2061 --sim UBG --metric ratio
Number of storms in 2066: 298
Pickle file written for year 2066 in /home/vdemeyer/projects/rrg-gachon/vdemeyer/TRACKING/KATJA/OUTPUTS/EETC/UBG/2066/EETC_cum_UBG_Quebec_1005hPa_2066_compound_8hrs_quantile_SSI_wetdays_ratio.pkl
#executed by process	25 in 1209.46s	with status	0 : python /home/vdemeyer/TRACKING/KATJA/POSTPROCESSING/EETCs_stat.py 2066 --sim UBG --metric ratio
Number of storms in 2064: 342
Pickle file written for year 2064 in /home/vdemeyer/projects/rrg-gachon/vdemeyer/TRACKING/KATJA/OUTPUTS/EETC/UBG/2064/EETC_cum_UBG_Quebec_1005hPa_2064_compound_8hrs_quantile_SSI_wetdays_ratio.pkl
#executed by process	43 in 1295.53s	with status	0 : python /home/vdemeyer/TRACKING/KATJA/POSTPROCESSING/EETCs_stat.py 2064 --sim UBG --metric ratio
Number of storms in 2065: 340
Pickle file written for year 2065 in /home/vdemeyer/projects/rrg-gachon/vdemeyer/TRACKING/KATJA/OUTPUTS/EETC/UBG/2065/EETC_cum_UBG_Quebec_1005hPa_2065_compound_8hrs_quantile_SSI_wetdays_ratio.pkl
#executed by process	4 in 1262.43s	with status	0 : python /home/vdemeyer/TRACKING/KATJA/POSTPROCESSING/EETCs_stat.py 2065 --sim UBG --metric ratio
Number of storms in 2068: 328
Pickle file written for year 2068 in /home/vdemeyer/projects/rrg-gachon/vdemeyer/TRACKING/KATJA/OUTPUTS/EETC/UBG/2068/EETC_cum_UBG_Quebec_1005hPa_2068_compound_8hrs_quantile_SSI_wetdays_ratio.pkl
#executed by process	32 in 1162.82s	with status	0 : python /home/vdemeyer/TRACKING/KATJA/POSTPROCESSING/EETCs_stat.py 2068 --sim UBG --metric ratio
Number of storms in 2044: 345
Pickle file written for year 2044 in /home/vdemeyer/projects/rrg-gachon/vdemeyer/TRACKING/KATJA/OUTPUTS/EETC/UBG/2044/EETC_cum_UBG_Quebec_1005hPa_2044_compound_8hrs_quantile_SSI_wetdays_ratio.pkl
#executed by process	20 in 1670.89s	with status	0 : python /home/vdemeyer/TRACKING/KATJA/POSTPROCESSING/EETCs_stat.py 2044 --sim UBG --metric ratio
Number of storms in 2067: 348
Pickle file written for year 2067 in /home/vdemeyer/projects/rrg-gachon/vdemeyer/TRACKING/KATJA/OUTPUTS/EETC/UBG/2067/EETC_cum_UBG_Quebec_1005hPa_2067_compound_8hrs_quantile_SSI_wetdays_ratio.pkl
#executed by process	10 in 1278.74s	with status	0 : python /home/vdemeyer/TRACKING/KATJA/POSTPROCESSING/EETCs_stat.py 2067 --sim UBG --metric ratio
Number of storms in 2070: 301
Pickle file written for year 2070 in /home/vdemeyer/projects/rrg-gachon/vdemeyer/TRACKING/KATJA/OUTPUTS/EETC/UBG/2070/EETC_cum_UBG_Quebec_1005hPa_2070_compound_8hrs_quantile_SSI_wetdays_ratio.pkl
#executed by process	9 in 1141.38s	with status	0 : python /home/vdemeyer/TRACKING/KATJA/POSTPROCESSING/EETCs_stat.py 2070 --sim UBG --metric ratio
Number of storms in 2069: 332
Pickle file written for year 2069 in /home/vdemeyer/projects/rrg-gachon/vdemeyer/TRACKING/KATJA/OUTPUTS/EETC/UBG/2069/EETC_cum_UBG_Quebec_1005hPa_2069_compound_8hrs_quantile_SSI_wetdays_ratio.pkl
#executed by process	12 in 1282.05s	with status	0 : python /home/vdemeyer/TRACKING/KATJA/POSTPROCESSING/EETCs_stat.py 2069 --sim UBG --metric ratio
Number of storms in 2071: 269
Pickle file written for year 2071 in /home/vdemeyer/projects/rrg-gachon/vdemeyer/TRACKING/KATJA/OUTPUTS/EETC/UBG/2071/EETC_cum_UBG_Quebec_1005hPa_2071_compound_8hrs_quantile_SSI_wetdays_ratio.pkl
#executed by process	28 in 1192.8s	with status	0 : python /home/vdemeyer/TRACKING/KATJA/POSTPROCESSING/EETCs_stat.py 2071 --sim UBG --metric ratio
Number of storms in 2072: 300
Pickle file written for year 2072 in /home/vdemeyer/projects/rrg-gachon/vdemeyer/TRACKING/KATJA/OUTPUTS/EETC/UBG/2072/EETC_cum_UBG_Quebec_1005hPa_2072_compound_8hrs_quantile_SSI_wetdays_ratio.pkl
#executed by process	26 in 1235.43s	with status	0 : python /home/vdemeyer/TRACKING/KATJA/POSTPROCESSING/EETCs_stat.py 2072 --sim UBG --metric ratio
Number of storms in 2075: 316
Pickle file written for year 2075 in /home/vdemeyer/projects/rrg-gachon/vdemeyer/TRACKING/KATJA/OUTPUTS/EETC/UBG/2075/EETC_cum_UBG_Quebec_1005hPa_2075_compound_8hrs_quantile_SSI_wetdays_ratio.pkl
#executed by process	37 in 1131.44s	with status	0 : python /home/vdemeyer/TRACKING/KATJA/POSTPROCESSING/EETCs_stat.py 2075 --sim UBG --metric ratio
Number of storms in 2073: 319
Pickle file written for year 2073 in /home/vdemeyer/projects/rrg-gachon/vdemeyer/TRACKING/KATJA/OUTPUTS/EETC/UBG/2073/EETC_cum_UBG_Quebec_1005hPa_2073_compound_8hrs_quantile_SSI_wetdays_ratio.pkl
#executed by process	29 in 1253.67s	with status	0 : python /home/vdemeyer/TRACKING/KATJA/POSTPROCESSING/EETCs_stat.py 2073 --sim UBG --metric ratio
Number of storms in 2077: 301
Pickle file written for year 2077 in /home/vdemeyer/projects/rrg-gachon/vdemeyer/TRACKING/KATJA/OUTPUTS/EETC/UBG/2077/EETC_cum_UBG_Quebec_1005hPa_2077_compound_8hrs_quantile_SSI_wetdays_ratio.pkl
#executed by process	5 in 1175.04s	with status	0 : python /home/vdemeyer/TRACKING/KATJA/POSTPROCESSING/EETCs_stat.py 2077 --sim UBG --metric ratio
Number of storms in 2083: 310
Pickle file written for year 2083 in /home/vdemeyer/projects/rrg-gachon/vdemeyer/TRACKING/KATJA/OUTPUTS/EETC/UBG/2083/EETC_cum_UBG_Quebec_1005hPa_2083_compound_8hrs_quantile_SSI_wetdays_ratio.pkl
#executed by process	31 in 1085.45s	with status	0 : python /home/vdemeyer/TRACKING/KATJA/POSTPROCESSING/EETCs_stat.py 2083 --sim UBG --metric ratio
Number of storms in 2085: 299
Pickle file written for year 2085 in /home/vdemeyer/projects/rrg-gachon/vdemeyer/TRACKING/KATJA/OUTPUTS/EETC/UBG/2085/EETC_cum_UBG_Quebec_1005hPa_2085_compound_8hrs_quantile_SSI_wetdays_ratio.pkl
#executed by process	39 in 1035.23s	with status	0 : python /home/vdemeyer/TRACKING/KATJA/POSTPROCESSING/EETCs_stat.py 2085 --sim UBG --metric ratio
Number of storms in 2074: 306
Pickle file written for year 2074 in /home/vdemeyer/projects/rrg-gachon/vdemeyer/TRACKING/KATJA/OUTPUTS/EETC/UBG/2074/EETC_cum_UBG_Quebec_1005hPa_2074_compound_8hrs_quantile_SSI_wetdays_ratio.pkl
#executed by process	23 in 1371.34s	with status	0 : python /home/vdemeyer/TRACKING/KATJA/POSTPROCESSING/EETCs_stat.py 2074 --sim UBG --metric ratio
Number of storms in 2086: 271
Pickle file written for year 2086 in /home/vdemeyer/projects/rrg-gachon/vdemeyer/TRACKING/KATJA/OUTPUTS/EETC/UBG/2086/EETC_cum_UBG_Quebec_1005hPa_2086_compound_8hrs_quantile_SSI_wetdays_ratio.pkl
#executed by process	35 in 1008.25s	with status	0 : python /home/vdemeyer/TRACKING/KATJA/POSTPROCESSING/EETCs_stat.py 2086 --sim UBG --metric ratio
Number of storms in 2079: 293
Pickle file written for year 2079 in /home/vdemeyer/projects/rrg-gachon/vdemeyer/TRACKING/KATJA/OUTPUTS/EETC/UBG/2079/EETC_cum_UBG_Quebec_1005hPa_2079_compound_8hrs_quantile_SSI_wetdays_ratio.pkl
#executed by process	16 in 1297.46s	with status	0 : python /home/vdemeyer/TRACKING/KATJA/POSTPROCESSING/EETCs_stat.py 2079 --sim UBG --metric ratio
Number of storms in 2087: 289
Pickle file written for year 2087 in /home/vdemeyer/projects/rrg-gachon/vdemeyer/TRACKING/KATJA/OUTPUTS/EETC/UBG/2087/EETC_cum_UBG_Quebec_1005hPa_2087_compound_8hrs_quantile_SSI_wetdays_ratio.pkl
#executed by process	36 in 1019.29s	with status	0 : python /home/vdemeyer/TRACKING/KATJA/POSTPROCESSING/EETCs_stat.py 2087 --sim UBG --metric ratio
Number of storms in 2076: 342
Pickle file written for year 2076 in /home/vdemeyer/projects/rrg-gachon/vdemeyer/TRACKING/KATJA/OUTPUTS/EETC/UBG/2076/EETC_cum_UBG_Quebec_1005hPa_2076_compound_8hrs_quantile_SSI_wetdays_ratio.pkl
#executed by process	27 in 1410.92s	with status	0 : python /home/vdemeyer/TRACKING/KATJA/POSTPROCESSING/EETCs_stat.py 2076 --sim UBG --metric ratio
Number of storms in 2078: 297
Pickle file written for year 2078 in /home/vdemeyer/projects/rrg-gachon/vdemeyer/TRACKING/KATJA/OUTPUTS/EETC/UBG/2078/EETC_cum_UBG_Quebec_1005hPa_2078_compound_8hrs_quantile_SSI_wetdays_ratio.pkl
#executed by process	18 in 1344.85s	with status	0 : python /home/vdemeyer/TRACKING/KATJA/POSTPROCESSING/EETCs_stat.py 2078 --sim UBG --metric ratio
Number of storms in 2090: 287
Pickle file written for year 2090 in /home/vdemeyer/projects/rrg-gachon/vdemeyer/TRACKING/KATJA/OUTPUTS/EETC/UBG/2090/EETC_cum_UBG_Quebec_1005hPa_2090_compound_8hrs_quantile_SSI_wetdays_ratio.pkl
#executed by process	33 in 1064.77s	with status	0 : python /home/vdemeyer/TRACKING/KATJA/POSTPROCESSING/EETCs_stat.py 2090 --sim UBG --metric ratio
Number of storms in 2081: 308
Pickle file written for year 2081 in /home/vdemeyer/projects/rrg-gachon/vdemeyer/TRACKING/KATJA/OUTPUTS/EETC/UBG/2081/EETC_cum_UBG_Quebec_1005hPa_2081_compound_8hrs_quantile_SSI_wetdays_ratio.pkl
#executed by process	24 in 1383.42s	with status	0 : python /home/vdemeyer/TRACKING/KATJA/POSTPROCESSING/EETCs_stat.py 2081 --sim UBG --metric ratio
Number of storms in 2088: 303
Pickle file written for year 2088 in /home/vdemeyer/projects/rrg-gachon/vdemeyer/TRACKING/KATJA/OUTPUTS/EETC/UBG/2088/EETC_cum_UBG_Quebec_1005hPa_2088_compound_8hrs_quantile_SSI_wetdays_ratio.pkl
#executed by process	38 in 1132.94s	with status	0 : python /home/vdemeyer/TRACKING/KATJA/POSTPROCESSING/EETCs_stat.py 2088 --sim UBG --metric ratio
Number of storms in 2080: 310
Pickle file written for year 2080 in /home/vdemeyer/projects/rrg-gachon/vdemeyer/TRACKING/KATJA/OUTPUTS/EETC/UBG/2080/EETC_cum_UBG_Quebec_1005hPa_2080_compound_8hrs_quantile_SSI_wetdays_ratio.pkl
#executed by process	21 in 1433.04s	with status	0 : python /home/vdemeyer/TRACKING/KATJA/POSTPROCESSING/EETCs_stat.py 2080 --sim UBG --metric ratio
Number of storms in 2089: 317
Pickle file written for year 2089 in /home/vdemeyer/projects/rrg-gachon/vdemeyer/TRACKING/KATJA/OUTPUTS/EETC/UBG/2089/EETC_cum_UBG_Quebec_1005hPa_2089_compound_8hrs_quantile_SSI_wetdays_ratio.pkl
Number of storms in 2091: 299
Pickle file written for year 2091 in /home/vdemeyer/projects/rrg-gachon/vdemeyer/TRACKING/KATJA/OUTPUTS/EETC/UBG/2091/EETC_cum_UBG_Quebec_1005hPa_2091_compound_8hrs_quantile_SSI_wetdays_ratio.pkl
#executed by process	34 in 1125.8s	with status	0 : python /home/vdemeyer/TRACKING/KATJA/POSTPROCESSING/EETCs_stat.py 2089 --sim UBG --metric ratio
#executed by process	1 in 1090.5s	with status	0 : python /home/vdemeyer/TRACKING/KATJA/POSTPROCESSING/EETCs_stat.py 2091 --sim UBG --metric ratio
Number of storms in 2096: 293
Pickle file written for year 2096 in /home/vdemeyer/projects/rrg-gachon/vdemeyer/TRACKING/KATJA/OUTPUTS/EETC/UBG/2096/EETC_cum_UBG_Quebec_1005hPa_2096_compound_8hrs_quantile_SSI_wetdays_ratio.pkl
#executed by process	30 in 1003.44s	with status	0 : python /home/vdemeyer/TRACKING/KATJA/POSTPROCESSING/EETCs_stat.py 2096 --sim UBG --metric ratio
Number of storms in 2092: 314
Pickle file written for year 2092 in /home/vdemeyer/projects/rrg-gachon/vdemeyer/TRACKING/KATJA/OUTPUTS/EETC/UBG/2092/EETC_cum_UBG_Quebec_1005hPa_2092_compound_8hrs_quantile_SSI_wetdays_ratio.pkl
#executed by process	14 in 1104.71s	with status	0 : python /home/vdemeyer/TRACKING/KATJA/POSTPROCESSING/EETCs_stat.py 2092 --sim UBG --metric ratio
Number of storms in 2094: 303
Pickle file written for year 2094 in /home/vdemeyer/projects/rrg-gachon/vdemeyer/TRACKING/KATJA/OUTPUTS/EETC/UBG/2094/EETC_cum_UBG_Quebec_1005hPa_2094_compound_8hrs_quantile_SSI_wetdays_ratio.pkl
#executed by process	40 in 1082.53s	with status	0 : python /home/vdemeyer/TRACKING/KATJA/POSTPROCESSING/EETCs_stat.py 2094 --sim UBG --metric ratio
Number of storms in 2082: 307
Pickle file written for year 2082 in /home/vdemeyer/projects/rrg-gachon/vdemeyer/TRACKING/KATJA/OUTPUTS/EETC/UBG/2082/EETC_cum_UBG_Quebec_1005hPa_2082_compound_8hrs_quantile_SSI_wetdays_ratio.pkl
#executed by process	22 in 1415.99s	with status	0 : python /home/vdemeyer/TRACKING/KATJA/POSTPROCESSING/EETCs_stat.py 2082 --sim UBG --metric ratio
Number of storms in 2084: 298
Pickle file written for year 2084 in /home/vdemeyer/projects/rrg-gachon/vdemeyer/TRACKING/KATJA/OUTPUTS/EETC/UBG/2084/EETC_cum_UBG_Quebec_1005hPa_2084_compound_8hrs_quantile_SSI_wetdays_ratio.pkl
#executed by process	15 in 1392.71s	with status	0 : python /home/vdemeyer/TRACKING/KATJA/POSTPROCESSING/EETCs_stat.py 2084 --sim UBG --metric ratio
Number of storms in 2100: 276
Pickle file written for year 2100 in /home/vdemeyer/projects/rrg-gachon/vdemeyer/TRACKING/KATJA/OUTPUTS/EETC/UBG/2100/EETC_cum_UBG_Quebec_1005hPa_2100_compound_8hrs_quantile_SSI_wetdays_ratio.pkl
#executed by process	42 in 1017.05s	with status	0 : python /home/vdemeyer/TRACKING/KATJA/POSTPROCESSING/EETCs_stat.py 2100 --sim UBG --metric ratio
Number of storms in 2095: 266
Pickle file written for year 2095 in /home/vdemeyer/projects/rrg-gachon/vdemeyer/TRACKING/KATJA/OUTPUTS/EETC/UBG/2095/EETC_cum_UBG_Quebec_1005hPa_2095_compound_8hrs_quantile_SSI_wetdays_ratio.pkl
#executed by process	8 in 1146.9s	with status	0 : python /home/vdemeyer/TRACKING/KATJA/POSTPROCESSING/EETCs_stat.py 2095 --sim UBG --metric ratio
Number of storms in 2097: 302
Pickle file written for year 2097 in /home/vdemeyer/projects/rrg-gachon/vdemeyer/TRACKING/KATJA/OUTPUTS/EETC/UBG/2097/EETC_cum_UBG_Quebec_1005hPa_2097_compound_8hrs_quantile_SSI_wetdays_ratio.pkl
#executed by process	44 in 1131.31s	with status	0 : python /home/vdemeyer/TRACKING/KATJA/POSTPROCESSING/EETCs_stat.py 2097 --sim UBG --metric ratio
Number of storms in 2099: 295
Pickle file written for year 2099 in /home/vdemeyer/projects/rrg-gachon/vdemeyer/TRACKING/KATJA/OUTPUTS/EETC/UBG/2099/EETC_cum_UBG_Quebec_1005hPa_2099_compound_8hrs_quantile_SSI_wetdays_ratio.pkl
#executed by process	41 in 1103.3s	with status	0 : python /home/vdemeyer/TRACKING/KATJA/POSTPROCESSING/EETCs_stat.py 2099 --sim UBG --metric ratio
Number of storms in 2098: 266
Pickle file written for year 2098 in /home/vdemeyer/projects/rrg-gachon/vdemeyer/TRACKING/KATJA/OUTPUTS/EETC/UBG/2098/EETC_cum_UBG_Quebec_1005hPa_2098_compound_8hrs_quantile_SSI_wetdays_ratio.pkl
#executed by process	7 in 1119.18s	with status	0 : python /home/vdemeyer/TRACKING/KATJA/POSTPROCESSING/EETCs_stat.py 2098 --sim UBG --metric ratio
Number of storms in 2093: 303
Pickle file written for year 2093 in /home/vdemeyer/projects/rrg-gachon/vdemeyer/TRACKING/KATJA/OUTPUTS/EETC/UBG/2093/EETC_cum_UBG_Quebec_1005hPa_2093_compound_8hrs_quantile_SSI_wetdays_ratio.pkl
#executed by process	17 in 1350.57s	with status	0 : python /home/vdemeyer/TRACKING/KATJA/POSTPROCESSING/EETCs_stat.py 2093 --sim UBG --metric ratio
Number of storms in 2020: 315
Pickle file written for year 2020 in /home/vdemeyer/projects/rrg-gachon/vdemeyer/TRACKING/KATJA/OUTPUTS/EETC/UBH/2020/EETC_cum_UBH_Quebec_1005hPa_2020_compound_8hrs_quantile_SSI_wetdays_ratio.pkl
#executed by process	2 in 1173.46s	with status	0 : python /home/vdemeyer/TRACKING/KATJA/POSTPROCESSING/EETCs_stat.py 2020 --sim UBH --metric ratio
Number of storms in 2016: 311
Pickle file written for year 2016 in /home/vdemeyer/projects/rrg-gachon/vdemeyer/TRACKING/KATJA/OUTPUTS/EETC/UBH/2016/EETC_cum_UBH_Quebec_1005hPa_2016_compound_8hrs_quantile_SSI_wetdays_ratio.pkl
#executed by process	3 in 1232.13s	with status	0 : python /home/vdemeyer/TRACKING/KATJA/POSTPROCESSING/EETCs_stat.py 2016 --sim UBH --metric ratio
Number of storms in 2015: 347
Pickle file written for year 2015 in /home/vdemeyer/projects/rrg-gachon/vdemeyer/TRACKING/KATJA/OUTPUTS/EETC/UBH/2015/EETC_cum_UBH_Quebec_1005hPa_2015_compound_8hrs_quantile_SSI_wetdays_ratio.pkl
#executed by process	13 in 1261.72s	with status	0 : python /home/vdemeyer/TRACKING/KATJA/POSTPROCESSING/EETCs_stat.py 2015 --sim UBH --metric ratio
Number of storms in 2024: 345
Pickle file written for year 2024 in /home/vdemeyer/projects/rrg-gachon/vdemeyer/TRACKING/KATJA/OUTPUTS/EETC/UBH/2024/EETC_cum_UBH_Quebec_1005hPa_2024_compound_8hrs_quantile_SSI_wetdays_ratio.pkl
#executed by process	32 in 1149.03s	with status	0 : python /home/vdemeyer/TRACKING/KATJA/POSTPROCESSING/EETCs_stat.py 2024 --sim UBH --metric ratio
Number of storms in 2017: 326
Pickle file written for year 2017 in /home/vdemeyer/projects/rrg-gachon/vdemeyer/TRACKING/KATJA/OUTPUTS/EETC/UBH/2017/EETC_cum_UBH_Quebec_1005hPa_2017_compound_8hrs_quantile_SSI_wetdays_ratio.pkl
#executed by process	11 in 1252.9s	with status	0 : python /home/vdemeyer/TRACKING/KATJA/POSTPROCESSING/EETCs_stat.py 2017 --sim UBH --metric ratio
Number of storms in 2022: 349
Pickle file written for year 2022 in /home/vdemeyer/projects/rrg-gachon/vdemeyer/TRACKING/KATJA/OUTPUTS/EETC/UBH/2022/EETC_cum_UBH_Quebec_1005hPa_2022_compound_8hrs_quantile_SSI_wetdays_ratio.pkl
#executed by process	43 in 1178.05s	with status	0 : python /home/vdemeyer/TRACKING/KATJA/POSTPROCESSING/EETCs_stat.py 2022 --sim UBH --metric ratio
Number of storms in 2018: 299
Pickle file written for year 2018 in /home/vdemeyer/projects/rrg-gachon/vdemeyer/TRACKING/KATJA/OUTPUTS/EETC/UBH/2018/EETC_cum_UBH_Quebec_1005hPa_2018_compound_8hrs_quantile_SSI_wetdays_ratio.pkl
#executed by process	6 in 1255.22s	with status	0 : python /home/vdemeyer/TRACKING/KATJA/POSTPROCESSING/EETCs_stat.py 2018 --sim UBH --metric ratio
Number of storms in 2026: 287
Pickle file written for year 2026 in /home/vdemeyer/projects/rrg-gachon/vdemeyer/TRACKING/KATJA/OUTPUTS/EETC/UBH/2026/EETC_cum_UBH_Quebec_1005hPa_2026_compound_8hrs_quantile_SSI_wetdays_ratio.pkl
#executed by process	10 in 1109.07s	with status	0 : python /home/vdemeyer/TRACKING/KATJA/POSTPROCESSING/EETCs_stat.py 2026 --sim UBH --metric ratio
Number of storms in 2021: 302
Pickle file written for year 2021 in /home/vdemeyer/projects/rrg-gachon/vdemeyer/TRACKING/KATJA/OUTPUTS/EETC/UBH/2021/EETC_cum_UBH_Quebec_1005hPa_2021_compound_8hrs_quantile_SSI_wetdays_ratio.pkl
#executed by process	25 in 1242.88s	with status	0 : python /home/vdemeyer/TRACKING/KATJA/POSTPROCESSING/EETCs_stat.py 2021 --sim UBH --metric ratio
Number of storms in 2023: 307
Pickle file written for year 2023 in /home/vdemeyer/projects/rrg-gachon/vdemeyer/TRACKING/KATJA/OUTPUTS/EETC/UBH/2023/EETC_cum_UBH_Quebec_1005hPa_2023_compound_8hrs_quantile_SSI_wetdays_ratio.pkl
#executed by process	4 in 1246.52s	with status	0 : python /home/vdemeyer/TRACKING/KATJA/POSTPROCESSING/EETCs_stat.py 2023 --sim UBH --metric ratio
Number of storms in 2031: 311
Pickle file written for year 2031 in /home/vdemeyer/projects/rrg-gachon/vdemeyer/TRACKING/KATJA/OUTPUTS/EETC/UBH/2031/EETC_cum_UBH_Quebec_1005hPa_2031_compound_8hrs_quantile_SSI_wetdays_ratio.pkl
#executed by process	37 in 1074.32s	with status	0 : python /home/vdemeyer/TRACKING/KATJA/POSTPROCESSING/EETCs_stat.py 2031 --sim UBH --metric ratio
Number of storms in 2028: 342
Pickle file written for year 2028 in /home/vdemeyer/projects/rrg-gachon/vdemeyer/TRACKING/KATJA/OUTPUTS/EETC/UBH/2028/EETC_cum_UBH_Quebec_1005hPa_2028_compound_8hrs_quantile_SSI_wetdays_ratio.pkl
#executed by process	12 in 1206.19s	with status	0 : python /home/vdemeyer/TRACKING/KATJA/POSTPROCESSING/EETCs_stat.py 2028 --sim UBH --metric ratio
Number of storms in 2027: 338
Pickle file written for year 2027 in /home/vdemeyer/projects/rrg-gachon/vdemeyer/TRACKING/KATJA/OUTPUTS/EETC/UBH/2027/EETC_cum_UBH_Quebec_1005hPa_2027_compound_8hrs_quantile_SSI_wetdays_ratio.pkl
#executed by process	9 in 1297.59s	with status	0 : python /home/vdemeyer/TRACKING/KATJA/POSTPROCESSING/EETCs_stat.py 2027 --sim UBH --metric ratio
Number of storms in 2019: 334
Pickle file written for year 2019 in /home/vdemeyer/projects/rrg-gachon/vdemeyer/TRACKING/KATJA/OUTPUTS/EETC/UBH/2019/EETC_cum_UBH_Quebec_1005hPa_2019_compound_8hrs_quantile_SSI_wetdays_ratio.pkl
#executed by process	19 in 1615.63s	with status	0 : python /home/vdemeyer/TRACKING/KATJA/POSTPROCESSING/EETCs_stat.py 2019 --sim UBH --metric ratio
Number of storms in 2025: 323
Pickle file written for year 2025 in /home/vdemeyer/projects/rrg-gachon/vdemeyer/TRACKING/KATJA/OUTPUTS/EETC/UBH/2025/EETC_cum_UBH_Quebec_1005hPa_2025_compound_8hrs_quantile_SSI_wetdays_ratio.pkl
#executed by process	20 in 1504.04s	with status	0 : python /home/vdemeyer/TRACKING/KATJA/POSTPROCESSING/EETCs_stat.py 2025 --sim UBH --metric ratio
Number of storms in 2029: 319
Pickle file written for year 2029 in /home/vdemeyer/projects/rrg-gachon/vdemeyer/TRACKING/KATJA/OUTPUTS/EETC/UBH/2029/EETC_cum_UBH_Quebec_1005hPa_2029_compound_8hrs_quantile_SSI_wetdays_ratio.pkl
#executed by process	28 in 1337.02s	with status	0 : python /home/vdemeyer/TRACKING/KATJA/POSTPROCESSING/EETCs_stat.py 2029 --sim UBH --metric ratio
Number of storms in 2034: 316
Pickle file written for year 2034 in /home/vdemeyer/projects/rrg-gachon/vdemeyer/TRACKING/KATJA/OUTPUTS/EETC/UBH/2034/EETC_cum_UBH_Quebec_1005hPa_2034_compound_8hrs_quantile_SSI_wetdays_ratio.pkl
#executed by process	31 in 1084.56s	with status	0 : python /home/vdemeyer/TRACKING/KATJA/POSTPROCESSING/EETCs_stat.py 2034 --sim UBH --metric ratio
Number of storms in 2033: 331
Pickle file written for year 2033 in /home/vdemeyer/projects/rrg-gachon/vdemeyer/TRACKING/KATJA/OUTPUTS/EETC/UBH/2033/EETC_cum_UBH_Quebec_1005hPa_2033_compound_8hrs_quantile_SSI_wetdays_ratio.pkl
#executed by process	5 in 1191.12s	with status	0 : python /home/vdemeyer/TRACKING/KATJA/POSTPROCESSING/EETCs_stat.py 2033 --sim UBH --metric ratio
Number of storms in 2030: 324
Pickle file written for year 2030 in /home/vdemeyer/projects/rrg-gachon/vdemeyer/TRACKING/KATJA/OUTPUTS/EETC/UBH/2030/EETC_cum_UBH_Quebec_1005hPa_2030_compound_8hrs_quantile_SSI_wetdays_ratio.pkl
#executed by process	26 in 1339.52s	with status	0 : python /home/vdemeyer/TRACKING/KATJA/POSTPROCESSING/EETCs_stat.py 2030 --sim UBH --metric ratio
Number of storms in 2035: 309
Pickle file written for year 2035 in /home/vdemeyer/projects/rrg-gachon/vdemeyer/TRACKING/KATJA/OUTPUTS/EETC/UBH/2035/EETC_cum_UBH_Quebec_1005hPa_2035_compound_8hrs_quantile_SSI_wetdays_ratio.pkl
#executed by process	39 in 1120.13s	with status	0 : python /home/vdemeyer/TRACKING/KATJA/POSTPROCESSING/EETCs_stat.py 2035 --sim UBH --metric ratio
Number of storms in 2032: 318
Pickle file written for year 2032 in /home/vdemeyer/projects/rrg-gachon/vdemeyer/TRACKING/KATJA/OUTPUTS/EETC/UBH/2032/EETC_cum_UBH_Quebec_1005hPa_2032_compound_8hrs_quantile_SSI_wetdays_ratio.pkl
#executed by process	29 in 1321.38s	with status	0 : python /home/vdemeyer/TRACKING/KATJA/POSTPROCESSING/EETCs_stat.py 2032 --sim UBH --metric ratio
Number of storms in 2037: 338
Pickle file written for year 2037 in /home/vdemeyer/projects/rrg-gachon/vdemeyer/TRACKING/KATJA/OUTPUTS/EETC/UBH/2037/EETC_cum_UBH_Quebec_1005hPa_2037_compound_8hrs_quantile_SSI_wetdays_ratio.pkl
#executed by process	35 in 1201.9s	with status	0 : python /home/vdemeyer/TRACKING/KATJA/POSTPROCESSING/EETCs_stat.py 2037 --sim UBH --metric ratio
Number of storms in 2048: 305
Pickle file written for year 2048 in /home/vdemeyer/projects/rrg-gachon/vdemeyer/TRACKING/KATJA/OUTPUTS/EETC/UBH/2048/EETC_cum_UBH_Quebec_1005hPa_2048_compound_8hrs_quantile_SSI_wetdays_ratio.pkl
#executed by process	30 in 1050.13s	with status	0 : python /home/vdemeyer/TRACKING/KATJA/POSTPROCESSING/EETCs_stat.py 2048 --sim UBH --metric ratio
Number of storms in 2036: 297
Pickle file written for year 2036 in /home/vdemeyer/projects/rrg-gachon/vdemeyer/TRACKING/KATJA/OUTPUTS/EETC/UBH/2036/EETC_cum_UBH_Quebec_1005hPa_2036_compound_8hrs_quantile_SSI_wetdays_ratio.pkl
#executed by process	23 in 1328.17s	with status	0 : python /home/vdemeyer/TRACKING/KATJA/POSTPROCESSING/EETCs_stat.py 2036 --sim UBH --metric ratio
Number of storms in 2039: 353
Pickle file written for year 2039 in /home/vdemeyer/projects/rrg-gachon/vdemeyer/TRACKING/KATJA/OUTPUTS/EETC/UBH/2039/EETC_cum_UBH_Quebec_1005hPa_2039_compound_8hrs_quantile_SSI_wetdays_ratio.pkl
#executed by process	36 in 1269.4s	with status	0 : python /home/vdemeyer/TRACKING/KATJA/POSTPROCESSING/EETCs_stat.py 2039 --sim UBH --metric ratio
Number of storms in 2046: 314
Pickle file written for year 2046 in /home/vdemeyer/projects/rrg-gachon/vdemeyer/TRACKING/KATJA/OUTPUTS/EETC/UBH/2046/EETC_cum_UBH_Quebec_1005hPa_2046_compound_8hrs_quantile_SSI_wetdays_ratio.pkl
#executed by process	34 in 1112.85s	with status	0 : python /home/vdemeyer/TRACKING/KATJA/POSTPROCESSING/EETCs_stat.py 2046 --sim UBH --metric ratio
Number of storms in 2042: 336
Pickle file written for year 2042 in /home/vdemeyer/projects/rrg-gachon/vdemeyer/TRACKING/KATJA/OUTPUTS/EETC/UBH/2042/EETC_cum_UBH_Quebec_1005hPa_2042_compound_8hrs_quantile_SSI_wetdays_ratio.pkl
#executed by process	33 in 1177.4s	with status	0 : python /home/vdemeyer/TRACKING/KATJA/POSTPROCESSING/EETCs_stat.py 2042 --sim UBH --metric ratio
Number of storms in 2040: 320
Pickle file written for year 2040 in /home/vdemeyer/projects/rrg-gachon/vdemeyer/TRACKING/KATJA/OUTPUTS/EETC/UBH/2040/EETC_cum_UBH_Quebec_1005hPa_2040_compound_8hrs_quantile_SSI_wetdays_ratio.pkl
#executed by process	27 in 1293.79s	with status	0 : python /home/vdemeyer/TRACKING/KATJA/POSTPROCESSING/EETCs_stat.py 2040 --sim UBH --metric ratio
Number of storms in 2044: 323
Pickle file written for year 2044 in /home/vdemeyer/projects/rrg-gachon/vdemeyer/TRACKING/KATJA/OUTPUTS/EETC/UBH/2044/EETC_cum_UBH_Quebec_1005hPa_2044_compound_8hrs_quantile_SSI_wetdays_ratio.pkl
#executed by process	38 in 1162.13s	with status	0 : python /home/vdemeyer/TRACKING/KATJA/POSTPROCESSING/EETCs_stat.py 2044 --sim UBH --metric ratio
Number of storms in 2049: 320
Pickle file written for year 2049 in /home/vdemeyer/projects/rrg-gachon/vdemeyer/TRACKING/KATJA/OUTPUTS/EETC/UBH/2049/EETC_cum_UBH_Quebec_1005hPa_2049_compound_8hrs_quantile_SSI_wetdays_ratio.pkl
#executed by process	14 in 1150.99s	with status	0 : python /home/vdemeyer/TRACKING/KATJA/POSTPROCESSING/EETCs_stat.py 2049 --sim UBH --metric ratio
Number of storms in 2050: 323
Pickle file written for year 2050 in /home/vdemeyer/projects/rrg-gachon/vdemeyer/TRACKING/KATJA/OUTPUTS/EETC/UBH/2050/EETC_cum_UBH_Quebec_1005hPa_2050_compound_8hrs_quantile_SSI_wetdays_ratio.pkl
#executed by process	40 in 1164.37s	with status	0 : python /home/vdemeyer/TRACKING/KATJA/POSTPROCESSING/EETCs_stat.py 2050 --sim UBH --metric ratio
Number of storms in 2041: 318
Pickle file written for year 2041 in /home/vdemeyer/projects/rrg-gachon/vdemeyer/TRACKING/KATJA/OUTPUTS/EETC/UBH/2041/EETC_cum_UBH_Quebec_1005hPa_2041_compound_8hrs_quantile_SSI_wetdays_ratio.pkl
#executed by process	18 in 1383.74s	with status	0 : python /home/vdemeyer/TRACKING/KATJA/POSTPROCESSING/EETCs_stat.py 2041 --sim UBH --metric ratio
Number of storms in 2038: 323
Pickle file written for year 2038 in /home/vdemeyer/projects/rrg-gachon/vdemeyer/TRACKING/KATJA/OUTPUTS/EETC/UBH/2038/EETC_cum_UBH_Quebec_1005hPa_2038_compound_8hrs_quantile_SSI_wetdays_ratio.pkl
#executed by process	16 in 1441.24s	with status	0 : python /home/vdemeyer/TRACKING/KATJA/POSTPROCESSING/EETCs_stat.py 2038 --sim UBH --metric ratio
Number of storms in 2053: 333
Pickle file written for year 2053 in /home/vdemeyer/projects/rrg-gachon/vdemeyer/TRACKING/KATJA/OUTPUTS/EETC/UBH/2053/EETC_cum_UBH_Quebec_1005hPa_2053_compound_8hrs_quantile_SSI_wetdays_ratio.pkl
#executed by process	42 in 1184.54s	with status	0 : python /home/vdemeyer/TRACKING/KATJA/POSTPROCESSING/EETCs_stat.py 2053 --sim UBH --metric ratio
Number of storms in 2047: 349
Pickle file written for year 2047 in /home/vdemeyer/projects/rrg-gachon/vdemeyer/TRACKING/KATJA/OUTPUTS/EETC/UBH/2047/EETC_cum_UBH_Quebec_1005hPa_2047_compound_8hrs_quantile_SSI_wetdays_ratio.pkl
#executed by process	1 in 1273.23s	with status	0 : python /home/vdemeyer/TRACKING/KATJA/POSTPROCESSING/EETCs_stat.py 2047 --sim UBH --metric ratio
Number of storms in 2043: 294
Pickle file written for year 2043 in /home/vdemeyer/projects/rrg-gachon/vdemeyer/TRACKING/KATJA/OUTPUTS/EETC/UBH/2043/EETC_cum_UBH_Quebec_1005hPa_2043_compound_8hrs_quantile_SSI_wetdays_ratio.pkl
#executed by process	24 in 1328.88s	with status	0 : python /home/vdemeyer/TRACKING/KATJA/POSTPROCESSING/EETCs_stat.py 2043 --sim UBH --metric ratio
Number of storms in 2056: 324
Pickle file written for year 2056 in /home/vdemeyer/projects/rrg-gachon/vdemeyer/TRACKING/KATJA/OUTPUTS/EETC/UBH/2056/EETC_cum_UBH_Quebec_1005hPa_2056_compound_8hrs_quantile_SSI_wetdays_ratio.pkl
#executed by process	41 in 1161.75s	with status	0 : python /home/vdemeyer/TRACKING/KATJA/POSTPROCESSING/EETCs_stat.py 2056 --sim UBH --metric ratio
Number of storms in 2054: 328
Pickle file written for year 2054 in /home/vdemeyer/projects/rrg-gachon/vdemeyer/TRACKING/KATJA/OUTPUTS/EETC/UBH/2054/EETC_cum_UBH_Quebec_1005hPa_2054_compound_8hrs_quantile_SSI_wetdays_ratio.pkl
#executed by process	8 in 1199.51s	with status	0 : python /home/vdemeyer/TRACKING/KATJA/POSTPROCESSING/EETCs_stat.py 2054 --sim UBH --metric ratio
Number of storms in 2055: 328
Pickle file written for year 2055 in /home/vdemeyer/projects/rrg-gachon/vdemeyer/TRACKING/KATJA/OUTPUTS/EETC/UBH/2055/EETC_cum_UBH_Quebec_1005hPa_2055_compound_8hrs_quantile_SSI_wetdays_ratio.pkl
#executed by process	44 in 1198.22s	with status	0 : python /home/vdemeyer/TRACKING/KATJA/POSTPROCESSING/EETCs_stat.py 2055 --sim UBH --metric ratio
Number of storms in 2045: 323
Pickle file written for year 2045 in /home/vdemeyer/projects/rrg-gachon/vdemeyer/TRACKING/KATJA/OUTPUTS/EETC/UBH/2045/EETC_cum_UBH_Quebec_1005hPa_2045_compound_8hrs_quantile_SSI_wetdays_ratio.pkl
#executed by process	21 in 1419.65s	with status	0 : python /home/vdemeyer/TRACKING/KATJA/POSTPROCESSING/EETCs_stat.py 2045 --sim UBH --metric ratio
Number of storms in 2057: 348
Pickle file written for year 2057 in /home/vdemeyer/projects/rrg-gachon/vdemeyer/TRACKING/KATJA/OUTPUTS/EETC/UBH/2057/EETC_cum_UBH_Quebec_1005hPa_2057_compound_8hrs_quantile_SSI_wetdays_ratio.pkl
#executed by process	7 in 1273.94s	with status	0 : python /home/vdemeyer/TRACKING/KATJA/POSTPROCESSING/EETCs_stat.py 2057 --sim UBH --metric ratio
Number of storms in 2051: 319
Pickle file written for year 2051 in /home/vdemeyer/projects/rrg-gachon/vdemeyer/TRACKING/KATJA/OUTPUTS/EETC/UBH/2051/EETC_cum_UBH_Quebec_1005hPa_2051_compound_8hrs_quantile_SSI_wetdays_ratio.pkl
#executed by process	22 in 1399.82s	with status	0 : python /home/vdemeyer/TRACKING/KATJA/POSTPROCESSING/EETCs_stat.py 2051 --sim UBH --metric ratio
Number of storms in 2052: 332
Pickle file written for year 2052 in /home/vdemeyer/projects/rrg-gachon/vdemeyer/TRACKING/KATJA/OUTPUTS/EETC/UBH/2052/EETC_cum_UBH_Quebec_1005hPa_2052_compound_8hrs_quantile_SSI_wetdays_ratio.pkl
#executed by process	15 in 1392.26s	with status	0 : python /home/vdemeyer/TRACKING/KATJA/POSTPROCESSING/EETCs_stat.py 2052 --sim UBH --metric ratio
Number of storms in 2061: 310
Pickle file written for year 2061 in /home/vdemeyer/projects/rrg-gachon/vdemeyer/TRACKING/KATJA/OUTPUTS/EETC/UBH/2061/EETC_cum_UBH_Quebec_1005hPa_2061_compound_8hrs_quantile_SSI_wetdays_ratio.pkl
#executed by process	13 in 1148.42s	with status	0 : python /home/vdemeyer/TRACKING/KATJA/POSTPROCESSING/EETCs_stat.py 2061 --sim UBH --metric ratio
Number of storms in 2059: 325
Pickle file written for year 2059 in /home/vdemeyer/projects/rrg-gachon/vdemeyer/TRACKING/KATJA/OUTPUTS/EETC/UBH/2059/EETC_cum_UBH_Quebec_1005hPa_2059_compound_8hrs_quantile_SSI_wetdays_ratio.pkl
#executed by process	2 in 1191.13s	with status	0 : python /home/vdemeyer/TRACKING/KATJA/POSTPROCESSING/EETCs_stat.py 2059 --sim UBH --metric ratio
Number of storms in 2066: 288
Pickle file written for year 2066 in /home/vdemeyer/projects/rrg-gachon/vdemeyer/TRACKING/KATJA/OUTPUTS/EETC/UBH/2066/EETC_cum_UBH_Quebec_1005hPa_2066_compound_8hrs_quantile_SSI_wetdays_ratio.pkl
#executed by process	10 in 1133.52s	with status	0 : python /home/vdemeyer/TRACKING/KATJA/POSTPROCESSING/EETCs_stat.py 2066 --sim UBH --metric ratio
Number of storms in 2064: 314
Pickle file written for year 2064 in /home/vdemeyer/projects/rrg-gachon/vdemeyer/TRACKING/KATJA/OUTPUTS/EETC/UBH/2064/EETC_cum_UBH_Quebec_1005hPa_2064_compound_8hrs_quantile_SSI_wetdays_ratio.pkl
#executed by process	43 in 1160.67s	with status	0 : python /home/vdemeyer/TRACKING/KATJA/POSTPROCESSING/EETCs_stat.py 2064 --sim UBH --metric ratio
Number of storms in 2062: 321
Pickle file written for year 2062 in /home/vdemeyer/projects/rrg-gachon/vdemeyer/TRACKING/KATJA/OUTPUTS/EETC/UBH/2062/EETC_cum_UBH_Quebec_1005hPa_2062_compound_8hrs_quantile_SSI_wetdays_ratio.pkl
#executed by process	32 in 1181.76s	with status	0 : python /home/vdemeyer/TRACKING/KATJA/POSTPROCESSING/EETCs_stat.py 2062 --sim UBH --metric ratio
Number of storms in 2060: 320
Pickle file written for year 2060 in /home/vdemeyer/projects/rrg-gachon/vdemeyer/TRACKING/KATJA/OUTPUTS/EETC/UBH/2060/EETC_cum_UBH_Quebec_1005hPa_2060_compound_8hrs_quantile_SSI_wetdays_ratio.pkl
#executed by process	3 in 1209.86s	with status	0 : python /home/vdemeyer/TRACKING/KATJA/POSTPROCESSING/EETCs_stat.py 2060 --sim UBH --metric ratio
Number of storms in 2065: 327
Pickle file written for year 2065 in /home/vdemeyer/projects/rrg-gachon/vdemeyer/TRACKING/KATJA/OUTPUTS/EETC/UBH/2065/EETC_cum_UBH_Quebec_1005hPa_2065_compound_8hrs_quantile_SSI_wetdays_ratio.pkl
#executed by process	6 in 1209.18s	with status	0 : python /home/vdemeyer/TRACKING/KATJA/POSTPROCESSING/EETCs_stat.py 2065 --sim UBH --metric ratio
Number of storms in 2063: 315
Pickle file written for year 2063 in /home/vdemeyer/projects/rrg-gachon/vdemeyer/TRACKING/KATJA/OUTPUTS/EETC/UBH/2063/EETC_cum_UBH_Quebec_1005hPa_2063_compound_8hrs_quantile_SSI_wetdays_ratio.pkl
#executed by process	11 in 1230.42s	with status	0 : python /home/vdemeyer/TRACKING/KATJA/POSTPROCESSING/EETCs_stat.py 2063 --sim UBH --metric ratio
Number of storms in 2058: 323
Pickle file written for year 2058 in /home/vdemeyer/projects/rrg-gachon/vdemeyer/TRACKING/KATJA/OUTPUTS/EETC/UBH/2058/EETC_cum_UBH_Quebec_1005hPa_2058_compound_8hrs_quantile_SSI_wetdays_ratio.pkl
#executed by process	17 in 1402.18s	with status	0 : python /home/vdemeyer/TRACKING/KATJA/POSTPROCESSING/EETCs_stat.py 2058 --sim UBH --metric ratio
Number of storms in 2067: 325
Pickle file written for year 2067 in /home/vdemeyer/projects/rrg-gachon/vdemeyer/TRACKING/KATJA/OUTPUTS/EETC/UBH/2067/EETC_cum_UBH_Quebec_1005hPa_2067_compound_8hrs_quantile_SSI_wetdays_ratio.pkl
#executed by process	25 in 1310.15s	with status	0 : python /home/vdemeyer/TRACKING/KATJA/POSTPROCESSING/EETCs_stat.py 2067 --sim UBH --metric ratio
Number of storms in 2068: 315
Pickle file written for year 2068 in /home/vdemeyer/projects/rrg-gachon/vdemeyer/TRACKING/KATJA/OUTPUTS/EETC/UBH/2068/EETC_cum_UBH_Quebec_1005hPa_2068_compound_8hrs_quantile_SSI_wetdays_ratio.pkl
#executed by process	4 in 1295.92s	with status	0 : python /home/vdemeyer/TRACKING/KATJA/POSTPROCESSING/EETCs_stat.py 2068 --sim UBH --metric ratio
Number of storms in 2070: 306
Pickle file written for year 2070 in /home/vdemeyer/projects/rrg-gachon/vdemeyer/TRACKING/KATJA/OUTPUTS/EETC/UBH/2070/EETC_cum_UBH_Quebec_1005hPa_2070_compound_8hrs_quantile_SSI_wetdays_ratio.pkl
#executed by process	12 in 1127.3s	with status	0 : python /home/vdemeyer/TRACKING/KATJA/POSTPROCESSING/EETCs_stat.py 2070 --sim UBH --metric ratio
Number of storms in 2069: 346
Pickle file written for year 2069 in /home/vdemeyer/projects/rrg-gachon/vdemeyer/TRACKING/KATJA/OUTPUTS/EETC/UBH/2069/EETC_cum_UBH_Quebec_1005hPa_2069_compound_8hrs_quantile_SSI_wetdays_ratio.pkl
#executed by process	37 in 1201.02s	with status	0 : python /home/vdemeyer/TRACKING/KATJA/POSTPROCESSING/EETCs_stat.py 2069 --sim UBH --metric ratio
Number of storms in 2071: 327
Pickle file written for year 2071 in /home/vdemeyer/projects/rrg-gachon/vdemeyer/TRACKING/KATJA/OUTPUTS/EETC/UBH/2071/EETC_cum_UBH_Quebec_1005hPa_2071_compound_8hrs_quantile_SSI_wetdays_ratio.pkl
#executed by process	9 in 1187.25s	with status	0 : python /home/vdemeyer/TRACKING/KATJA/POSTPROCESSING/EETCs_stat.py 2071 --sim UBH --metric ratio
Number of storms in 2075: 302
Pickle file written for year 2075 in /home/vdemeyer/projects/rrg-gachon/vdemeyer/TRACKING/KATJA/OUTPUTS/EETC/UBH/2075/EETC_cum_UBH_Quebec_1005hPa_2075_compound_8hrs_quantile_SSI_wetdays_ratio.pkl
#executed by process	31 in 1074.73s	with status	0 : python /home/vdemeyer/TRACKING/KATJA/POSTPROCESSING/EETCs_stat.py 2075 --sim UBH --metric ratio
Number of storms in 2076: 294
Pickle file written for year 2076 in /home/vdemeyer/projects/rrg-gachon/vdemeyer/TRACKING/KATJA/OUTPUTS/EETC/UBH/2076/EETC_cum_UBH_Quebec_1005hPa_2076_compound_8hrs_quantile_SSI_wetdays_ratio.pkl
#executed by process	5 in 1069.9s	with status	0 : python /home/vdemeyer/TRACKING/KATJA/POSTPROCESSING/EETCs_stat.py 2076 --sim UBH --metric ratio
Number of storms in 2078: 353
Pickle file written for year 2078 in /home/vdemeyer/projects/rrg-gachon/vdemeyer/TRACKING/KATJA/OUTPUTS/EETC/UBH/2078/EETC_cum_UBH_Quebec_1005hPa_2078_compound_8hrs_quantile_SSI_wetdays_ratio.pkl
#executed by process	39 in 1175.01s	with status	0 : python /home/vdemeyer/TRACKING/KATJA/POSTPROCESSING/EETCs_stat.py 2078 --sim UBH --metric ratio
Number of storms in 2079: 296
Pickle file written for year 2079 in /home/vdemeyer/projects/rrg-gachon/vdemeyer/TRACKING/KATJA/OUTPUTS/EETC/UBH/2079/EETC_cum_UBH_Quebec_1005hPa_2079_compound_8hrs_quantile_SSI_wetdays_ratio.pkl
#executed by process	29 in 1184.92s	with status	0 : python /home/vdemeyer/TRACKING/KATJA/POSTPROCESSING/EETCs_stat.py 2079 --sim UBH --metric ratio
Number of storms in 2074: 300
Pickle file written for year 2074 in /home/vdemeyer/projects/rrg-gachon/vdemeyer/TRACKING/KATJA/OUTPUTS/EETC/UBH/2074/EETC_cum_UBH_Quebec_1005hPa_2074_compound_8hrs_quantile_SSI_wetdays_ratio.pkl
#executed by process	28 in 1258.03s	with status	0 : python /home/vdemeyer/TRACKING/KATJA/POSTPROCESSING/EETCs_stat.py 2074 --sim UBH --metric ratio
Number of storms in 2080: 329
Pickle file written for year 2080 in /home/vdemeyer/projects/rrg-gachon/vdemeyer/TRACKING/KATJA/OUTPUTS/EETC/UBH/2080/EETC_cum_UBH_Quebec_1005hPa_2080_compound_8hrs_quantile_SSI_wetdays_ratio.pkl
#executed by process	35 in 1161.01s	with status	0 : python /home/vdemeyer/TRACKING/KATJA/POSTPROCESSING/EETCs_stat.py 2080 --sim UBH --metric ratio
Number of storms in 2077: 328
Pickle file written for year 2077 in /home/vdemeyer/projects/rrg-gachon/vdemeyer/TRACKING/KATJA/OUTPUTS/EETC/UBH/2077/EETC_cum_UBH_Quebec_1005hPa_2077_compound_8hrs_quantile_SSI_wetdays_ratio.pkl
#executed by process	26 in 1294.24s	with status	0 : python /home/vdemeyer/TRACKING/KATJA/POSTPROCESSING/EETCs_stat.py 2077 --sim UBH --metric ratio
Number of storms in 2081: 322
Pickle file written for year 2081 in /home/vdemeyer/projects/rrg-gachon/vdemeyer/TRACKING/KATJA/OUTPUTS/EETC/UBH/2081/EETC_cum_UBH_Quebec_1005hPa_2081_compound_8hrs_quantile_SSI_wetdays_ratio.pkl
#executed by process	30 in 1112.6s	with status	0 : python /home/vdemeyer/TRACKING/KATJA/POSTPROCESSING/EETCs_stat.py 2081 --sim UBH --metric ratio
Number of storms in 2084: 295
Pickle file written for year 2084 in /home/vdemeyer/projects/rrg-gachon/vdemeyer/TRACKING/KATJA/OUTPUTS/EETC/UBH/2084/EETC_cum_UBH_Quebec_1005hPa_2084_compound_8hrs_quantile_SSI_wetdays_ratio.pkl
#executed by process	34 in 1058.9s	with status	0 : python /home/vdemeyer/TRACKING/KATJA/POSTPROCESSING/EETCs_stat.py 2084 --sim UBH --metric ratio
Number of storms in 2083: 303
Pickle file written for year 2083 in /home/vdemeyer/projects/rrg-gachon/vdemeyer/TRACKING/KATJA/OUTPUTS/EETC/UBH/2083/EETC_cum_UBH_Quebec_1005hPa_2083_compound_8hrs_quantile_SSI_wetdays_ratio.pkl
#executed by process	36 in 1109.2s	with status	0 : python /home/vdemeyer/TRACKING/KATJA/POSTPROCESSING/EETCs_stat.py 2083 --sim UBH --metric ratio
Number of storms in 2087: 298
Pickle file written for year 2087 in /home/vdemeyer/projects/rrg-gachon/vdemeyer/TRACKING/KATJA/OUTPUTS/EETC/UBH/2087/EETC_cum_UBH_Quebec_1005hPa_2087_compound_8hrs_quantile_SSI_wetdays_ratio.pkl
#executed by process	38 in 1075s	with status	0 : python /home/vdemeyer/TRACKING/KATJA/POSTPROCESSING/EETCs_stat.py 2087 --sim UBH --metric ratio
Number of storms in 2072: 308
Pickle file written for year 2072 in /home/vdemeyer/projects/rrg-gachon/vdemeyer/TRACKING/KATJA/OUTPUTS/EETC/UBH/2072/EETC_cum_UBH_Quebec_1005hPa_2072_compound_8hrs_quantile_SSI_wetdays_ratio.pkl
#executed by process	19 in 1478.51s	with status	0 : python /home/vdemeyer/TRACKING/KATJA/POSTPROCESSING/EETCs_stat.py 2072 --sim UBH --metric ratio
Number of storms in 2085: 328
Pickle file written for year 2085 in /home/vdemeyer/projects/rrg-gachon/vdemeyer/TRACKING/KATJA/OUTPUTS/EETC/UBH/2085/EETC_cum_UBH_Quebec_1005hPa_2085_compound_8hrs_quantile_SSI_wetdays_ratio.pkl
#executed by process	33 in 1113.8s	with status	0 : python /home/vdemeyer/TRACKING/KATJA/POSTPROCESSING/EETCs_stat.py 2085 --sim UBH --metric ratio
Number of storms in 2092: 277
Pickle file written for year 2092 in /home/vdemeyer/projects/rrg-gachon/vdemeyer/TRACKING/KATJA/OUTPUTS/EETC/UBH/2092/EETC_cum_UBH_Quebec_1005hPa_2092_compound_8hrs_quantile_SSI_wetdays_ratio.pkl
#executed by process	42 in 1031.8s	with status	0 : python /home/vdemeyer/TRACKING/KATJA/POSTPROCESSING/EETCs_stat.py 2092 --sim UBH --metric ratio
Number of storms in 2088: 294
Pickle file written for year 2088 in /home/vdemeyer/projects/rrg-gachon/vdemeyer/TRACKING/KATJA/OUTPUTS/EETC/UBH/2088/EETC_cum_UBH_Quebec_1005hPa_2088_compound_8hrs_quantile_SSI_wetdays_ratio.pkl
#executed by process	14 in 1113.15s	with status	0 : python /home/vdemeyer/TRACKING/KATJA/POSTPROCESSING/EETCs_stat.py 2088 --sim UBH --metric ratio
Number of storms in 2086: 279
Pickle file written for year 2086 in /home/vdemeyer/projects/rrg-gachon/vdemeyer/TRACKING/KATJA/OUTPUTS/EETC/UBH/2086/EETC_cum_UBH_Quebec_1005hPa_2086_compound_8hrs_quantile_SSI_wetdays_ratio.pkl
#executed by process	27 in 1159.37s	with status	0 : python /home/vdemeyer/TRACKING/KATJA/POSTPROCESSING/EETCs_stat.py 2086 --sim UBH --metric ratio
Number of storms in 2089: 323
Pickle file written for year 2089 in /home/vdemeyer/projects/rrg-gachon/vdemeyer/TRACKING/KATJA/OUTPUTS/EETC/UBH/2089/EETC_cum_UBH_Quebec_1005hPa_2089_compound_8hrs_quantile_SSI_wetdays_ratio.pkl
#executed by process	40 in 1122.53s	with status	0 : python /home/vdemeyer/TRACKING/KATJA/POSTPROCESSING/EETCs_stat.py 2089 --sim UBH --metric ratio
Number of storms in 2073: 321
Pickle file written for year 2073 in /home/vdemeyer/projects/rrg-gachon/vdemeyer/TRACKING/KATJA/OUTPUTS/EETC/UBH/2073/EETC_cum_UBH_Quebec_1005hPa_2073_compound_8hrs_quantile_SSI_wetdays_ratio.pkl
#executed by process	20 in 1565.2s	with status	0 : python /home/vdemeyer/TRACKING/KATJA/POSTPROCESSING/EETCs_stat.py 2073 --sim UBH --metric ratio
Number of storms in 2099: 271
Pickle file written for year 2099 in /home/vdemeyer/projects/rrg-gachon/vdemeyer/TRACKING/KATJA/OUTPUTS/EETC/UBH/2099/EETC_cum_UBH_Quebec_1005hPa_2099_compound_8hrs_quantile_SSI_wetdays_ratio.pkl
#executed by process	7 in 956.753s	with status	0 : python /home/vdemeyer/TRACKING/KATJA/POSTPROCESSING/EETCs_stat.py 2099 --sim UBH --metric ratio
Number of storms in 2096: 304
Pickle file written for year 2096 in /home/vdemeyer/projects/rrg-gachon/vdemeyer/TRACKING/KATJA/OUTPUTS/EETC/UBH/2096/EETC_cum_UBH_Quebec_1005hPa_2096_compound_8hrs_quantile_SSI_wetdays_ratio.pkl
#executed by process	8 in 1091.76s	with status	0 : python /home/vdemeyer/TRACKING/KATJA/POSTPROCESSING/EETCs_stat.py 2096 --sim UBH --metric ratio
Number of storms in 2093: 360
Pickle file written for year 2093 in /home/vdemeyer/projects/rrg-gachon/vdemeyer/TRACKING/KATJA/OUTPUTS/EETC/UBH/2093/EETC_cum_UBH_Quebec_1005hPa_2093_compound_8hrs_quantile_SSI_wetdays_ratio.pkl
#executed by process	1 in 1145.93s	with status	0 : python /home/vdemeyer/TRACKING/KATJA/POSTPROCESSING/EETCs_stat.py 2093 --sim UBH --metric ratio
Number of storms in 2097: 318
Pickle file written for year 2097 in /home/vdemeyer/projects/rrg-gachon/vdemeyer/TRACKING/KATJA/OUTPUTS/EETC/UBH/2097/EETC_cum_UBH_Quebec_1005hPa_2097_compound_8hrs_quantile_SSI_wetdays_ratio.pkl
#executed by process	44 in 1093.16s	with status	0 : python /home/vdemeyer/TRACKING/KATJA/POSTPROCESSING/EETCs_stat.py 2097 --sim UBH --metric ratio
Number of storms in 2090: 322
Pickle file written for year 2090 in /home/vdemeyer/projects/rrg-gachon/vdemeyer/TRACKING/KATJA/OUTPUTS/EETC/UBH/2090/EETC_cum_UBH_Quebec_1005hPa_2090_compound_8hrs_quantile_SSI_wetdays_ratio.pkl
#executed by process	18 in 1254.62s	with status	0 : python /home/vdemeyer/TRACKING/KATJA/POSTPROCESSING/EETCs_stat.py 2090 --sim UBH --metric ratio
Number of storms in 2095: 329
Pickle file written for year 2095 in /home/vdemeyer/projects/rrg-gachon/vdemeyer/TRACKING/KATJA/OUTPUTS/EETC/UBH/2095/EETC_cum_UBH_Quebec_1005hPa_2095_compound_8hrs_quantile_SSI_wetdays_ratio.pkl
#executed by process	41 in 1172.54s	with status	0 : python /home/vdemeyer/TRACKING/KATJA/POSTPROCESSING/EETCs_stat.py 2095 --sim UBH --metric ratio
Number of storms in 2082: 348
Pickle file written for year 2082 in /home/vdemeyer/projects/rrg-gachon/vdemeyer/TRACKING/KATJA/OUTPUTS/EETC/UBH/2082/EETC_cum_UBH_Quebec_1005hPa_2082_compound_8hrs_quantile_SSI_wetdays_ratio.pkl
#executed by process	23 in 1399.55s	with status	0 : python /home/vdemeyer/TRACKING/KATJA/POSTPROCESSING/EETCs_stat.py 2082 --sim UBH --metric ratio
Number of storms in 2091: 333
Pickle file written for year 2091 in /home/vdemeyer/projects/rrg-gachon/vdemeyer/TRACKING/KATJA/OUTPUTS/EETC/UBH/2091/EETC_cum_UBH_Quebec_1005hPa_2091_compound_8hrs_quantile_SSI_wetdays_ratio.pkl
#executed by process	16 in 1258.61s	with status	0 : python /home/vdemeyer/TRACKING/KATJA/POSTPROCESSING/EETCs_stat.py 2091 --sim UBH --metric ratio
Number of storms in 2094: 293
Pickle file written for year 2094 in /home/vdemeyer/projects/rrg-gachon/vdemeyer/TRACKING/KATJA/OUTPUTS/EETC/UBH/2094/EETC_cum_UBH_Quebec_1005hPa_2094_compound_8hrs_quantile_SSI_wetdays_ratio.pkl
#executed by process	24 in 1240.87s	with status	0 : python /home/vdemeyer/TRACKING/KATJA/POSTPROCESSING/EETCs_stat.py 2094 --sim UBH --metric ratio
Number of storms in 2100: 282
Pickle file written for year 2100 in /home/vdemeyer/projects/rrg-gachon/vdemeyer/TRACKING/KATJA/OUTPUTS/EETC/UBH/2100/EETC_cum_UBH_Quebec_1005hPa_2100_compound_8hrs_quantile_SSI_wetdays_ratio.pkl
#executed by process	22 in 1136.39s	with status	0 : python /home/vdemeyer/TRACKING/KATJA/POSTPROCESSING/EETCs_stat.py 2100 --sim UBH --metric ratio
Number of storms in 2098: 330
Pickle file written for year 2098 in /home/vdemeyer/projects/rrg-gachon/vdemeyer/TRACKING/KATJA/OUTPUTS/EETC/UBH/2098/EETC_cum_UBH_Quebec_1005hPa_2098_compound_8hrs_quantile_SSI_wetdays_ratio.pkl
#executed by process	21 in 1325.58s	with status	0 : python /home/vdemeyer/TRACKING/KATJA/POSTPROCESSING/EETCs_stat.py 2098 --sim UBH --metric ratio
master is 0 , nb slaves: 44
