Traceback (most recent call last):
  File "/home/vdemeyer/py3/lib/python3.11/site-packages/xesmf/util.py", line 8, in <module>
Traceback (most recent call last):
  File "/home/vdemeyer/py3/lib/python3.11/site-packages/xesmf/util.py", line 8, in <module>
Traceback (most recent call last):
  File "/home/vdemeyer/py3/lib/python3.11/site-packages/xesmf/util.py", line 8, in <module>
Traceback (most recent call last):
  File "/home/vdemeyer/py3/lib/python3.11/site-packages/xesmf/util.py", line 8, in <module>
Traceback (most recent call last):
  File "/home/vdemeyer/py3/lib/python3.11/site-packages/xesmf/util.py", line 8, in <module>
Traceback (most recent call last):
  File "/home/vdemeyer/py3/lib/python3.11/site-packages/xesmf/util.py", line 8, in <module>
Traceback (most recent call last):
  File "/home/vdemeyer/py3/lib/python3.11/site-packages/xesmf/util.py", line 8, in <module>
Traceback (most recent call last):
  File "/home/vdemeyer/py3/lib/python3.11/site-packages/xesmf/util.py", line 8, in <module>
Traceback (most recent call last):
  File "/home/vdemeyer/py3/lib/python3.11/site-packages/xesmf/util.py", line 8, in <module>
    import esmpy as ESMF
    import esmpy as ESMF
    import esmpy as ESMF
    import esmpy as ESMF
    import esmpy as ESMF
ModuleNotFoundError: No module named 'esmpy'

    import esmpy as ESMF
ModuleNotFoundError: No module named 'esmpy'
ModuleNotFoundError: No module named 'esmpy'

ModuleNotFoundError: No module named 'esmpy'

During handling of the above exception, another exception occurred:

Traceback (most recent call last):
  File "/home/vdemeyer/TRACKING/KATJA/POSTPROCESSING/EETCs_stat.py", line 10, in <module>
During handling of the above exception, another exception occurred:

Traceback (most recent call last):
  File "/home/vdemeyer/TRACKING/KATJA/POSTPROCESSING/EETCs_stat.py", line 10, in <module>

During handling of the above exception, another exception occurred:

Traceback (most recent call last):
  File "/home/vdemeyer/TRACKING/KATJA/POSTPROCESSING/EETCs_stat.py", line 10, in <module>
ModuleNotFoundError: No module named 'esmpy'

During handling of the above exception, another exception occurred:

Traceback (most recent call last):
  File "/home/vdemeyer/TRACKING/KATJA/POSTPROCESSING/EETCs_stat.py", line 10, in <module>
ModuleNotFoundError: No module named 'esmpy'

During handling of the above exception, another exception occurred:

Traceback (most recent call last):
  File "/home/vdemeyer/TRACKING/KATJA/POSTPROCESSING/EETCs_stat.py", line 10, in <module>
    import esmpy as ESMF
During handling of the above exception, another exception occurred:

Traceback (most recent call last):
  File "/home/vdemeyer/TRACKING/KATJA/POSTPROCESSING/EETCs_stat.py", line 10, in <module>
ModuleNotFoundError: No module named 'esmpy'

During handling of the above exception, another exception occurred:

Traceback (most recent call last):
  File "/home/vdemeyer/TRACKING/KATJA/POSTPROCESSING/EETCs_stat.py", line 10, in <module>
    import esmpy as ESMF
ModuleNotFoundError: No module named 'esmpy'

During handling of the above exception, another exception occurred:

Traceback (most recent call last):
  File "/home/vdemeyer/TRACKING/KATJA/POSTPROCESSING/EETCs_stat.py", line 10, in <module>
    import esmpy as ESMF
ModuleNotFoundError: No module named 'esmpy'

During handling of the above exception, another exception occurred:

Traceback (most recent call last):
  File "/home/vdemeyer/TRACKING/KATJA/POSTPROCESSING/EETCs_stat.py", line 10, in <module>
    import xesmf as xe
  File "/home/vdemeyer/py3/lib/python3.11/site-packages/xesmf/__init__.py", line 3, in <module>
    import xesmf as xe
  File "/home/vdemeyer/py3/lib/python3.11/site-packages/xesmf/__init__.py", line 3, in <module>
    import xesmf as xe
  File "/home/vdemeyer/py3/lib/python3.11/site-packages/xesmf/__init__.py", line 3, in <module>
    import xesmf as xe
  File "/home/vdemeyer/py3/lib/python3.11/site-packages/xesmf/__init__.py", line 3, in <module>
    from . import data, util
  File "/home/vdemeyer/py3/lib/python3.11/site-packages/xesmf/util.py", line 10, in <module>
    import xesmf as xe
  File "/home/vdemeyer/py3/lib/python3.11/site-packages/xesmf/__init__.py", line 3, in <module>
    import xesmf as xe
  File "/home/vdemeyer/py3/lib/python3.11/site-packages/xesmf/__init__.py", line 3, in <module>
    import xesmf as xe
  File "/home/vdemeyer/py3/lib/python3.11/site-packages/xesmf/__init__.py", line 3, in <module>
    import xesmf as xe
  File "/home/vdemeyer/py3/lib/python3.11/site-packages/xesmf/__init__.py", line 3, in <module>
    import xesmf as xe
  File "/home/vdemeyer/py3/lib/python3.11/site-packages/xesmf/__init__.py", line 3, in <module>
    import ESMF
ModuleNotFoundError: No module named 'ESMF'
    from . import data, util
  File "/home/vdemeyer/py3/lib/python3.11/site-packages/xesmf/util.py", line 10, in <module>
    import ESMF
ModuleNotFoundError: No module named 'ESMF'
    from . import data, util
    from . import data, util
    from . import data, util
    from . import data, util
  File "/home/vdemeyer/py3/lib/python3.11/site-packages/xesmf/util.py", line 10, in <module>
  File "/home/vdemeyer/py3/lib/python3.11/site-packages/xesmf/util.py", line 10, in <module>
  File "/home/vdemeyer/py3/lib/python3.11/site-packages/xesmf/util.py", line 10, in <module>
  File "/home/vdemeyer/py3/lib/python3.11/site-packages/xesmf/util.py", line 10, in <module>
    from . import data, util
  File "/home/vdemeyer/py3/lib/python3.11/site-packages/xesmf/util.py", line 10, in <module>
    import ESMF
ModuleNotFoundError: No module named 'ESMF'
    import ESMF
ModuleNotFoundError: No module named 'ESMF'
    import ESMF
ModuleNotFoundError: No module named 'ESMF'
    import ESMF
ModuleNotFoundError: No module named 'ESMF'
    from . import data, util
  File "/home/vdemeyer/py3/lib/python3.11/site-packages/xesmf/util.py", line 10, in <module>
    import ESMF
ModuleNotFoundError: No module named 'ESMF'
    from . import data, util
  File "/home/vdemeyer/py3/lib/python3.11/site-packages/xesmf/util.py", line 10, in <module>
    import ESMF
ModuleNotFoundError: No module named 'ESMF'
    import ESMF
ModuleNotFoundError: No module named 'ESMF'
#executed by process	9 in 2.11513s	with status	1 : python /home/vdemeyer/TRACKING/KATJA/POSTPROCESSING/EETCs_stat.py 1987 --sim ERA5 --metric ratio
#executed by process	6 in 2.14462s	with status	1 : python /home/vdemeyer/TRACKING/KATJA/POSTPROCESSING/EETCs_stat.py 1984 --sim ERA5 --metric ratio
#executed by process	5 in 2.14589s	with status	1 : python /home/vdemeyer/TRACKING/KATJA/POSTPROCESSING/EETCs_stat.py 1986 --sim ERA5 --metric ratio
#executed by process	7 in 2.1461s	with status	1 : python /home/vdemeyer/TRACKING/KATJA/POSTPROCESSING/EETCs_stat.py 1985 --sim ERA5 --metric ratio
#executed by process	8 in 2.14614s	with status	1 : python /home/vdemeyer/TRACKING/KATJA/POSTPROCESSING/EETCs_stat.py 1981 --sim ERA5 --metric ratio
#executed by process	3 in 2.14617s	with status	1 : python /home/vdemeyer/TRACKING/KATJA/POSTPROCESSING/EETCs_stat.py 1980 --sim ERA5 --metric ratio
#executed by process	4 in 2.14618s	with status	1 : python /home/vdemeyer/TRACKING/KATJA/POSTPROCESSING/EETCs_stat.py 1979 --sim ERA5 --metric ratio
#executed by process	2 in 2.16079s	with status	1 : python /home/vdemeyer/TRACKING/KATJA/POSTPROCESSING/EETCs_stat.py 1983 --sim ERA5 --metric ratio
#executed by process	1 in 2.1674s	with status	1 : python /home/vdemeyer/TRACKING/KATJA/POSTPROCESSING/EETCs_stat.py 1982 --sim ERA5 --metric ratio
Traceback (most recent call last):
  File "/home/vdemeyer/py3/lib/python3.11/site-packages/xesmf/util.py", line 8, in <module>
    import esmpy as ESMF
ModuleNotFoundError: No module named 'esmpy'

During handling of the above exception, another exception occurred:

Traceback (most recent call last):
  File "/home/vdemeyer/TRACKING/KATJA/POSTPROCESSING/EETCs_stat.py", line 10, in <module>
    import xesmf as xe
  File "/home/vdemeyer/py3/lib/python3.11/site-packages/xesmf/__init__.py", line 3, in <module>
    from . import data, util
  File "/home/vdemeyer/py3/lib/python3.11/site-packages/xesmf/util.py", line 10, in <module>
    import ESMF
ModuleNotFoundError: No module named 'ESMF'
Traceback (most recent call last):
  File "/home/vdemeyer/py3/lib/python3.11/site-packages/xesmf/util.py", line 8, in <module>
    import esmpy as ESMF
ModuleNotFoundError: No module named 'esmpy'

During handling of the above exception, another exception occurred:

Traceback (most recent call last):
  File "/home/vdemeyer/TRACKING/KATJA/POSTPROCESSING/EETCs_stat.py", line 10, in <module>
    import xesmf as xe
  File "/home/vdemeyer/py3/lib/python3.11/site-packages/xesmf/__init__.py", line 3, in <module>
    from . import data, util
  File "/home/vdemeyer/py3/lib/python3.11/site-packages/xesmf/util.py", line 10, in <module>
    import ESMF
ModuleNotFoundError: No module named 'ESMF'
Traceback (most recent call last):
  File "/home/vdemeyer/py3/lib/python3.11/site-packages/xesmf/util.py", line 8, in <module>
    import esmpy as ESMF
ModuleNotFoundError: No module named 'esmpy'

During handling of the above exception, another exception occurred:

Traceback (most recent call last):
  File "/home/vdemeyer/TRACKING/KATJA/POSTPROCESSING/EETCs_stat.py", line 10, in <module>
    import xesmf as xe
  File "/home/vdemeyer/py3/lib/python3.11/site-packages/xesmf/__init__.py", line 3, in <module>
    from . import data, util
  File "/home/vdemeyer/py3/lib/python3.11/site-packages/xesmf/util.py", line 10, in <module>
    import ESMF
ModuleNotFoundError: No module named 'ESMF'
Traceback (most recent call last):
  File "/home/vdemeyer/py3/lib/python3.11/site-packages/xesmf/util.py", line 8, in <module>
    import esmpy as ESMF
ModuleNotFoundError: No module named 'esmpy'

During handling of the above exception, another exception occurred:

Traceback (most recent call last):
  File "/home/vdemeyer/TRACKING/KATJA/POSTPROCESSING/EETCs_stat.py", line 10, in <module>
    import xesmf as xe
  File "/home/vdemeyer/py3/lib/python3.11/site-packages/xesmf/__init__.py", line 3, in <module>
    from . import data, util
  File "/home/vdemeyer/py3/lib/python3.11/site-packages/xesmf/util.py", line 10, in <module>
    import ESMF
ModuleNotFoundError: No module named 'ESMF'
Traceback (most recent call last):
  File "/home/vdemeyer/py3/lib/python3.11/site-packages/xesmf/util.py", line 8, in <module>
    import esmpy as ESMF
ModuleNotFoundError: No module named 'esmpy'

During handling of the above exception, another exception occurred:

Traceback (most recent call last):
  File "/home/vdemeyer/TRACKING/KATJA/POSTPROCESSING/EETCs_stat.py", line 10, in <module>
    import xesmf as xe
  File "/home/vdemeyer/py3/lib/python3.11/site-packages/xesmf/__init__.py", line 3, in <module>
    from . import data, util
  File "/home/vdemeyer/py3/lib/python3.11/site-packages/xesmf/util.py", line 10, in <module>
    import ESMF
ModuleNotFoundError: No module named 'ESMF'
Traceback (most recent call last):
  File "/home/vdemeyer/py3/lib/python3.11/site-packages/xesmf/util.py", line 8, in <module>
    import esmpy as ESMF
ModuleNotFoundError: No module named 'esmpy'

During handling of the above exception, another exception occurred:

Traceback (most recent call last):
  File "/home/vdemeyer/TRACKING/KATJA/POSTPROCESSING/EETCs_stat.py", line 10, in <module>
    import xesmf as xe
  File "/home/vdemeyer/py3/lib/python3.11/site-packages/xesmf/__init__.py", line 3, in <module>
    from . import data, util
  File "/home/vdemeyer/py3/lib/python3.11/site-packages/xesmf/util.py", line 10, in <module>
    import ESMF
ModuleNotFoundError: No module named 'ESMF'
Traceback (most recent call last):
  File "/home/vdemeyer/py3/lib/python3.11/site-packages/xesmf/util.py", line 8, in <module>
    import esmpy as ESMF
ModuleNotFoundError: No module named 'esmpy'

During handling of the above exception, another exception occurred:

Traceback (most recent call last):
  File "/home/vdemeyer/TRACKING/KATJA/POSTPROCESSING/EETCs_stat.py", line 10, in <module>
    import xesmf as xe
  File "/home/vdemeyer/py3/lib/python3.11/site-packages/xesmf/__init__.py", line 3, in <module>
    from . import data, util
  File "/home/vdemeyer/py3/lib/python3.11/site-packages/xesmf/util.py", line 10, in <module>
    import ESMF
ModuleNotFoundError: No module named 'ESMF'
Traceback (most recent call last):
  File "/home/vdemeyer/py3/lib/python3.11/site-packages/xesmf/util.py", line 8, in <module>
    import esmpy as ESMF
ModuleNotFoundError: No module named 'esmpy'

During handling of the above exception, another exception occurred:

Traceback (most recent call last):
  File "/home/vdemeyer/TRACKING/KATJA/POSTPROCESSING/EETCs_stat.py", line 10, in <module>
    import xesmf as xe
  File "/home/vdemeyer/py3/lib/python3.11/site-packages/xesmf/__init__.py", line 3, in <module>
    from . import data, util
  File "/home/vdemeyer/py3/lib/python3.11/site-packages/xesmf/util.py", line 10, in <module>
    import ESMF
ModuleNotFoundError: No module named 'ESMF'
Traceback (most recent call last):
  File "/home/vdemeyer/py3/lib/python3.11/site-packages/xesmf/util.py", line 8, in <module>
    import esmpy as ESMF
ModuleNotFoundError: No module named 'esmpy'

During handling of the above exception, another exception occurred:

Traceback (most recent call last):
  File "/home/vdemeyer/TRACKING/KATJA/POSTPROCESSING/EETCs_stat.py", line 10, in <module>
    import xesmf as xe
  File "/home/vdemeyer/py3/lib/python3.11/site-packages/xesmf/__init__.py", line 3, in <module>
    from . import data, util
  File "/home/vdemeyer/py3/lib/python3.11/site-packages/xesmf/util.py", line 10, in <module>
    import ESMF
ModuleNotFoundError: No module named 'ESMF'
#executed by process	9 in 0.689925s	with status	1 : python /home/vdemeyer/TRACKING/KATJA/POSTPROCESSING/EETCs_stat.py 1988 --sim ERA5 --metric ratio
#executed by process	3 in 0.724721s	with status	1 : python /home/vdemeyer/TRACKING/KATJA/POSTPROCESSING/EETCs_stat.py 1993 --sim ERA5 --metric ratio
#executed by process	4 in 0.724716s	with status	1 : python /home/vdemeyer/TRACKING/KATJA/POSTPROCESSING/EETCs_stat.py 1994 --sim ERA5 --metric ratio
#executed by process	5 in 0.7252s	with status	1 : python /home/vdemeyer/TRACKING/KATJA/POSTPROCESSING/EETCs_stat.py 1990 --sim ERA5 --metric ratio
#executed by process	6 in 0.726461s	with status	1 : python /home/vdemeyer/TRACKING/KATJA/POSTPROCESSING/EETCs_stat.py 1989 --sim ERA5 --metric ratio
#executed by process	7 in 0.724268s	with status	1 : python /home/vdemeyer/TRACKING/KATJA/POSTPROCESSING/EETCs_stat.py 1991 --sim ERA5 --metric ratio
#executed by process	8 in 0.724267s	with status	1 : python /home/vdemeyer/TRACKING/KATJA/POSTPROCESSING/EETCs_stat.py 1992 --sim ERA5 --metric ratio
#executed by process	1 in 0.721009s	with status	1 : python /home/vdemeyer/TRACKING/KATJA/POSTPROCESSING/EETCs_stat.py 1996 --sim ERA5 --metric ratio
#executed by process	2 in 0.733479s	with status	1 : python /home/vdemeyer/TRACKING/KATJA/POSTPROCESSING/EETCs_stat.py 1995 --sim ERA5 --metric ratio
Traceback (most recent call last):
  File "/home/vdemeyer/py3/lib/python3.11/site-packages/xesmf/util.py", line 8, in <module>
    import esmpy as ESMF
ModuleNotFoundError: No module named 'esmpy'

During handling of the above exception, another exception occurred:

Traceback (most recent call last):
  File "/home/vdemeyer/TRACKING/KATJA/POSTPROCESSING/EETCs_stat.py", line 10, in <module>
    import xesmf as xe
  File "/home/vdemeyer/py3/lib/python3.11/site-packages/xesmf/__init__.py", line 3, in <module>
    from . import data, util
  File "/home/vdemeyer/py3/lib/python3.11/site-packages/xesmf/util.py", line 10, in <module>
    import ESMF
ModuleNotFoundError: No module named 'ESMF'
#executed by process	9 in 0.48516s	with status	1 : python /home/vdemeyer/TRACKING/KATJA/POSTPROCESSING/EETCs_stat.py 1997 --sim ERA5 --metric ratio
Traceback (most recent call last):
  File "/home/vdemeyer/py3/lib/python3.11/site-packages/xesmf/util.py", line 8, in <module>
Traceback (most recent call last):
  File "/home/vdemeyer/py3/lib/python3.11/site-packages/xesmf/util.py", line 8, in <module>
    import esmpy as ESMF
ModuleNotFoundError: No module named 'esmpy'

During handling of the above exception, another exception occurred:

Traceback (most recent call last):
  File "/home/vdemeyer/TRACKING/KATJA/POSTPROCESSING/EETCs_stat.py", line 10, in <module>
    import esmpy as ESMF
ModuleNotFoundError: No module named 'esmpy'

During handling of the above exception, another exception occurred:

Traceback (most recent call last):
  File "/home/vdemeyer/TRACKING/KATJA/POSTPROCESSING/EETCs_stat.py", line 10, in <module>
    import xesmf as xe
    import xesmf as xe
  File "/home/vdemeyer/py3/lib/python3.11/site-packages/xesmf/__init__.py", line 3, in <module>
  File "/home/vdemeyer/py3/lib/python3.11/site-packages/xesmf/__init__.py", line 3, in <module>
    from . import data, util
  File "/home/vdemeyer/py3/lib/python3.11/site-packages/xesmf/util.py", line 10, in <module>
    import ESMF
ModuleNotFoundError: No module named 'ESMF'
    from . import data, util
  File "/home/vdemeyer/py3/lib/python3.11/site-packages/xesmf/util.py", line 10, in <module>
    import ESMF
ModuleNotFoundError: No module named 'ESMF'
Traceback (most recent call last):
  File "/home/vdemeyer/py3/lib/python3.11/site-packages/xesmf/util.py", line 8, in <module>
Traceback (most recent call last):
  File "/home/vdemeyer/py3/lib/python3.11/site-packages/xesmf/util.py", line 8, in <module>
    import esmpy as ESMF
ModuleNotFoundError: No module named 'esmpy'

During handling of the above exception, another exception occurred:

Traceback (most recent call last):
  File "/home/vdemeyer/TRACKING/KATJA/POSTPROCESSING/EETCs_stat.py", line 10, in <module>
    import esmpy as ESMF
ModuleNotFoundError: No module named 'esmpy'

During handling of the above exception, another exception occurred:

Traceback (most recent call last):
  File "/home/vdemeyer/TRACKING/KATJA/POSTPROCESSING/EETCs_stat.py", line 10, in <module>
    import xesmf as xe
  File "/home/vdemeyer/py3/lib/python3.11/site-packages/xesmf/__init__.py", line 3, in <module>
    from . import data, util
  File "/home/vdemeyer/py3/lib/python3.11/site-packages/xesmf/util.py", line 10, in <module>
    import xesmf as xe
  File "/home/vdemeyer/py3/lib/python3.11/site-packages/xesmf/__init__.py", line 3, in <module>
    from . import data, util
  File "/home/vdemeyer/py3/lib/python3.11/site-packages/xesmf/util.py", line 10, in <module>
    import ESMF
    import ESMF
ModuleNotFoundError: No module named 'ESMF'
ModuleNotFoundError: No module named 'ESMF'
Traceback (most recent call last):
  File "/home/vdemeyer/py3/lib/python3.11/site-packages/xesmf/util.py", line 8, in <module>
Traceback (most recent call last):
  File "/home/vdemeyer/py3/lib/python3.11/site-packages/xesmf/util.py", line 8, in <module>
    import esmpy as ESMF
ModuleNotFoundError: No module named 'esmpy'

During handling of the above exception, another exception occurred:
    import esmpy as ESMF
ModuleNotFoundError: No module named 'esmpy'

During handling of the above exception, another exception occurred:

Traceback (most recent call last):
  File "/home/vdemeyer/TRACKING/KATJA/POSTPROCESSING/EETCs_stat.py", line 10, in <module>

Traceback (most recent call last):
  File "/home/vdemeyer/TRACKING/KATJA/POSTPROCESSING/EETCs_stat.py", line 10, in <module>
    import xesmf as xe
  File "/home/vdemeyer/py3/lib/python3.11/site-packages/xesmf/__init__.py", line 3, in <module>
    from . import data, util
  File "/home/vdemeyer/py3/lib/python3.11/site-packages/xesmf/util.py", line 10, in <module>
    import xesmf as xe
  File "/home/vdemeyer/py3/lib/python3.11/site-packages/xesmf/__init__.py", line 3, in <module>
    from . import data, util
  File "/home/vdemeyer/py3/lib/python3.11/site-packages/xesmf/util.py", line 10, in <module>
    import ESMF
    import ESMF
ModuleNotFoundError: No module named 'ESMF'
ModuleNotFoundError: No module named 'ESMF'
Traceback (most recent call last):
  File "/home/vdemeyer/py3/lib/python3.11/site-packages/xesmf/util.py", line 8, in <module>
    import esmpy as ESMF
ModuleNotFoundError: No module named 'esmpy'

During handling of the above exception, another exception occurred:

Traceback (most recent call last):
  File "/home/vdemeyer/TRACKING/KATJA/POSTPROCESSING/EETCs_stat.py", line 10, in <module>
    import xesmf as xe
  File "/home/vdemeyer/py3/lib/python3.11/site-packages/xesmf/__init__.py", line 3, in <module>
Traceback (most recent call last):
  File "/home/vdemeyer/py3/lib/python3.11/site-packages/xesmf/util.py", line 8, in <module>
    import esmpy as ESMF
ModuleNotFoundError: No module named 'esmpy'

During handling of the above exception, another exception occurred:

Traceback (most recent call last):
  File "/home/vdemeyer/TRACKING/KATJA/POSTPROCESSING/EETCs_stat.py", line 10, in <module>
    import xesmf as xe
  File "/home/vdemeyer/py3/lib/python3.11/site-packages/xesmf/__init__.py", line 3, in <module>
    from . import data, util
  File "/home/vdemeyer/py3/lib/python3.11/site-packages/xesmf/util.py", line 10, in <module>
    from . import data, util
  File "/home/vdemeyer/py3/lib/python3.11/site-packages/xesmf/util.py", line 10, in <module>
    import ESMF
    import ESMF
ModuleNotFoundError: No module named 'ESMF'
ModuleNotFoundError: No module named 'ESMF'
#executed by process	7 in 0.525798s	with status	1 : python /home/vdemeyer/TRACKING/KATJA/POSTPROCESSING/EETCs_stat.py 1998 --sim ERA5 --metric ratio
#executed by process	8 in 0.525792s	with status	1 : python /home/vdemeyer/TRACKING/KATJA/POSTPROCESSING/EETCs_stat.py 1999 --sim ERA5 --metric ratio
#executed by process	3 in 0.528298s	with status	1 : python /home/vdemeyer/TRACKING/KATJA/POSTPROCESSING/EETCs_stat.py 2001 --sim ERA5 --metric ratio
#executed by process	4 in 0.528307s	with status	1 : python /home/vdemeyer/TRACKING/KATJA/POSTPROCESSING/EETCs_stat.py 2000 --sim ERA5 --metric ratio
#executed by process	5 in 0.529747s	with status	1 : python /home/vdemeyer/TRACKING/KATJA/POSTPROCESSING/EETCs_stat.py 2003 --sim ERA5 --metric ratio
#executed by process	6 in 0.529747s	with status	1 : python /home/vdemeyer/TRACKING/KATJA/POSTPROCESSING/EETCs_stat.py 2002 --sim ERA5 --metric ratio
#executed by process	1 in 0.559127s	with status	1 : python /home/vdemeyer/TRACKING/KATJA/POSTPROCESSING/EETCs_stat.py 2004 --sim ERA5 --metric ratio
#executed by process	2 in 0.553268s	with status	1 : python /home/vdemeyer/TRACKING/KATJA/POSTPROCESSING/EETCs_stat.py 2005 --sim ERA5 --metric ratio
Traceback (most recent call last):
  File "/home/vdemeyer/py3/lib/python3.11/site-packages/xesmf/util.py", line 8, in <module>
    import esmpy as ESMF
ModuleNotFoundError: No module named 'esmpy'

During handling of the above exception, another exception occurred:

Traceback (most recent call last):
  File "/home/vdemeyer/TRACKING/KATJA/POSTPROCESSING/EETCs_stat.py", line 10, in <module>
    import xesmf as xe
  File "/home/vdemeyer/py3/lib/python3.11/site-packages/xesmf/__init__.py", line 3, in <module>
    from . import data, util
  File "/home/vdemeyer/py3/lib/python3.11/site-packages/xesmf/util.py", line 10, in <module>
    import ESMF
ModuleNotFoundError: No module named 'ESMF'
#executed by process	9 in 0.493603s	with status	1 : python /home/vdemeyer/TRACKING/KATJA/POSTPROCESSING/EETCs_stat.py 2006 --sim ERA5 --metric ratio
Traceback (most recent call last):
  File "/home/vdemeyer/py3/lib/python3.11/site-packages/xesmf/util.py", line 8, in <module>
Traceback (most recent call last):
  File "/home/vdemeyer/py3/lib/python3.11/site-packages/xesmf/util.py", line 8, in <module>
    import esmpy as ESMF
ModuleNotFoundError: No module named 'esmpy'

During handling of the above exception, another exception occurred:

Traceback (most recent call last):
  File "/home/vdemeyer/TRACKING/KATJA/POSTPROCESSING/EETCs_stat.py", line 10, in <module>
    import esmpy as ESMF
ModuleNotFoundError: No module named 'esmpy'

During handling of the above exception, another exception occurred:

Traceback (most recent call last):
  File "/home/vdemeyer/TRACKING/KATJA/POSTPROCESSING/EETCs_stat.py", line 10, in <module>
    import xesmf as xe
  File "/home/vdemeyer/py3/lib/python3.11/site-packages/xesmf/__init__.py", line 3, in <module>
    from . import data, util
  File "/home/vdemeyer/py3/lib/python3.11/site-packages/xesmf/util.py", line 10, in <module>
    import ESMF
ModuleNotFoundError: No module named 'ESMF'
    import xesmf as xe
  File "/home/vdemeyer/py3/lib/python3.11/site-packages/xesmf/__init__.py", line 3, in <module>
    from . import data, util
  File "/home/vdemeyer/py3/lib/python3.11/site-packages/xesmf/util.py", line 10, in <module>
    import ESMF
ModuleNotFoundError: No module named 'ESMF'
Traceback (most recent call last):
  File "/home/vdemeyer/py3/lib/python3.11/site-packages/xesmf/util.py", line 8, in <module>
    import esmpy as ESMF
ModuleNotFoundError: No module named 'esmpy'

During handling of the above exception, another exception occurred:

Traceback (most recent call last):
  File "/home/vdemeyer/TRACKING/KATJA/POSTPROCESSING/EETCs_stat.py", line 10, in <module>
    import xesmf as xe
  File "/home/vdemeyer/py3/lib/python3.11/site-packages/xesmf/__init__.py", line 3, in <module>
    from . import data, util
  File "/home/vdemeyer/py3/lib/python3.11/site-packages/xesmf/util.py", line 10, in <module>
    import ESMF
ModuleNotFoundError: No module named 'ESMF'
Traceback (most recent call last):
  File "/home/vdemeyer/py3/lib/python3.11/site-packages/xesmf/util.py", line 8, in <module>
    import esmpy as ESMF
ModuleNotFoundError: No module named 'esmpy'

During handling of the above exception, another exception occurred:

Traceback (most recent call last):
  File "/home/vdemeyer/TRACKING/KATJA/POSTPROCESSING/EETCs_stat.py", line 10, in <module>
    import xesmf as xe
  File "/home/vdemeyer/py3/lib/python3.11/site-packages/xesmf/__init__.py", line 3, in <module>
    from . import data, util
  File "/home/vdemeyer/py3/lib/python3.11/site-packages/xesmf/util.py", line 10, in <module>
    import ESMF
ModuleNotFoundError: No module named 'ESMF'
Traceback (most recent call last):
  File "/home/vdemeyer/py3/lib/python3.11/site-packages/xesmf/util.py", line 8, in <module>
    import esmpy as ESMF
ModuleNotFoundError: No module named 'esmpy'

During handling of the above exception, another exception occurred:

Traceback (most recent call last):
  File "/home/vdemeyer/TRACKING/KATJA/POSTPROCESSING/EETCs_stat.py", line 10, in <module>
    import xesmf as xe
  File "/home/vdemeyer/py3/lib/python3.11/site-packages/xesmf/__init__.py", line 3, in <module>
    from . import data, util
  File "/home/vdemeyer/py3/lib/python3.11/site-packages/xesmf/util.py", line 10, in <module>
    import ESMF
ModuleNotFoundError: No module named 'ESMF'
Traceback (most recent call last):
  File "/home/vdemeyer/py3/lib/python3.11/site-packages/xesmf/util.py", line 8, in <module>
    import esmpy as ESMF
ModuleNotFoundError: No module named 'esmpy'

During handling of the above exception, another exception occurred:

Traceback (most recent call last):
  File "/home/vdemeyer/TRACKING/KATJA/POSTPROCESSING/EETCs_stat.py", line 10, in <module>
    import xesmf as xe
  File "/home/vdemeyer/py3/lib/python3.11/site-packages/xesmf/__init__.py", line 3, in <module>
    from . import data, util
  File "/home/vdemeyer/py3/lib/python3.11/site-packages/xesmf/util.py", line 10, in <module>
    import ESMF
ModuleNotFoundError: No module named 'ESMF'
Traceback (most recent call last):
  File "/home/vdemeyer/py3/lib/python3.11/site-packages/xesmf/util.py", line 8, in <module>
    import esmpy as ESMF
ModuleNotFoundError: No module named 'esmpy'

During handling of the above exception, another exception occurred:

Traceback (most recent call last):
  File "/home/vdemeyer/TRACKING/KATJA/POSTPROCESSING/EETCs_stat.py", line 10, in <module>
    import xesmf as xe
  File "/home/vdemeyer/py3/lib/python3.11/site-packages/xesmf/__init__.py", line 3, in <module>
    from . import data, util
  File "/home/vdemeyer/py3/lib/python3.11/site-packages/xesmf/util.py", line 10, in <module>
    import ESMF
ModuleNotFoundError: No module named 'ESMF'
Traceback (most recent call last):
  File "/home/vdemeyer/py3/lib/python3.11/site-packages/xesmf/util.py", line 8, in <module>
    import esmpy as ESMF
ModuleNotFoundError: No module named 'esmpy'

During handling of the above exception, another exception occurred:

Traceback (most recent call last):
  File "/home/vdemeyer/TRACKING/KATJA/POSTPROCESSING/EETCs_stat.py", line 10, in <module>
    import xesmf as xe
  File "/home/vdemeyer/py3/lib/python3.11/site-packages/xesmf/__init__.py", line 3, in <module>
    from . import data, util
  File "/home/vdemeyer/py3/lib/python3.11/site-packages/xesmf/util.py", line 10, in <module>
    import ESMF
ModuleNotFoundError: No module named 'ESMF'
#executed by process	7 in 0.524063s	with status	1 : python /home/vdemeyer/TRACKING/KATJA/POSTPROCESSING/EETCs_stat.py 2007 --sim ERA5 --metric ratio
#executed by process	8 in 0.524063s	with status	1 : python /home/vdemeyer/TRACKING/KATJA/POSTPROCESSING/EETCs_stat.py 2008 --sim ERA5 --metric ratio
#executed by process	3 in 0.532422s	with status	1 : python /home/vdemeyer/TRACKING/KATJA/POSTPROCESSING/EETCs_stat.py 2009 --sim ERA5 --metric ratio
#executed by process	4 in 0.532417s	with status	1 : python /home/vdemeyer/TRACKING/KATJA/POSTPROCESSING/EETCs_stat.py 2010 --sim ERA5 --metric ratio
#executed by process	5 in 0.529919s	with status	1 : python /home/vdemeyer/TRACKING/KATJA/POSTPROCESSING/EETCs_stat.py 2012 --sim ERA5 --metric ratio
#executed by process	6 in 0.530164s	with status	1 : python /home/vdemeyer/TRACKING/KATJA/POSTPROCESSING/EETCs_stat.py 2011 --sim ERA5 --metric ratio
#executed by process	1 in 0.560911s	with status	1 : python /home/vdemeyer/TRACKING/KATJA/POSTPROCESSING/EETCs_stat.py 2014 --sim ERA5 --metric ratio
#executed by process	2 in 0.560918s	with status	1 : python /home/vdemeyer/TRACKING/KATJA/POSTPROCESSING/EETCs_stat.py 2013 --sim ERA5 --metric ratio
Traceback (most recent call last):
  File "/home/vdemeyer/py3/lib/python3.11/site-packages/xesmf/util.py", line 8, in <module>
    import esmpy as ESMF
ModuleNotFoundError: No module named 'esmpy'

During handling of the above exception, another exception occurred:

Traceback (most recent call last):
  File "/home/vdemeyer/TRACKING/KATJA/POSTPROCESSING/EETCs_stat.py", line 10, in <module>
    import xesmf as xe
  File "/home/vdemeyer/py3/lib/python3.11/site-packages/xesmf/__init__.py", line 3, in <module>
    from . import data, util
  File "/home/vdemeyer/py3/lib/python3.11/site-packages/xesmf/util.py", line 10, in <module>
    import ESMF
ModuleNotFoundError: No module named 'ESMF'
#executed by process	9 in 0.469521s	with status	1 : python /home/vdemeyer/TRACKING/KATJA/POSTPROCESSING/EETCs_stat.py 2015 --sim ERA5 --metric ratio
Traceback (most recent call last):
  File "/home/vdemeyer/py3/lib/python3.11/site-packages/xesmf/util.py", line 8, in <module>
    import esmpy as ESMF
ModuleNotFoundError: No module named 'esmpy'

During handling of the above exception, another exception occurred:

Traceback (most recent call last):
  File "/home/vdemeyer/TRACKING/KATJA/POSTPROCESSING/EETCs_stat.py", line 10, in <module>
    import xesmf as xe
  File "/home/vdemeyer/py3/lib/python3.11/site-packages/xesmf/__init__.py", line 3, in <module>
    from . import data, util
  File "/home/vdemeyer/py3/lib/python3.11/site-packages/xesmf/util.py", line 10, in <module>
    import ESMF
ModuleNotFoundError: No module named 'ESMF'
Traceback (most recent call last):
  File "/home/vdemeyer/py3/lib/python3.11/site-packages/xesmf/util.py", line 8, in <module>
    import esmpy as ESMF
ModuleNotFoundError: No module named 'esmpy'

During handling of the above exception, another exception occurred:

Traceback (most recent call last):
  File "/home/vdemeyer/TRACKING/KATJA/POSTPROCESSING/EETCs_stat.py", line 10, in <module>
    import xesmf as xe
  File "/home/vdemeyer/py3/lib/python3.11/site-packages/xesmf/__init__.py", line 3, in <module>
    from . import data, util
  File "/home/vdemeyer/py3/lib/python3.11/site-packages/xesmf/util.py", line 10, in <module>
    import ESMF
ModuleNotFoundError: No module named 'ESMF'
Traceback (most recent call last):
  File "/home/vdemeyer/py3/lib/python3.11/site-packages/xesmf/util.py", line 8, in <module>
    import esmpy as ESMF
ModuleNotFoundError: No module named 'esmpy'

During handling of the above exception, another exception occurred:

Traceback (most recent call last):
  File "/home/vdemeyer/TRACKING/KATJA/POSTPROCESSING/EETCs_stat.py", line 10, in <module>
    import xesmf as xe
  File "/home/vdemeyer/py3/lib/python3.11/site-packages/xesmf/__init__.py", line 3, in <module>
    from . import data, util
  File "/home/vdemeyer/py3/lib/python3.11/site-packages/xesmf/util.py", line 10, in <module>
    import ESMF
ModuleNotFoundError: No module named 'ESMF'
Traceback (most recent call last):
  File "/home/vdemeyer/py3/lib/python3.11/site-packages/xesmf/util.py", line 8, in <module>
    import esmpy as ESMF
ModuleNotFoundError: No module named 'esmpy'

During handling of the above exception, another exception occurred:

Traceback (most recent call last):
  File "/home/vdemeyer/TRACKING/KATJA/POSTPROCESSING/EETCs_stat.py", line 10, in <module>
    import xesmf as xe
  File "/home/vdemeyer/py3/lib/python3.11/site-packages/xesmf/__init__.py", line 3, in <module>
    from . import data, util
  File "/home/vdemeyer/py3/lib/python3.11/site-packages/xesmf/util.py", line 10, in <module>
    import ESMF
ModuleNotFoundError: No module named 'ESMF'
Traceback (most recent call last):
  File "/home/vdemeyer/py3/lib/python3.11/site-packages/xesmf/util.py", line 8, in <module>
    import esmpy as ESMF
ModuleNotFoundError: No module named 'esmpy'

During handling of the above exception, another exception occurred:

Traceback (most recent call last):
  File "/home/vdemeyer/TRACKING/KATJA/POSTPROCESSING/EETCs_stat.py", line 10, in <module>
    import xesmf as xe
  File "/home/vdemeyer/py3/lib/python3.11/site-packages/xesmf/__init__.py", line 3, in <module>
    from . import data, util
  File "/home/vdemeyer/py3/lib/python3.11/site-packages/xesmf/util.py", line 10, in <module>
    import ESMF
ModuleNotFoundError: No module named 'ESMF'
Traceback (most recent call last):
  File "/home/vdemeyer/py3/lib/python3.11/site-packages/xesmf/util.py", line 8, in <module>
    import esmpy as ESMF
ModuleNotFoundError: No module named 'esmpy'

During handling of the above exception, another exception occurred:

Traceback (most recent call last):
  File "/home/vdemeyer/TRACKING/KATJA/POSTPROCESSING/EETCs_stat.py", line 10, in <module>
    import xesmf as xe
  File "/home/vdemeyer/py3/lib/python3.11/site-packages/xesmf/__init__.py", line 3, in <module>
    from . import data, util
  File "/home/vdemeyer/py3/lib/python3.11/site-packages/xesmf/util.py", line 10, in <module>
    import ESMF
ModuleNotFoundError: No module named 'ESMF'
#executed by process	7 in 0.506721s	with status	1 : python /home/vdemeyer/TRACKING/KATJA/POSTPROCESSING/EETCs_stat.py 2016 --sim ERA5 --metric ratio
#executed by process	8 in 0.506719s	with status	1 : python /home/vdemeyer/TRACKING/KATJA/POSTPROCESSING/EETCs_stat.py 2017 --sim ERA5 --metric ratio
Traceback (most recent call last):
  File "/home/vdemeyer/py3/lib/python3.11/site-packages/xesmf/util.py", line 8, in <module>
    import esmpy as ESMF
ModuleNotFoundError: No module named 'esmpy'

During handling of the above exception, another exception occurred:

Traceback (most recent call last):
  File "/home/vdemeyer/TRACKING/KATJA/POSTPROCESSING/EETCs_stat.py", line 10, in <module>
    import xesmf as xe
  File "/home/vdemeyer/py3/lib/python3.11/site-packages/xesmf/__init__.py", line 3, in <module>
    from . import data, util
  File "/home/vdemeyer/py3/lib/python3.11/site-packages/xesmf/util.py", line 10, in <module>
    import ESMF
ModuleNotFoundError: No module named 'ESMF'
Traceback (most recent call last):
  File "/home/vdemeyer/py3/lib/python3.11/site-packages/xesmf/util.py", line 8, in <module>
    import esmpy as ESMF
ModuleNotFoundError: No module named 'esmpy'

During handling of the above exception, another exception occurred:

Traceback (most recent call last):
  File "/home/vdemeyer/TRACKING/KATJA/POSTPROCESSING/EETCs_stat.py", line 10, in <module>
    import xesmf as xe
  File "/home/vdemeyer/py3/lib/python3.11/site-packages/xesmf/__init__.py", line 3, in <module>
    from . import data, util
  File "/home/vdemeyer/py3/lib/python3.11/site-packages/xesmf/util.py", line 10, in <module>
    import ESMF
ModuleNotFoundError: No module named 'ESMF'
#executed by process	3 in 0.51376s	with status	1 : python /home/vdemeyer/TRACKING/KATJA/POSTPROCESSING/EETCs_stat.py 2021 --sim ERA5 --metric ratio
#executed by process	4 in 0.513766s	with status	1 : python /home/vdemeyer/TRACKING/KATJA/POSTPROCESSING/EETCs_stat.py 2020 --sim ERA5 --metric ratio
#executed by process	5 in 0.514417s	with status	1 : python /home/vdemeyer/TRACKING/KATJA/POSTPROCESSING/EETCs_stat.py 2018 --sim ERA5 --metric ratio
#executed by process	6 in 0.514197s	with status	1 : python /home/vdemeyer/TRACKING/KATJA/POSTPROCESSING/EETCs_stat.py 2019 --sim ERA5 --metric ratio
#executed by process	1 in 0.548954s	with status	1 : python /home/vdemeyer/TRACKING/KATJA/POSTPROCESSING/EETCs_stat.py 2023 --sim ERA5 --metric ratio
#executed by process	2 in 0.548898s	with status	1 : python /home/vdemeyer/TRACKING/KATJA/POSTPROCESSING/EETCs_stat.py 2022 --sim ERA5 --metric ratio
Traceback (most recent call last):
  File "/home/vdemeyer/py3/lib/python3.11/site-packages/xesmf/util.py", line 8, in <module>
    import esmpy as ESMF
ModuleNotFoundError: No module named 'esmpy'

During handling of the above exception, another exception occurred:

Traceback (most recent call last):
  File "/home/vdemeyer/TRACKING/KATJA/POSTPROCESSING/EETCs_stat.py", line 10, in <module>
    import xesmf as xe
  File "/home/vdemeyer/py3/lib/python3.11/site-packages/xesmf/__init__.py", line 3, in <module>
    from . import data, util
  File "/home/vdemeyer/py3/lib/python3.11/site-packages/xesmf/util.py", line 10, in <module>
    import ESMF
ModuleNotFoundError: No module named 'ESMF'
#executed by process	9 in 0.470408s	with status	1 : python /home/vdemeyer/TRACKING/KATJA/POSTPROCESSING/EETCs_stat.py 1979 --sim UBB --metric ratio
Traceback (most recent call last):
  File "/home/vdemeyer/py3/lib/python3.11/site-packages/xesmf/util.py", line 8, in <module>
    import esmpy as ESMF
ModuleNotFoundError: No module named 'esmpy'

During handling of the above exception, another exception occurred:

Traceback (most recent call last):
  File "/home/vdemeyer/TRACKING/KATJA/POSTPROCESSING/EETCs_stat.py", line 10, in <module>
    import xesmf as xe
  File "/home/vdemeyer/py3/lib/python3.11/site-packages/xesmf/__init__.py", line 3, in <module>
    from . import data, util
  File "/home/vdemeyer/py3/lib/python3.11/site-packages/xesmf/util.py", line 10, in <module>
    import ESMF
ModuleNotFoundError: No module named 'ESMF'
Traceback (most recent call last):
  File "/home/vdemeyer/py3/lib/python3.11/site-packages/xesmf/util.py", line 8, in <module>
    import esmpy as ESMF
ModuleNotFoundError: No module named 'esmpy'

During handling of the above exception, another exception occurred:

Traceback (most recent call last):
  File "/home/vdemeyer/TRACKING/KATJA/POSTPROCESSING/EETCs_stat.py", line 10, in <module>
    import xesmf as xe
  File "/home/vdemeyer/py3/lib/python3.11/site-packages/xesmf/__init__.py", line 3, in <module>
    from . import data, util
  File "/home/vdemeyer/py3/lib/python3.11/site-packages/xesmf/util.py", line 10, in <module>
    import ESMF
ModuleNotFoundError: No module named 'ESMF'
Traceback (most recent call last):
  File "/home/vdemeyer/py3/lib/python3.11/site-packages/xesmf/util.py", line 8, in <module>
    import esmpy as ESMF
ModuleNotFoundError: No module named 'esmpy'

During handling of the above exception, another exception occurred:

Traceback (most recent call last):
  File "/home/vdemeyer/TRACKING/KATJA/POSTPROCESSING/EETCs_stat.py", line 10, in <module>
    import xesmf as xe
  File "/home/vdemeyer/py3/lib/python3.11/site-packages/xesmf/__init__.py", line 3, in <module>
    from . import data, util
  File "/home/vdemeyer/py3/lib/python3.11/site-packages/xesmf/util.py", line 10, in <module>
    import ESMF
ModuleNotFoundError: No module named 'ESMF'
Traceback (most recent call last):
  File "/home/vdemeyer/py3/lib/python3.11/site-packages/xesmf/util.py", line 8, in <module>
    import esmpy as ESMF
ModuleNotFoundError: No module named 'esmpy'

During handling of the above exception, another exception occurred:

Traceback (most recent call last):
  File "/home/vdemeyer/TRACKING/KATJA/POSTPROCESSING/EETCs_stat.py", line 10, in <module>
    import xesmf as xe
  File "/home/vdemeyer/py3/lib/python3.11/site-packages/xesmf/__init__.py", line 3, in <module>
    from . import data, util
  File "/home/vdemeyer/py3/lib/python3.11/site-packages/xesmf/util.py", line 10, in <module>
    import ESMF
ModuleNotFoundError: No module named 'ESMF'
Traceback (most recent call last):
  File "/home/vdemeyer/py3/lib/python3.11/site-packages/xesmf/util.py", line 8, in <module>
    import esmpy as ESMF
ModuleNotFoundError: No module named 'esmpy'

During handling of the above exception, another exception occurred:

Traceback (most recent call last):
  File "/home/vdemeyer/TRACKING/KATJA/POSTPROCESSING/EETCs_stat.py", line 10, in <module>
    import xesmf as xe
  File "/home/vdemeyer/py3/lib/python3.11/site-packages/xesmf/__init__.py", line 3, in <module>
    from . import data, util
  File "/home/vdemeyer/py3/lib/python3.11/site-packages/xesmf/util.py", line 10, in <module>
    import ESMF
ModuleNotFoundError: No module named 'ESMF'
Traceback (most recent call last):
  File "/home/vdemeyer/py3/lib/python3.11/site-packages/xesmf/util.py", line 8, in <module>
    import esmpy as ESMF
ModuleNotFoundError: No module named 'esmpy'

During handling of the above exception, another exception occurred:

Traceback (most recent call last):
  File "/home/vdemeyer/TRACKING/KATJA/POSTPROCESSING/EETCs_stat.py", line 10, in <module>
    import xesmf as xe
  File "/home/vdemeyer/py3/lib/python3.11/site-packages/xesmf/__init__.py", line 3, in <module>
    from . import data, util
  File "/home/vdemeyer/py3/lib/python3.11/site-packages/xesmf/util.py", line 10, in <module>
    import ESMF
ModuleNotFoundError: No module named 'ESMF'
#executed by process	7 in 0.511585s	with status	1 : python /home/vdemeyer/TRACKING/KATJA/POSTPROCESSING/EETCs_stat.py 1980 --sim UBB --metric ratio
#executed by process	8 in 0.511577s	with status	1 : python /home/vdemeyer/TRACKING/KATJA/POSTPROCESSING/EETCs_stat.py 1981 --sim UBB --metric ratio
#executed by process	3 in 0.518504s	with status	1 : python /home/vdemeyer/TRACKING/KATJA/POSTPROCESSING/EETCs_stat.py 1985 --sim UBB --metric ratio
#executed by process	4 in 0.518434s	with status	1 : python /home/vdemeyer/TRACKING/KATJA/POSTPROCESSING/EETCs_stat.py 1984 --sim UBB --metric ratio
#executed by process	5 in 0.519113s	with status	1 : python /home/vdemeyer/TRACKING/KATJA/POSTPROCESSING/EETCs_stat.py 1983 --sim UBB --metric ratio
#executed by process	6 in 0.519113s	with status	1 : python /home/vdemeyer/TRACKING/KATJA/POSTPROCESSING/EETCs_stat.py 1982 --sim UBB --metric ratio
Traceback (most recent call last):
  File "/home/vdemeyer/py3/lib/python3.11/site-packages/xesmf/util.py", line 8, in <module>
    import esmpy as ESMF
ModuleNotFoundError: No module named 'esmpy'

During handling of the above exception, another exception occurred:

Traceback (most recent call last):
  File "/home/vdemeyer/TRACKING/KATJA/POSTPROCESSING/EETCs_stat.py", line 10, in <module>
    import xesmf as xe
  File "/home/vdemeyer/py3/lib/python3.11/site-packages/xesmf/__init__.py", line 3, in <module>
    from . import data, util
  File "/home/vdemeyer/py3/lib/python3.11/site-packages/xesmf/util.py", line 10, in <module>
    import ESMF
ModuleNotFoundError: No module named 'ESMF'
Traceback (most recent call last):
  File "/home/vdemeyer/py3/lib/python3.11/site-packages/xesmf/util.py", line 8, in <module>
    import esmpy as ESMF
ModuleNotFoundError: No module named 'esmpy'

During handling of the above exception, another exception occurred:

Traceback (most recent call last):
  File "/home/vdemeyer/TRACKING/KATJA/POSTPROCESSING/EETCs_stat.py", line 10, in <module>
    import xesmf as xe
  File "/home/vdemeyer/py3/lib/python3.11/site-packages/xesmf/__init__.py", line 3, in <module>
    from . import data, util
  File "/home/vdemeyer/py3/lib/python3.11/site-packages/xesmf/util.py", line 10, in <module>
    import ESMF
ModuleNotFoundError: No module named 'ESMF'
#executed by process	1 in 0.555954s	with status	1 : python /home/vdemeyer/TRACKING/KATJA/POSTPROCESSING/EETCs_stat.py 1987 --sim UBB --metric ratio
#executed by process	2 in 0.55591s	with status	1 : python /home/vdemeyer/TRACKING/KATJA/POSTPROCESSING/EETCs_stat.py 1986 --sim UBB --metric ratio
Traceback (most recent call last):
  File "/home/vdemeyer/py3/lib/python3.11/site-packages/xesmf/util.py", line 8, in <module>
    import esmpy as ESMF
ModuleNotFoundError: No module named 'esmpy'

During handling of the above exception, another exception occurred:

Traceback (most recent call last):
  File "/home/vdemeyer/TRACKING/KATJA/POSTPROCESSING/EETCs_stat.py", line 10, in <module>
    import xesmf as xe
  File "/home/vdemeyer/py3/lib/python3.11/site-packages/xesmf/__init__.py", line 3, in <module>
    from . import data, util
  File "/home/vdemeyer/py3/lib/python3.11/site-packages/xesmf/util.py", line 10, in <module>
    import ESMF
ModuleNotFoundError: No module named 'ESMF'
#executed by process	9 in 0.48006s	with status	1 : python /home/vdemeyer/TRACKING/KATJA/POSTPROCESSING/EETCs_stat.py 1988 --sim UBB --metric ratio
Traceback (most recent call last):
  File "/home/vdemeyer/py3/lib/python3.11/site-packages/xesmf/util.py", line 8, in <module>
    import esmpy as ESMF
ModuleNotFoundError: No module named 'esmpy'

During handling of the above exception, another exception occurred:

Traceback (most recent call last):
  File "/home/vdemeyer/TRACKING/KATJA/POSTPROCESSING/EETCs_stat.py", line 10, in <module>
    import xesmf as xe
  File "/home/vdemeyer/py3/lib/python3.11/site-packages/xesmf/__init__.py", line 3, in <module>
    from . import data, util
  File "/home/vdemeyer/py3/lib/python3.11/site-packages/xesmf/util.py", line 10, in <module>
    import ESMF
ModuleNotFoundError: No module named 'ESMF'
Traceback (most recent call last):
  File "/home/vdemeyer/py3/lib/python3.11/site-packages/xesmf/util.py", line 8, in <module>
    import esmpy as ESMF
ModuleNotFoundError: No module named 'esmpy'

During handling of the above exception, another exception occurred:

Traceback (most recent call last):
  File "/home/vdemeyer/TRACKING/KATJA/POSTPROCESSING/EETCs_stat.py", line 10, in <module>
    import xesmf as xe
  File "/home/vdemeyer/py3/lib/python3.11/site-packages/xesmf/__init__.py", line 3, in <module>
    from . import data, util
  File "/home/vdemeyer/py3/lib/python3.11/site-packages/xesmf/util.py", line 10, in <module>
    import ESMF
ModuleNotFoundError: No module named 'ESMF'
Traceback (most recent call last):
  File "/home/vdemeyer/py3/lib/python3.11/site-packages/xesmf/util.py", line 8, in <module>
Traceback (most recent call last):
  File "/home/vdemeyer/py3/lib/python3.11/site-packages/xesmf/util.py", line 8, in <module>
    import esmpy as ESMF
ModuleNotFoundError: No module named 'esmpy'

During handling of the above exception, another exception occurred:

Traceback (most recent call last):
  File "/home/vdemeyer/TRACKING/KATJA/POSTPROCESSING/EETCs_stat.py", line 10, in <module>
    import esmpy as ESMF
ModuleNotFoundError: No module named 'esmpy'

During handling of the above exception, another exception occurred:

Traceback (most recent call last):
  File "/home/vdemeyer/TRACKING/KATJA/POSTPROCESSING/EETCs_stat.py", line 10, in <module>
Traceback (most recent call last):
  File "/home/vdemeyer/py3/lib/python3.11/site-packages/xesmf/util.py", line 8, in <module>
Traceback (most recent call last):
  File "/home/vdemeyer/py3/lib/python3.11/site-packages/xesmf/util.py", line 8, in <module>
    import xesmf as xe
  File "/home/vdemeyer/py3/lib/python3.11/site-packages/xesmf/__init__.py", line 3, in <module>
    import xesmf as xe
  File "/home/vdemeyer/py3/lib/python3.11/site-packages/xesmf/__init__.py", line 3, in <module>
    import esmpy as ESMF
ModuleNotFoundError: No module named 'esmpy'

    import esmpy as ESMF
ModuleNotFoundError: No module named 'esmpy'

During handling of the above exception, another exception occurred:

During handling of the above exception, another exception occurred:

Traceback (most recent call last):
  File "/home/vdemeyer/TRACKING/KATJA/POSTPROCESSING/EETCs_stat.py", line 10, in <module>
Traceback (most recent call last):
  File "/home/vdemeyer/TRACKING/KATJA/POSTPROCESSING/EETCs_stat.py", line 10, in <module>
    from . import data, util
    from . import data, util
  File "/home/vdemeyer/py3/lib/python3.11/site-packages/xesmf/util.py", line 10, in <module>
  File "/home/vdemeyer/py3/lib/python3.11/site-packages/xesmf/util.py", line 10, in <module>
    import xesmf as xe
    import xesmf as xe
  File "/home/vdemeyer/py3/lib/python3.11/site-packages/xesmf/__init__.py", line 3, in <module>
  File "/home/vdemeyer/py3/lib/python3.11/site-packages/xesmf/__init__.py", line 3, in <module>
    import ESMF
ModuleNotFoundError: No module named 'ESMF'
    import ESMF
ModuleNotFoundError: No module named 'ESMF'
    from . import data, util
    from . import data, util
  File "/home/vdemeyer/py3/lib/python3.11/site-packages/xesmf/util.py", line 10, in <module>
  File "/home/vdemeyer/py3/lib/python3.11/site-packages/xesmf/util.py", line 10, in <module>
    import ESMF
ModuleNotFoundError: No module named 'ESMF'
    import ESMF
ModuleNotFoundError: No module named 'ESMF'
#executed by process	7 in 0.508875s	with status	1 : python /home/vdemeyer/TRACKING/KATJA/POSTPROCESSING/EETCs_stat.py 1989 --sim UBB --metric ratio
#executed by process	8 in 0.508868s	with status	1 : python /home/vdemeyer/TRACKING/KATJA/POSTPROCESSING/EETCs_stat.py 1990 --sim UBB --metric ratio
#executed by process	6 in 0.520294s	with status	1 : python /home/vdemeyer/TRACKING/KATJA/POSTPROCESSING/EETCs_stat.py 1993 --sim UBB --metric ratio
#executed by process	3 in 0.521476s	with status	1 : python /home/vdemeyer/TRACKING/KATJA/POSTPROCESSING/EETCs_stat.py 1992 --sim UBB --metric ratio
#executed by process	4 in 0.521521s	with status	1 : python /home/vdemeyer/TRACKING/KATJA/POSTPROCESSING/EETCs_stat.py 1991 --sim UBB --metric ratio
#executed by process	5 in 0.520579s	with status	1 : python /home/vdemeyer/TRACKING/KATJA/POSTPROCESSING/EETCs_stat.py 1994 --sim UBB --metric ratio
Traceback (most recent call last):
  File "/home/vdemeyer/py3/lib/python3.11/site-packages/xesmf/util.py", line 8, in <module>
    import esmpy as ESMF
ModuleNotFoundError: No module named 'esmpy'

During handling of the above exception, another exception occurred:

Traceback (most recent call last):
  File "/home/vdemeyer/TRACKING/KATJA/POSTPROCESSING/EETCs_stat.py", line 10, in <module>
    import xesmf as xe
  File "/home/vdemeyer/py3/lib/python3.11/site-packages/xesmf/__init__.py", line 3, in <module>
    from . import data, util
  File "/home/vdemeyer/py3/lib/python3.11/site-packages/xesmf/util.py", line 10, in <module>
    import ESMF
ModuleNotFoundError: No module named 'ESMF'
Traceback (most recent call last):
  File "/home/vdemeyer/py3/lib/python3.11/site-packages/xesmf/util.py", line 8, in <module>
    import esmpy as ESMF
ModuleNotFoundError: No module named 'esmpy'

During handling of the above exception, another exception occurred:

Traceback (most recent call last):
  File "/home/vdemeyer/TRACKING/KATJA/POSTPROCESSING/EETCs_stat.py", line 10, in <module>
    import xesmf as xe
  File "/home/vdemeyer/py3/lib/python3.11/site-packages/xesmf/__init__.py", line 3, in <module>
    from . import data, util
  File "/home/vdemeyer/py3/lib/python3.11/site-packages/xesmf/util.py", line 10, in <module>
    import ESMF
ModuleNotFoundError: No module named 'ESMF'
Traceback (most recent call last):
  File "/home/vdemeyer/py3/lib/python3.11/site-packages/xesmf/util.py", line 8, in <module>
    import esmpy as ESMF
ModuleNotFoundError: No module named 'esmpy'

During handling of the above exception, another exception occurred:

Traceback (most recent call last):
  File "/home/vdemeyer/TRACKING/KATJA/POSTPROCESSING/EETCs_stat.py", line 10, in <module>
    import xesmf as xe
  File "/home/vdemeyer/py3/lib/python3.11/site-packages/xesmf/__init__.py", line 3, in <module>
    from . import data, util
  File "/home/vdemeyer/py3/lib/python3.11/site-packages/xesmf/util.py", line 10, in <module>
    import ESMF
ModuleNotFoundError: No module named 'ESMF'
#executed by process	1 in 0.558085s	with status	1 : python /home/vdemeyer/TRACKING/KATJA/POSTPROCESSING/EETCs_stat.py 1996 --sim UBB --metric ratio
#executed by process	2 in 0.559702s	with status	1 : python /home/vdemeyer/TRACKING/KATJA/POSTPROCESSING/EETCs_stat.py 1995 --sim UBB --metric ratio
#executed by process	9 in 0.47453s	with status	1 : python /home/vdemeyer/TRACKING/KATJA/POSTPROCESSING/EETCs_stat.py 1997 --sim UBB --metric ratio
Traceback (most recent call last):
  File "/home/vdemeyer/py3/lib/python3.11/site-packages/xesmf/util.py", line 8, in <module>
Traceback (most recent call last):
  File "/home/vdemeyer/py3/lib/python3.11/site-packages/xesmf/util.py", line 8, in <module>
    import esmpy as ESMF
ModuleNotFoundError: No module named 'esmpy'

During handling of the above exception, another exception occurred:

Traceback (most recent call last):
  File "/home/vdemeyer/TRACKING/KATJA/POSTPROCESSING/EETCs_stat.py", line 10, in <module>
    import esmpy as ESMF
ModuleNotFoundError: No module named 'esmpy'

During handling of the above exception, another exception occurred:

Traceback (most recent call last):
  File "/home/vdemeyer/TRACKING/KATJA/POSTPROCESSING/EETCs_stat.py", line 10, in <module>
    import xesmf as xe
  File "/home/vdemeyer/py3/lib/python3.11/site-packages/xesmf/__init__.py", line 3, in <module>
    from . import data, util
  File "/home/vdemeyer/py3/lib/python3.11/site-packages/xesmf/util.py", line 10, in <module>
    import ESMF
ModuleNotFoundError: No module named 'ESMF'
    import xesmf as xe
  File "/home/vdemeyer/py3/lib/python3.11/site-packages/xesmf/__init__.py", line 3, in <module>
    from . import data, util
  File "/home/vdemeyer/py3/lib/python3.11/site-packages/xesmf/util.py", line 10, in <module>
    import ESMF
ModuleNotFoundError: No module named 'ESMF'
Traceback (most recent call last):
  File "/home/vdemeyer/py3/lib/python3.11/site-packages/xesmf/util.py", line 8, in <module>
    import esmpy as ESMF
ModuleNotFoundError: No module named 'esmpy'

During handling of the above exception, another exception occurred:

Traceback (most recent call last):
  File "/home/vdemeyer/TRACKING/KATJA/POSTPROCESSING/EETCs_stat.py", line 10, in <module>
    import xesmf as xe
  File "/home/vdemeyer/py3/lib/python3.11/site-packages/xesmf/__init__.py", line 3, in <module>
    from . import data, util
  File "/home/vdemeyer/py3/lib/python3.11/site-packages/xesmf/util.py", line 10, in <module>
    import ESMF
ModuleNotFoundError: No module named 'ESMF'
Traceback (most recent call last):
  File "/home/vdemeyer/py3/lib/python3.11/site-packages/xesmf/util.py", line 8, in <module>
    import esmpy as ESMF
ModuleNotFoundError: No module named 'esmpy'

During handling of the above exception, another exception occurred:

Traceback (most recent call last):
  File "/home/vdemeyer/TRACKING/KATJA/POSTPROCESSING/EETCs_stat.py", line 10, in <module>
    import xesmf as xe
  File "/home/vdemeyer/py3/lib/python3.11/site-packages/xesmf/__init__.py", line 3, in <module>
    from . import data, util
  File "/home/vdemeyer/py3/lib/python3.11/site-packages/xesmf/util.py", line 10, in <module>
    import ESMF
ModuleNotFoundError: No module named 'ESMF'
Traceback (most recent call last):
  File "/home/vdemeyer/py3/lib/python3.11/site-packages/xesmf/util.py", line 8, in <module>
    import esmpy as ESMF
ModuleNotFoundError: No module named 'esmpy'

During handling of the above exception, another exception occurred:

Traceback (most recent call last):
  File "/home/vdemeyer/TRACKING/KATJA/POSTPROCESSING/EETCs_stat.py", line 10, in <module>
    import xesmf as xe
  File "/home/vdemeyer/py3/lib/python3.11/site-packages/xesmf/__init__.py", line 3, in <module>
    from . import data, util
  File "/home/vdemeyer/py3/lib/python3.11/site-packages/xesmf/util.py", line 10, in <module>
    import ESMF
ModuleNotFoundError: No module named 'ESMF'
Traceback (most recent call last):
  File "/home/vdemeyer/py3/lib/python3.11/site-packages/xesmf/util.py", line 8, in <module>
    import esmpy as ESMF
ModuleNotFoundError: No module named 'esmpy'

During handling of the above exception, another exception occurred:

Traceback (most recent call last):
  File "/home/vdemeyer/TRACKING/KATJA/POSTPROCESSING/EETCs_stat.py", line 10, in <module>
    import xesmf as xe
  File "/home/vdemeyer/py3/lib/python3.11/site-packages/xesmf/__init__.py", line 3, in <module>
    from . import data, util
  File "/home/vdemeyer/py3/lib/python3.11/site-packages/xesmf/util.py", line 10, in <module>
    import ESMF
ModuleNotFoundError: No module named 'ESMF'
#executed by process	7 in 0.507229s	with status	1 : python /home/vdemeyer/TRACKING/KATJA/POSTPROCESSING/EETCs_stat.py 1998 --sim UBB --metric ratio
#executed by process	8 in 0.50723s	with status	1 : python /home/vdemeyer/TRACKING/KATJA/POSTPROCESSING/EETCs_stat.py 1999 --sim UBB --metric ratio
#executed by process	3 in 0.519531s	with status	1 : python /home/vdemeyer/TRACKING/KATJA/POSTPROCESSING/EETCs_stat.py 2002 --sim UBB --metric ratio
#executed by process	4 in 0.51953s	with status	1 : python /home/vdemeyer/TRACKING/KATJA/POSTPROCESSING/EETCs_stat.py 2003 --sim UBB --metric ratio
#executed by process	5 in 0.519969s	with status	1 : python /home/vdemeyer/TRACKING/KATJA/POSTPROCESSING/EETCs_stat.py 2001 --sim UBB --metric ratio
#executed by process	6 in 0.520241s	with status	1 : python /home/vdemeyer/TRACKING/KATJA/POSTPROCESSING/EETCs_stat.py 2000 --sim UBB --metric ratio
Traceback (most recent call last):
  File "/home/vdemeyer/py3/lib/python3.11/site-packages/xesmf/util.py", line 8, in <module>
    import esmpy as ESMF
ModuleNotFoundError: No module named 'esmpy'

During handling of the above exception, another exception occurred:

Traceback (most recent call last):
  File "/home/vdemeyer/TRACKING/KATJA/POSTPROCESSING/EETCs_stat.py", line 10, in <module>
    import xesmf as xe
  File "/home/vdemeyer/py3/lib/python3.11/site-packages/xesmf/__init__.py", line 3, in <module>
    from . import data, util
  File "/home/vdemeyer/py3/lib/python3.11/site-packages/xesmf/util.py", line 10, in <module>
    import ESMF
ModuleNotFoundError: No module named 'ESMF'
Traceback (most recent call last):
  File "/home/vdemeyer/py3/lib/python3.11/site-packages/xesmf/util.py", line 8, in <module>
    import esmpy as ESMF
ModuleNotFoundError: No module named 'esmpy'

During handling of the above exception, another exception occurred:

Traceback (most recent call last):
  File "/home/vdemeyer/TRACKING/KATJA/POSTPROCESSING/EETCs_stat.py", line 10, in <module>
    import xesmf as xe
  File "/home/vdemeyer/py3/lib/python3.11/site-packages/xesmf/__init__.py", line 3, in <module>
    from . import data, util
  File "/home/vdemeyer/py3/lib/python3.11/site-packages/xesmf/util.py", line 10, in <module>
    import ESMF
ModuleNotFoundError: No module named 'ESMF'
Traceback (most recent call last):
  File "/home/vdemeyer/py3/lib/python3.11/site-packages/xesmf/util.py", line 8, in <module>
    import esmpy as ESMF
ModuleNotFoundError: No module named 'esmpy'

During handling of the above exception, another exception occurred:

Traceback (most recent call last):
  File "/home/vdemeyer/TRACKING/KATJA/POSTPROCESSING/EETCs_stat.py", line 10, in <module>
    import xesmf as xe
  File "/home/vdemeyer/py3/lib/python3.11/site-packages/xesmf/__init__.py", line 3, in <module>
    from . import data, util
  File "/home/vdemeyer/py3/lib/python3.11/site-packages/xesmf/util.py", line 10, in <module>
    import ESMF
ModuleNotFoundError: No module named 'ESMF'
#executed by process	9 in 0.472125s	with status	1 : python /home/vdemeyer/TRACKING/KATJA/POSTPROCESSING/EETCs_stat.py 2006 --sim UBB --metric ratio
#executed by process	1 in 0.561271s	with status	1 : python /home/vdemeyer/TRACKING/KATJA/POSTPROCESSING/EETCs_stat.py 2004 --sim UBB --metric ratio
#executed by process	2 in 0.559727s	with status	1 : python /home/vdemeyer/TRACKING/KATJA/POSTPROCESSING/EETCs_stat.py 2005 --sim UBB --metric ratio
Traceback (most recent call last):
  File "/home/vdemeyer/py3/lib/python3.11/site-packages/xesmf/util.py", line 8, in <module>
    import esmpy as ESMF
ModuleNotFoundError: No module named 'esmpy'

During handling of the above exception, another exception occurred:

Traceback (most recent call last):
  File "/home/vdemeyer/TRACKING/KATJA/POSTPROCESSING/EETCs_stat.py", line 10, in <module>
    import xesmf as xe
  File "/home/vdemeyer/py3/lib/python3.11/site-packages/xesmf/__init__.py", line 3, in <module>
    from . import data, util
  File "/home/vdemeyer/py3/lib/python3.11/site-packages/xesmf/util.py", line 10, in <module>
    import ESMF
ModuleNotFoundError: No module named 'ESMF'
Traceback (most recent call last):
  File "/home/vdemeyer/py3/lib/python3.11/site-packages/xesmf/util.py", line 8, in <module>
    import esmpy as ESMF
ModuleNotFoundError: No module named 'esmpy'

During handling of the above exception, another exception occurred:

Traceback (most recent call last):
  File "/home/vdemeyer/TRACKING/KATJA/POSTPROCESSING/EETCs_stat.py", line 10, in <module>
    import xesmf as xe
  File "/home/vdemeyer/py3/lib/python3.11/site-packages/xesmf/__init__.py", line 3, in <module>
    from . import data, util
  File "/home/vdemeyer/py3/lib/python3.11/site-packages/xesmf/util.py", line 10, in <module>
    import ESMF
ModuleNotFoundError: No module named 'ESMF'
Traceback (most recent call last):
  File "/home/vdemeyer/py3/lib/python3.11/site-packages/xesmf/util.py", line 8, in <module>
    import esmpy as ESMF
ModuleNotFoundError: No module named 'esmpy'

During handling of the above exception, another exception occurred:

Traceback (most recent call last):
  File "/home/vdemeyer/TRACKING/KATJA/POSTPROCESSING/EETCs_stat.py", line 10, in <module>
    import xesmf as xe
  File "/home/vdemeyer/py3/lib/python3.11/site-packages/xesmf/__init__.py", line 3, in <module>
    from . import data, util
  File "/home/vdemeyer/py3/lib/python3.11/site-packages/xesmf/util.py", line 10, in <module>
    import ESMF
ModuleNotFoundError: No module named 'ESMF'
Traceback (most recent call last):
  File "/home/vdemeyer/py3/lib/python3.11/site-packages/xesmf/util.py", line 8, in <module>
    import esmpy as ESMF
ModuleNotFoundError: No module named 'esmpy'

During handling of the above exception, another exception occurred:

Traceback (most recent call last):
  File "/home/vdemeyer/TRACKING/KATJA/POSTPROCESSING/EETCs_stat.py", line 10, in <module>
    import xesmf as xe
  File "/home/vdemeyer/py3/lib/python3.11/site-packages/xesmf/__init__.py", line 3, in <module>
    from . import data, util
  File "/home/vdemeyer/py3/lib/python3.11/site-packages/xesmf/util.py", line 10, in <module>
    import ESMF
ModuleNotFoundError: No module named 'ESMF'
Traceback (most recent call last):
  File "/home/vdemeyer/py3/lib/python3.11/site-packages/xesmf/util.py", line 8, in <module>
    import esmpy as ESMF
ModuleNotFoundError: No module named 'esmpy'

During handling of the above exception, another exception occurred:

Traceback (most recent call last):
  File "/home/vdemeyer/TRACKING/KATJA/POSTPROCESSING/EETCs_stat.py", line 10, in <module>
    import xesmf as xe
  File "/home/vdemeyer/py3/lib/python3.11/site-packages/xesmf/__init__.py", line 3, in <module>
    from . import data, util
  File "/home/vdemeyer/py3/lib/python3.11/site-packages/xesmf/util.py", line 10, in <module>
    import ESMF
ModuleNotFoundError: No module named 'ESMF'
Traceback (most recent call last):
  File "/home/vdemeyer/py3/lib/python3.11/site-packages/xesmf/util.py", line 8, in <module>
    import esmpy as ESMF
ModuleNotFoundError: No module named 'esmpy'

During handling of the above exception, another exception occurred:

Traceback (most recent call last):
  File "/home/vdemeyer/TRACKING/KATJA/POSTPROCESSING/EETCs_stat.py", line 10, in <module>
    import xesmf as xe
  File "/home/vdemeyer/py3/lib/python3.11/site-packages/xesmf/__init__.py", line 3, in <module>
    from . import data, util
  File "/home/vdemeyer/py3/lib/python3.11/site-packages/xesmf/util.py", line 10, in <module>
    import ESMF
ModuleNotFoundError: No module named 'ESMF'
#executed by process	7 in 0.506421s	with status	1 : python /home/vdemeyer/TRACKING/KATJA/POSTPROCESSING/EETCs_stat.py 2007 --sim UBB --metric ratio
#executed by process	8 in 0.506417s	with status	1 : python /home/vdemeyer/TRACKING/KATJA/POSTPROCESSING/EETCs_stat.py 2008 --sim UBB --metric ratio
#executed by process	3 in 0.517026s	with status	1 : python /home/vdemeyer/TRACKING/KATJA/POSTPROCESSING/EETCs_stat.py 2010 --sim UBB --metric ratio
#executed by process	4 in 0.517026s	with status	1 : python /home/vdemeyer/TRACKING/KATJA/POSTPROCESSING/EETCs_stat.py 2009 --sim UBB --metric ratio
#executed by process	5 in 0.516991s	with status	1 : python /home/vdemeyer/TRACKING/KATJA/POSTPROCESSING/EETCs_stat.py 2011 --sim UBB --metric ratio
#executed by process	6 in 0.51699s	with status	1 : python /home/vdemeyer/TRACKING/KATJA/POSTPROCESSING/EETCs_stat.py 2012 --sim UBB --metric ratio
Traceback (most recent call last):
  File "/home/vdemeyer/py3/lib/python3.11/site-packages/xesmf/util.py", line 8, in <module>
    import esmpy as ESMF
ModuleNotFoundError: No module named 'esmpy'

During handling of the above exception, another exception occurred:

Traceback (most recent call last):
  File "/home/vdemeyer/TRACKING/KATJA/POSTPROCESSING/EETCs_stat.py", line 10, in <module>
    import xesmf as xe
  File "/home/vdemeyer/py3/lib/python3.11/site-packages/xesmf/__init__.py", line 3, in <module>
    from . import data, util
  File "/home/vdemeyer/py3/lib/python3.11/site-packages/xesmf/util.py", line 10, in <module>
    import ESMF
ModuleNotFoundError: No module named 'ESMF'
#executed by process	9 in 0.474892s	with status	1 : python /home/vdemeyer/TRACKING/KATJA/POSTPROCESSING/EETCs_stat.py 2013 --sim UBB --metric ratio
Traceback (most recent call last):
  File "/home/vdemeyer/py3/lib/python3.11/site-packages/xesmf/util.py", line 8, in <module>
    import esmpy as ESMF
Traceback (most recent call last):
  File "/home/vdemeyer/py3/lib/python3.11/site-packages/xesmf/util.py", line 8, in <module>
    import esmpy as ESMF
ModuleNotFoundError: No module named 'esmpy'

During handling of the above exception, another exception occurred:

Traceback (most recent call last):
  File "/home/vdemeyer/TRACKING/KATJA/POSTPROCESSING/EETCs_stat.py", line 10, in <module>
    import xesmf as xe
  File "/home/vdemeyer/py3/lib/python3.11/site-packages/xesmf/__init__.py", line 3, in <module>
    from . import data, util
  File "/home/vdemeyer/py3/lib/python3.11/site-packages/xesmf/util.py", line 10, in <module>
ModuleNotFoundError: No module named 'esmpy'

During handling of the above exception, another exception occurred:

Traceback (most recent call last):
  File "/home/vdemeyer/TRACKING/KATJA/POSTPROCESSING/EETCs_stat.py", line 10, in <module>
    import xesmf as xe
  File "/home/vdemeyer/py3/lib/python3.11/site-packages/xesmf/__init__.py", line 3, in <module>
    from . import data, util
  File "/home/vdemeyer/py3/lib/python3.11/site-packages/xesmf/util.py", line 10, in <module>
    import ESMF
ModuleNotFoundError: No module named 'ESMF'
    import ESMF
ModuleNotFoundError: No module named 'ESMF'
#executed by process	1 in 0.558894s	with status	1 : python /home/vdemeyer/TRACKING/KATJA/POSTPROCESSING/EETCs_stat.py 2015 --sim UBB --metric ratio
#executed by process	2 in 0.558894s	with status	1 : python /home/vdemeyer/TRACKING/KATJA/POSTPROCESSING/EETCs_stat.py 2014 --sim UBB --metric ratio
Traceback (most recent call last):
  File "/home/vdemeyer/py3/lib/python3.11/site-packages/xesmf/util.py", line 8, in <module>
    import esmpy as ESMF
ModuleNotFoundError: No module named 'esmpy'

During handling of the above exception, another exception occurred:

Traceback (most recent call last):
  File "/home/vdemeyer/TRACKING/KATJA/POSTPROCESSING/EETCs_stat.py", line 10, in <module>
    import xesmf as xe
  File "/home/vdemeyer/py3/lib/python3.11/site-packages/xesmf/__init__.py", line 3, in <module>
    from . import data, util
  File "/home/vdemeyer/py3/lib/python3.11/site-packages/xesmf/util.py", line 10, in <module>
    import ESMF
ModuleNotFoundError: No module named 'ESMF'
Traceback (most recent call last):
  File "/home/vdemeyer/py3/lib/python3.11/site-packages/xesmf/util.py", line 8, in <module>
    import esmpy as ESMF
ModuleNotFoundError: No module named 'esmpy'

During handling of the above exception, another exception occurred:

Traceback (most recent call last):
  File "/home/vdemeyer/TRACKING/KATJA/POSTPROCESSING/EETCs_stat.py", line 10, in <module>
    import xesmf as xe
  File "/home/vdemeyer/py3/lib/python3.11/site-packages/xesmf/__init__.py", line 3, in <module>
    from . import data, util
  File "/home/vdemeyer/py3/lib/python3.11/site-packages/xesmf/util.py", line 10, in <module>
    import ESMF
ModuleNotFoundError: No module named 'ESMF'
Traceback (most recent call last):
  File "/home/vdemeyer/py3/lib/python3.11/site-packages/xesmf/util.py", line 8, in <module>
    import esmpy as ESMF
ModuleNotFoundError: No module named 'esmpy'

During handling of the above exception, another exception occurred:

Traceback (most recent call last):
  File "/home/vdemeyer/TRACKING/KATJA/POSTPROCESSING/EETCs_stat.py", line 10, in <module>
    import xesmf as xe
  File "/home/vdemeyer/py3/lib/python3.11/site-packages/xesmf/__init__.py", line 3, in <module>
    from . import data, util
  File "/home/vdemeyer/py3/lib/python3.11/site-packages/xesmf/util.py", line 10, in <module>
    import ESMF
ModuleNotFoundError: No module named 'ESMF'
Traceback (most recent call last):
  File "/home/vdemeyer/py3/lib/python3.11/site-packages/xesmf/util.py", line 8, in <module>
    import esmpy as ESMF
ModuleNotFoundError: No module named 'esmpy'

During handling of the above exception, another exception occurred:

Traceback (most recent call last):
  File "/home/vdemeyer/TRACKING/KATJA/POSTPROCESSING/EETCs_stat.py", line 10, in <module>
    import xesmf as xe
  File "/home/vdemeyer/py3/lib/python3.11/site-packages/xesmf/__init__.py", line 3, in <module>
    from . import data, util
  File "/home/vdemeyer/py3/lib/python3.11/site-packages/xesmf/util.py", line 10, in <module>
    import ESMF
ModuleNotFoundError: No module named 'ESMF'
Traceback (most recent call last):
  File "/home/vdemeyer/py3/lib/python3.11/site-packages/xesmf/util.py", line 8, in <module>
    import esmpy as ESMF
ModuleNotFoundError: No module named 'esmpy'

During handling of the above exception, another exception occurred:

Traceback (most recent call last):
  File "/home/vdemeyer/TRACKING/KATJA/POSTPROCESSING/EETCs_stat.py", line 10, in <module>
    import xesmf as xe
  File "/home/vdemeyer/py3/lib/python3.11/site-packages/xesmf/__init__.py", line 3, in <module>
    from . import data, util
  File "/home/vdemeyer/py3/lib/python3.11/site-packages/xesmf/util.py", line 10, in <module>
    import ESMF
ModuleNotFoundError: No module named 'ESMF'
Traceback (most recent call last):
  File "/home/vdemeyer/py3/lib/python3.11/site-packages/xesmf/util.py", line 8, in <module>
    import esmpy as ESMF
ModuleNotFoundError: No module named 'esmpy'

During handling of the above exception, another exception occurred:

Traceback (most recent call last):
  File "/home/vdemeyer/TRACKING/KATJA/POSTPROCESSING/EETCs_stat.py", line 10, in <module>
    import xesmf as xe
  File "/home/vdemeyer/py3/lib/python3.11/site-packages/xesmf/__init__.py", line 3, in <module>
    from . import data, util
  File "/home/vdemeyer/py3/lib/python3.11/site-packages/xesmf/util.py", line 10, in <module>
    import ESMF
ModuleNotFoundError: No module named 'ESMF'
#executed by process	7 in 0.509899s	with status	1 : python /home/vdemeyer/TRACKING/KATJA/POSTPROCESSING/EETCs_stat.py 2016 --sim UBB --metric ratio
#executed by process	8 in 0.509898s	with status	1 : python /home/vdemeyer/TRACKING/KATJA/POSTPROCESSING/EETCs_stat.py 2017 --sim UBB --metric ratio
Traceback (most recent call last):
  File "/home/vdemeyer/py3/lib/python3.11/site-packages/xesmf/util.py", line 8, in <module>
    import esmpy as ESMF
ModuleNotFoundError: No module named 'esmpy'

During handling of the above exception, another exception occurred:

Traceback (most recent call last):
  File "/home/vdemeyer/TRACKING/KATJA/POSTPROCESSING/EETCs_stat.py", line 10, in <module>
    import xesmf as xe
  File "/home/vdemeyer/py3/lib/python3.11/site-packages/xesmf/__init__.py", line 3, in <module>
    from . import data, util
  File "/home/vdemeyer/py3/lib/python3.11/site-packages/xesmf/util.py", line 10, in <module>
    import ESMF
ModuleNotFoundError: No module named 'ESMF'
#executed by process	3 in 0.518537s	with status	1 : python /home/vdemeyer/TRACKING/KATJA/POSTPROCESSING/EETCs_stat.py 2021 --sim UBB --metric ratio
#executed by process	4 in 0.518409s	with status	1 : python /home/vdemeyer/TRACKING/KATJA/POSTPROCESSING/EETCs_stat.py 2020 --sim UBB --metric ratio
#executed by process	5 in 0.519155s	with status	1 : python /home/vdemeyer/TRACKING/KATJA/POSTPROCESSING/EETCs_stat.py 2019 --sim UBB --metric ratio
#executed by process	6 in 0.519313s	with status	1 : python /home/vdemeyer/TRACKING/KATJA/POSTPROCESSING/EETCs_stat.py 2018 --sim UBB --metric ratio
#executed by process	9 in 0.468492s	with status	1 : python /home/vdemeyer/TRACKING/KATJA/POSTPROCESSING/EETCs_stat.py 2022 --sim UBB --metric ratio
Traceback (most recent call last):
  File "/home/vdemeyer/py3/lib/python3.11/site-packages/xesmf/util.py", line 8, in <module>
Traceback (most recent call last):
  File "/home/vdemeyer/py3/lib/python3.11/site-packages/xesmf/util.py", line 8, in <module>
    import esmpy as ESMF
ModuleNotFoundError: No module named 'esmpy'

During handling of the above exception, another exception occurred:

Traceback (most recent call last):
  File "/home/vdemeyer/TRACKING/KATJA/POSTPROCESSING/EETCs_stat.py", line 10, in <module>
    import xesmf as xe
  File "/home/vdemeyer/py3/lib/python3.11/site-packages/xesmf/__init__.py", line 3, in <module>
    import esmpy as ESMF
ModuleNotFoundError: No module named 'esmpy'

During handling of the above exception, another exception occurred:

Traceback (most recent call last):
  File "/home/vdemeyer/TRACKING/KATJA/POSTPROCESSING/EETCs_stat.py", line 10, in <module>
    import xesmf as xe
  File "/home/vdemeyer/py3/lib/python3.11/site-packages/xesmf/__init__.py", line 3, in <module>
    from . import data, util
  File "/home/vdemeyer/py3/lib/python3.11/site-packages/xesmf/util.py", line 10, in <module>
    import ESMF
ModuleNotFoundError: No module named 'ESMF'
    from . import data, util
  File "/home/vdemeyer/py3/lib/python3.11/site-packages/xesmf/util.py", line 10, in <module>
    import ESMF
ModuleNotFoundError: No module named 'ESMF'
#executed by process	2 in 0.553353s	with status	1 : python /home/vdemeyer/TRACKING/KATJA/POSTPROCESSING/EETCs_stat.py 1979 --sim UBD --metric ratio
#executed by process	1 in 0.556822s	with status	1 : python /home/vdemeyer/TRACKING/KATJA/POSTPROCESSING/EETCs_stat.py 2023 --sim UBB --metric ratio
Traceback (most recent call last):
  File "/home/vdemeyer/py3/lib/python3.11/site-packages/xesmf/util.py", line 8, in <module>
    import esmpy as ESMF
ModuleNotFoundError: No module named 'esmpy'

During handling of the above exception, another exception occurred:

Traceback (most recent call last):
  File "/home/vdemeyer/TRACKING/KATJA/POSTPROCESSING/EETCs_stat.py", line 10, in <module>
    import xesmf as xe
  File "/home/vdemeyer/py3/lib/python3.11/site-packages/xesmf/__init__.py", line 3, in <module>
    from . import data, util
  File "/home/vdemeyer/py3/lib/python3.11/site-packages/xesmf/util.py", line 10, in <module>
    import ESMF
ModuleNotFoundError: No module named 'ESMF'
Traceback (most recent call last):
  File "/home/vdemeyer/py3/lib/python3.11/site-packages/xesmf/util.py", line 8, in <module>
    import esmpy as ESMF
ModuleNotFoundError: No module named 'esmpy'

During handling of the above exception, another exception occurred:

Traceback (most recent call last):
  File "/home/vdemeyer/TRACKING/KATJA/POSTPROCESSING/EETCs_stat.py", line 10, in <module>
    import xesmf as xe
  File "/home/vdemeyer/py3/lib/python3.11/site-packages/xesmf/__init__.py", line 3, in <module>
    from . import data, util
  File "/home/vdemeyer/py3/lib/python3.11/site-packages/xesmf/util.py", line 10, in <module>
    import ESMF
ModuleNotFoundError: No module named 'ESMF'
Traceback (most recent call last):
  File "/home/vdemeyer/py3/lib/python3.11/site-packages/xesmf/util.py", line 8, in <module>
Traceback (most recent call last):
  File "/home/vdemeyer/py3/lib/python3.11/site-packages/xesmf/util.py", line 8, in <module>
Traceback (most recent call last):
  File "/home/vdemeyer/py3/lib/python3.11/site-packages/xesmf/util.py", line 8, in <module>
Traceback (most recent call last):
    import esmpy as ESMF
ModuleNotFoundError: No module named 'esmpy'

During handling of the above exception, another exception occurred:

Traceback (most recent call last):
  File "/home/vdemeyer/TRACKING/KATJA/POSTPROCESSING/EETCs_stat.py", line 10, in <module>
    import esmpy as ESMF
ModuleNotFoundError: No module named 'esmpy'

During handling of the above exception, another exception occurred:

Traceback (most recent call last):
  File "/home/vdemeyer/TRACKING/KATJA/POSTPROCESSING/EETCs_stat.py", line 10, in <module>
    import esmpy as ESMF
ModuleNotFoundError: No module named 'esmpy'

During handling of the above exception, another exception occurred:

Traceback (most recent call last):
  File "/home/vdemeyer/TRACKING/KATJA/POSTPROCESSING/EETCs_stat.py", line 10, in <module>
    import xesmf as xe
    import xesmf as xe
    import xesmf as xe
  File "/home/vdemeyer/py3/lib/python3.11/site-packages/xesmf/__init__.py", line 3, in <module>
  File "/home/vdemeyer/py3/lib/python3.11/site-packages/xesmf/__init__.py", line 3, in <module>
  File "/home/vdemeyer/py3/lib/python3.11/site-packages/xesmf/__init__.py", line 3, in <module>
    from . import data, util
  File "/home/vdemeyer/py3/lib/python3.11/site-packages/xesmf/util.py", line 10, in <module>
    import ESMF
ModuleNotFoundError: No module named 'ESMF'
    from . import data, util
  File "/home/vdemeyer/py3/lib/python3.11/site-packages/xesmf/util.py", line 10, in <module>
    import ESMF
ModuleNotFoundError: No module named 'ESMF'
    from . import data, util
  File "/home/vdemeyer/py3/lib/python3.11/site-packages/xesmf/util.py", line 10, in <module>
    import ESMF
ModuleNotFoundError: No module named 'ESMF'
  File "/home/vdemeyer/py3/lib/python3.11/site-packages/xesmf/util.py", line 8, in <module>
    import esmpy as ESMF
ModuleNotFoundError: No module named 'esmpy'

During handling of the above exception, another exception occurred:

Traceback (most recent call last):
  File "/home/vdemeyer/TRACKING/KATJA/POSTPROCESSING/EETCs_stat.py", line 10, in <module>
    import xesmf as xe
  File "/home/vdemeyer/py3/lib/python3.11/site-packages/xesmf/__init__.py", line 3, in <module>
    from . import data, util
  File "/home/vdemeyer/py3/lib/python3.11/site-packages/xesmf/util.py", line 10, in <module>
    import ESMF
ModuleNotFoundError: No module named 'ESMF'
#executed by process	7 in 0.504139s	with status	1 : python /home/vdemeyer/TRACKING/KATJA/POSTPROCESSING/EETCs_stat.py 1981 --sim UBD --metric ratio
#executed by process	8 in 0.504146s	with status	1 : python /home/vdemeyer/TRACKING/KATJA/POSTPROCESSING/EETCs_stat.py 1980 --sim UBD --metric ratio
Traceback (most recent call last):
  File "/home/vdemeyer/py3/lib/python3.11/site-packages/xesmf/util.py", line 8, in <module>
    import esmpy as ESMF
ModuleNotFoundError: No module named 'esmpy'

During handling of the above exception, another exception occurred:

Traceback (most recent call last):
  File "/home/vdemeyer/TRACKING/KATJA/POSTPROCESSING/EETCs_stat.py", line 10, in <module>
    import xesmf as xe
  File "/home/vdemeyer/py3/lib/python3.11/site-packages/xesmf/__init__.py", line 3, in <module>
    from . import data, util
  File "/home/vdemeyer/py3/lib/python3.11/site-packages/xesmf/util.py", line 10, in <module>
    import ESMF
ModuleNotFoundError: No module named 'ESMF'
#executed by process	3 in 0.520889s	with status	1 : python /home/vdemeyer/TRACKING/KATJA/POSTPROCESSING/EETCs_stat.py 1983 --sim UBD --metric ratio
#executed by process	4 in 0.521002s	with status	1 : python /home/vdemeyer/TRACKING/KATJA/POSTPROCESSING/EETCs_stat.py 1982 --sim UBD --metric ratio
#executed by process	5 in 0.520182s	with status	1 : python /home/vdemeyer/TRACKING/KATJA/POSTPROCESSING/EETCs_stat.py 1984 --sim UBD --metric ratio
#executed by process	6 in 0.520055s	with status	1 : python /home/vdemeyer/TRACKING/KATJA/POSTPROCESSING/EETCs_stat.py 1985 --sim UBD --metric ratio
#executed by process	9 in 0.473193s	with status	1 : python /home/vdemeyer/TRACKING/KATJA/POSTPROCESSING/EETCs_stat.py 1986 --sim UBD --metric ratio
Traceback (most recent call last):
  File "/home/vdemeyer/py3/lib/python3.11/site-packages/xesmf/util.py", line 8, in <module>
    import esmpy as ESMF
ModuleNotFoundError: No module named 'esmpy'

During handling of the above exception, another exception occurred:

Traceback (most recent call last):
  File "/home/vdemeyer/TRACKING/KATJA/POSTPROCESSING/EETCs_stat.py", line 10, in <module>
    import xesmf as xe
  File "/home/vdemeyer/py3/lib/python3.11/site-packages/xesmf/__init__.py", line 3, in <module>
    from . import data, util
  File "/home/vdemeyer/py3/lib/python3.11/site-packages/xesmf/util.py", line 10, in <module>
    import ESMF
ModuleNotFoundError: No module named 'ESMF'
Traceback (most recent call last):
  File "/home/vdemeyer/py3/lib/python3.11/site-packages/xesmf/util.py", line 8, in <module>
    import esmpy as ESMF
ModuleNotFoundError: No module named 'esmpy'

During handling of the above exception, another exception occurred:

Traceback (most recent call last):
  File "/home/vdemeyer/TRACKING/KATJA/POSTPROCESSING/EETCs_stat.py", line 10, in <module>
    import xesmf as xe
  File "/home/vdemeyer/py3/lib/python3.11/site-packages/xesmf/__init__.py", line 3, in <module>
    from . import data, util
  File "/home/vdemeyer/py3/lib/python3.11/site-packages/xesmf/util.py", line 10, in <module>
    import ESMF
ModuleNotFoundError: No module named 'ESMF'
Traceback (most recent call last):
  File "/home/vdemeyer/py3/lib/python3.11/site-packages/xesmf/util.py", line 8, in <module>
    import esmpy as ESMF
ModuleNotFoundError: No module named 'esmpy'

During handling of the above exception, another exception occurred:

Traceback (most recent call last):
  File "/home/vdemeyer/TRACKING/KATJA/POSTPROCESSING/EETCs_stat.py", line 10, in <module>
    import xesmf as xe
  File "/home/vdemeyer/py3/lib/python3.11/site-packages/xesmf/__init__.py", line 3, in <module>
    from . import data, util
  File "/home/vdemeyer/py3/lib/python3.11/site-packages/xesmf/util.py", line 10, in <module>
    import ESMF
ModuleNotFoundError: No module named 'ESMF'
Traceback (most recent call last):
  File "/home/vdemeyer/py3/lib/python3.11/site-packages/xesmf/util.py", line 8, in <module>
    import esmpy as ESMF
ModuleNotFoundError: No module named 'esmpy'

During handling of the above exception, another exception occurred:

Traceback (most recent call last):
  File "/home/vdemeyer/TRACKING/KATJA/POSTPROCESSING/EETCs_stat.py", line 10, in <module>
    import xesmf as xe
  File "/home/vdemeyer/py3/lib/python3.11/site-packages/xesmf/__init__.py", line 3, in <module>
    from . import data, util
  File "/home/vdemeyer/py3/lib/python3.11/site-packages/xesmf/util.py", line 10, in <module>
    import ESMF
ModuleNotFoundError: No module named 'ESMF'
#executed by process	1 in 0.551657s	with status	1 : python /home/vdemeyer/TRACKING/KATJA/POSTPROCESSING/EETCs_stat.py 1988 --sim UBD --metric ratio
#executed by process	2 in 0.555108s	with status	1 : python /home/vdemeyer/TRACKING/KATJA/POSTPROCESSING/EETCs_stat.py 1987 --sim UBD --metric ratio
#executed by process	7 in 0.500886s	with status	1 : python /home/vdemeyer/TRACKING/KATJA/POSTPROCESSING/EETCs_stat.py 1990 --sim UBD --metric ratio
#executed by process	8 in 0.500892s	with status	1 : python /home/vdemeyer/TRACKING/KATJA/POSTPROCESSING/EETCs_stat.py 1989 --sim UBD --metric ratio
Traceback (most recent call last):
  File "/home/vdemeyer/py3/lib/python3.11/site-packages/xesmf/util.py", line 8, in <module>
    import esmpy as ESMF
ModuleNotFoundError: No module named 'esmpy'

During handling of the above exception, another exception occurred:

Traceback (most recent call last):
  File "/home/vdemeyer/TRACKING/KATJA/POSTPROCESSING/EETCs_stat.py", line 10, in <module>
    import xesmf as xe
  File "/home/vdemeyer/py3/lib/python3.11/site-packages/xesmf/__init__.py", line 3, in <module>
    from . import data, util
  File "/home/vdemeyer/py3/lib/python3.11/site-packages/xesmf/util.py", line 10, in <module>
    import ESMF
ModuleNotFoundError: No module named 'ESMF'
Traceback (most recent call last):
  File "/home/vdemeyer/py3/lib/python3.11/site-packages/xesmf/util.py", line 8, in <module>
    import esmpy as ESMF
ModuleNotFoundError: No module named 'esmpy'

During handling of the above exception, another exception occurred:

Traceback (most recent call last):
  File "/home/vdemeyer/TRACKING/KATJA/POSTPROCESSING/EETCs_stat.py", line 10, in <module>
    import xesmf as xe
  File "/home/vdemeyer/py3/lib/python3.11/site-packages/xesmf/__init__.py", line 3, in <module>
    from . import data, util
  File "/home/vdemeyer/py3/lib/python3.11/site-packages/xesmf/util.py", line 10, in <module>
    import ESMF
ModuleNotFoundError: No module named 'ESMF'
Traceback (most recent call last):
  File "/home/vdemeyer/py3/lib/python3.11/site-packages/xesmf/util.py", line 8, in <module>
    import esmpy as ESMF
ModuleNotFoundError: No module named 'esmpy'

During handling of the above exception, another exception occurred:

Traceback (most recent call last):
  File "/home/vdemeyer/TRACKING/KATJA/POSTPROCESSING/EETCs_stat.py", line 10, in <module>
    import xesmf as xe
  File "/home/vdemeyer/py3/lib/python3.11/site-packages/xesmf/__init__.py", line 3, in <module>
    from . import data, util
  File "/home/vdemeyer/py3/lib/python3.11/site-packages/xesmf/util.py", line 10, in <module>
    import ESMF
ModuleNotFoundError: No module named 'ESMF'
Traceback (most recent call last):
  File "/home/vdemeyer/py3/lib/python3.11/site-packages/xesmf/util.py", line 8, in <module>
    import esmpy as ESMF
ModuleNotFoundError: No module named 'esmpy'

During handling of the above exception, another exception occurred:

Traceback (most recent call last):
  File "/home/vdemeyer/TRACKING/KATJA/POSTPROCESSING/EETCs_stat.py", line 10, in <module>
    import xesmf as xe
  File "/home/vdemeyer/py3/lib/python3.11/site-packages/xesmf/__init__.py", line 3, in <module>
    from . import data, util
  File "/home/vdemeyer/py3/lib/python3.11/site-packages/xesmf/util.py", line 10, in <module>
    import ESMF
ModuleNotFoundError: No module named 'ESMF'
Traceback (most recent call last):
  File "/home/vdemeyer/py3/lib/python3.11/site-packages/xesmf/util.py", line 8, in <module>
    import esmpy as ESMF
ModuleNotFoundError: No module named 'esmpy'

During handling of the above exception, another exception occurred:

Traceback (most recent call last):
  File "/home/vdemeyer/TRACKING/KATJA/POSTPROCESSING/EETCs_stat.py", line 10, in <module>
    import xesmf as xe
  File "/home/vdemeyer/py3/lib/python3.11/site-packages/xesmf/__init__.py", line 3, in <module>
    from . import data, util
  File "/home/vdemeyer/py3/lib/python3.11/site-packages/xesmf/util.py", line 10, in <module>
    import ESMF
ModuleNotFoundError: No module named 'ESMF'
#executed by process	9 in 0.487088s	with status	1 : python /home/vdemeyer/TRACKING/KATJA/POSTPROCESSING/EETCs_stat.py 1995 --sim UBD --metric ratio
#executed by process	3 in 0.519877s	with status	1 : python /home/vdemeyer/TRACKING/KATJA/POSTPROCESSING/EETCs_stat.py 1994 --sim UBD --metric ratio
#executed by process	4 in 0.519865s	with status	1 : python /home/vdemeyer/TRACKING/KATJA/POSTPROCESSING/EETCs_stat.py 1993 --sim UBD --metric ratio
#executed by process	5 in 0.519913s	with status	1 : python /home/vdemeyer/TRACKING/KATJA/POSTPROCESSING/EETCs_stat.py 1992 --sim UBD --metric ratio
#executed by process	6 in 0.519482s	with status	1 : python /home/vdemeyer/TRACKING/KATJA/POSTPROCESSING/EETCs_stat.py 1991 --sim UBD --metric ratio
Traceback (most recent call last):
  File "/home/vdemeyer/py3/lib/python3.11/site-packages/xesmf/util.py", line 8, in <module>
    import esmpy as ESMF
ModuleNotFoundError: No module named 'esmpy'

During handling of the above exception, another exception occurred:

Traceback (most recent call last):
  File "/home/vdemeyer/TRACKING/KATJA/POSTPROCESSING/EETCs_stat.py", line 10, in <module>
    import xesmf as xe
  File "/home/vdemeyer/py3/lib/python3.11/site-packages/xesmf/__init__.py", line 3, in <module>
    from . import data, util
  File "/home/vdemeyer/py3/lib/python3.11/site-packages/xesmf/util.py", line 10, in <module>
    import ESMF
ModuleNotFoundError: No module named 'ESMF'
Traceback (most recent call last):
  File "/home/vdemeyer/py3/lib/python3.11/site-packages/xesmf/util.py", line 8, in <module>
    import esmpy as ESMF
ModuleNotFoundError: No module named 'esmpy'

During handling of the above exception, another exception occurred:

Traceback (most recent call last):
  File "/home/vdemeyer/TRACKING/KATJA/POSTPROCESSING/EETCs_stat.py", line 10, in <module>
    import xesmf as xe
  File "/home/vdemeyer/py3/lib/python3.11/site-packages/xesmf/__init__.py", line 3, in <module>
    from . import data, util
  File "/home/vdemeyer/py3/lib/python3.11/site-packages/xesmf/util.py", line 10, in <module>
    import ESMF
ModuleNotFoundError: No module named 'ESMF'
Traceback (most recent call last):
  File "/home/vdemeyer/py3/lib/python3.11/site-packages/xesmf/util.py", line 8, in <module>
    import esmpy as ESMF
ModuleNotFoundError: No module named 'esmpy'

During handling of the above exception, another exception occurred:

Traceback (most recent call last):
  File "/home/vdemeyer/TRACKING/KATJA/POSTPROCESSING/EETCs_stat.py", line 10, in <module>
    import xesmf as xe
  File "/home/vdemeyer/py3/lib/python3.11/site-packages/xesmf/__init__.py", line 3, in <module>
    from . import data, util
  File "/home/vdemeyer/py3/lib/python3.11/site-packages/xesmf/util.py", line 10, in <module>
    import ESMF
ModuleNotFoundError: No module named 'ESMF'
Traceback (most recent call last):
  File "/home/vdemeyer/py3/lib/python3.11/site-packages/xesmf/util.py", line 8, in <module>
    import esmpy as ESMF
ModuleNotFoundError: No module named 'esmpy'

During handling of the above exception, another exception occurred:

Traceback (most recent call last):
  File "/home/vdemeyer/TRACKING/KATJA/POSTPROCESSING/EETCs_stat.py", line 10, in <module>
    import xesmf as xe
  File "/home/vdemeyer/py3/lib/python3.11/site-packages/xesmf/__init__.py", line 3, in <module>
    from . import data, util
  File "/home/vdemeyer/py3/lib/python3.11/site-packages/xesmf/util.py", line 10, in <module>
    import ESMF
ModuleNotFoundError: No module named 'ESMF'
#executed by process	1 in 0.555088s	with status	1 : python /home/vdemeyer/TRACKING/KATJA/POSTPROCESSING/EETCs_stat.py 1997 --sim UBD --metric ratio
#executed by process	2 in 0.555574s	with status	1 : python /home/vdemeyer/TRACKING/KATJA/POSTPROCESSING/EETCs_stat.py 1996 --sim UBD --metric ratio
Traceback (most recent call last):
  File "/home/vdemeyer/py3/lib/python3.11/site-packages/xesmf/util.py", line 8, in <module>
    import esmpy as ESMF
ModuleNotFoundError: No module named 'esmpy'

During handling of the above exception, another exception occurred:

Traceback (most recent call last):
  File "/home/vdemeyer/TRACKING/KATJA/POSTPROCESSING/EETCs_stat.py", line 10, in <module>
    import xesmf as xe
  File "/home/vdemeyer/py3/lib/python3.11/site-packages/xesmf/__init__.py", line 3, in <module>
    from . import data, util
  File "/home/vdemeyer/py3/lib/python3.11/site-packages/xesmf/util.py", line 10, in <module>
    import ESMF
ModuleNotFoundError: No module named 'ESMF'
#executed by process	7 in 0.504461s	with status	1 : python /home/vdemeyer/TRACKING/KATJA/POSTPROCESSING/EETCs_stat.py 1998 --sim UBD --metric ratio
#executed by process	8 in 0.504455s	with status	1 : python /home/vdemeyer/TRACKING/KATJA/POSTPROCESSING/EETCs_stat.py 1999 --sim UBD --metric ratio
Traceback (most recent call last):
  File "/home/vdemeyer/py3/lib/python3.11/site-packages/xesmf/util.py", line 8, in <module>
    import esmpy as ESMF
ModuleNotFoundError: No module named 'esmpy'

During handling of the above exception, another exception occurred:

Traceback (most recent call last):
  File "/home/vdemeyer/TRACKING/KATJA/POSTPROCESSING/EETCs_stat.py", line 10, in <module>
    import xesmf as xe
  File "/home/vdemeyer/py3/lib/python3.11/site-packages/xesmf/__init__.py", line 3, in <module>
    from . import data, util
  File "/home/vdemeyer/py3/lib/python3.11/site-packages/xesmf/util.py", line 10, in <module>
    import ESMF
ModuleNotFoundError: No module named 'ESMF'
Traceback (most recent call last):
  File "/home/vdemeyer/py3/lib/python3.11/site-packages/xesmf/util.py", line 8, in <module>
    import esmpy as ESMF
ModuleNotFoundError: No module named 'esmpy'

During handling of the above exception, another exception occurred:

Traceback (most recent call last):
  File "/home/vdemeyer/TRACKING/KATJA/POSTPROCESSING/EETCs_stat.py", line 10, in <module>
    import xesmf as xe
  File "/home/vdemeyer/py3/lib/python3.11/site-packages/xesmf/__init__.py", line 3, in <module>
    from . import data, util
  File "/home/vdemeyer/py3/lib/python3.11/site-packages/xesmf/util.py", line 10, in <module>
    import ESMF
ModuleNotFoundError: No module named 'ESMF'
Traceback (most recent call last):
  File "/home/vdemeyer/py3/lib/python3.11/site-packages/xesmf/util.py", line 8, in <module>
    import esmpy as ESMF
ModuleNotFoundError: No module named 'esmpy'

During handling of the above exception, another exception occurred:

Traceback (most recent call last):
  File "/home/vdemeyer/TRACKING/KATJA/POSTPROCESSING/EETCs_stat.py", line 10, in <module>
    import xesmf as xe
  File "/home/vdemeyer/py3/lib/python3.11/site-packages/xesmf/__init__.py", line 3, in <module>
    from . import data, util
  File "/home/vdemeyer/py3/lib/python3.11/site-packages/xesmf/util.py", line 10, in <module>
    import ESMF
ModuleNotFoundError: No module named 'ESMF'
Traceback (most recent call last):
  File "/home/vdemeyer/py3/lib/python3.11/site-packages/xesmf/util.py", line 8, in <module>
    import esmpy as ESMF
ModuleNotFoundError: No module named 'esmpy'

During handling of the above exception, another exception occurred:

Traceback (most recent call last):
  File "/home/vdemeyer/TRACKING/KATJA/POSTPROCESSING/EETCs_stat.py", line 10, in <module>
    import xesmf as xe
  File "/home/vdemeyer/py3/lib/python3.11/site-packages/xesmf/__init__.py", line 3, in <module>
    from . import data, util
  File "/home/vdemeyer/py3/lib/python3.11/site-packages/xesmf/util.py", line 10, in <module>
    import ESMF
ModuleNotFoundError: No module named 'ESMF'
#executed by process	9 in 0.479591s	with status	1 : python /home/vdemeyer/TRACKING/KATJA/POSTPROCESSING/EETCs_stat.py 2000 --sim UBD --metric ratio
#executed by process	3 in 0.521894s	with status	1 : python /home/vdemeyer/TRACKING/KATJA/POSTPROCESSING/EETCs_stat.py 2003 --sim UBD --metric ratio
#executed by process	4 in 0.521894s	with status	1 : python /home/vdemeyer/TRACKING/KATJA/POSTPROCESSING/EETCs_stat.py 2004 --sim UBD --metric ratio
#executed by process	5 in 0.522489s	with status	1 : python /home/vdemeyer/TRACKING/KATJA/POSTPROCESSING/EETCs_stat.py 2002 --sim UBD --metric ratio
#executed by process	6 in 0.522924s	with status	1 : python /home/vdemeyer/TRACKING/KATJA/POSTPROCESSING/EETCs_stat.py 2001 --sim UBD --metric ratio
Traceback (most recent call last):
  File "/home/vdemeyer/py3/lib/python3.11/site-packages/xesmf/util.py", line 8, in <module>
    import esmpy as ESMF
ModuleNotFoundError: No module named 'esmpy'

During handling of the above exception, another exception occurred:

Traceback (most recent call last):
  File "/home/vdemeyer/TRACKING/KATJA/POSTPROCESSING/EETCs_stat.py", line 10, in <module>
    import xesmf as xe
  File "/home/vdemeyer/py3/lib/python3.11/site-packages/xesmf/__init__.py", line 3, in <module>
    from . import data, util
  File "/home/vdemeyer/py3/lib/python3.11/site-packages/xesmf/util.py", line 10, in <module>
    import ESMF
ModuleNotFoundError: No module named 'ESMF'
Traceback (most recent call last):
  File "/home/vdemeyer/py3/lib/python3.11/site-packages/xesmf/util.py", line 8, in <module>
    import esmpy as ESMF
ModuleNotFoundError: No module named 'esmpy'

During handling of the above exception, another exception occurred:

Traceback (most recent call last):
  File "/home/vdemeyer/TRACKING/KATJA/POSTPROCESSING/EETCs_stat.py", line 10, in <module>
    import xesmf as xe
  File "/home/vdemeyer/py3/lib/python3.11/site-packages/xesmf/__init__.py", line 3, in <module>
    from . import data, util
  File "/home/vdemeyer/py3/lib/python3.11/site-packages/xesmf/util.py", line 10, in <module>
    import ESMF
ModuleNotFoundError: No module named 'ESMF'
Traceback (most recent call last):
  File "/home/vdemeyer/py3/lib/python3.11/site-packages/xesmf/util.py", line 8, in <module>
    import esmpy as ESMF
ModuleNotFoundError: No module named 'esmpy'

During handling of the above exception, another exception occurred:

Traceback (most recent call last):
  File "/home/vdemeyer/TRACKING/KATJA/POSTPROCESSING/EETCs_stat.py", line 10, in <module>
    import xesmf as xe
  File "/home/vdemeyer/py3/lib/python3.11/site-packages/xesmf/__init__.py", line 3, in <module>
    from . import data, util
  File "/home/vdemeyer/py3/lib/python3.11/site-packages/xesmf/util.py", line 10, in <module>
    import ESMF
ModuleNotFoundError: No module named 'ESMF'
Traceback (most recent call last):
  File "/home/vdemeyer/py3/lib/python3.11/site-packages/xesmf/util.py", line 8, in <module>
    import esmpy as ESMF
ModuleNotFoundError: No module named 'esmpy'

During handling of the above exception, another exception occurred:

Traceback (most recent call last):
  File "/home/vdemeyer/TRACKING/KATJA/POSTPROCESSING/EETCs_stat.py", line 10, in <module>
    import xesmf as xe
  File "/home/vdemeyer/py3/lib/python3.11/site-packages/xesmf/__init__.py", line 3, in <module>
    from . import data, util
  File "/home/vdemeyer/py3/lib/python3.11/site-packages/xesmf/util.py", line 10, in <module>
    import ESMF
ModuleNotFoundError: No module named 'ESMF'
Traceback (most recent call last):
  File "/home/vdemeyer/py3/lib/python3.11/site-packages/xesmf/util.py", line 8, in <module>
    import esmpy as ESMF
ModuleNotFoundError: No module named 'esmpy'

During handling of the above exception, another exception occurred:

Traceback (most recent call last):
  File "/home/vdemeyer/TRACKING/KATJA/POSTPROCESSING/EETCs_stat.py", line 10, in <module>
    import xesmf as xe
  File "/home/vdemeyer/py3/lib/python3.11/site-packages/xesmf/__init__.py", line 3, in <module>
    from . import data, util
  File "/home/vdemeyer/py3/lib/python3.11/site-packages/xesmf/util.py", line 10, in <module>
    import ESMF
ModuleNotFoundError: No module named 'ESMF'
#executed by process	7 in 0.509059s	with status	1 : python /home/vdemeyer/TRACKING/KATJA/POSTPROCESSING/EETCs_stat.py 2007 --sim UBD --metric ratio
#executed by process	8 in 0.509058s	with status	1 : python /home/vdemeyer/TRACKING/KATJA/POSTPROCESSING/EETCs_stat.py 2008 --sim UBD --metric ratio
#executed by process	1 in 0.557912s	with status	1 : python /home/vdemeyer/TRACKING/KATJA/POSTPROCESSING/EETCs_stat.py 2005 --sim UBD --metric ratio
#executed by process	2 in 0.557461s	with status	1 : python /home/vdemeyer/TRACKING/KATJA/POSTPROCESSING/EETCs_stat.py 2006 --sim UBD --metric ratio
Traceback (most recent call last):
  File "/home/vdemeyer/py3/lib/python3.11/site-packages/xesmf/util.py", line 8, in <module>
    import esmpy as ESMF
ModuleNotFoundError: No module named 'esmpy'

During handling of the above exception, another exception occurred:

Traceback (most recent call last):
  File "/home/vdemeyer/TRACKING/KATJA/POSTPROCESSING/EETCs_stat.py", line 10, in <module>
    import xesmf as xe
  File "/home/vdemeyer/py3/lib/python3.11/site-packages/xesmf/__init__.py", line 3, in <module>
    from . import data, util
  File "/home/vdemeyer/py3/lib/python3.11/site-packages/xesmf/util.py", line 10, in <module>
    import ESMF
ModuleNotFoundError: No module named 'ESMF'
Traceback (most recent call last):
  File "/home/vdemeyer/py3/lib/python3.11/site-packages/xesmf/util.py", line 8, in <module>
    import esmpy as ESMF
ModuleNotFoundError: No module named 'esmpy'

During handling of the above exception, another exception occurred:

Traceback (most recent call last):
  File "/home/vdemeyer/TRACKING/KATJA/POSTPROCESSING/EETCs_stat.py", line 10, in <module>
    import xesmf as xe
  File "/home/vdemeyer/py3/lib/python3.11/site-packages/xesmf/__init__.py", line 3, in <module>
    from . import data, util
  File "/home/vdemeyer/py3/lib/python3.11/site-packages/xesmf/util.py", line 10, in <module>
    import ESMF
ModuleNotFoundError: No module named 'ESMF'
Traceback (most recent call last):
  File "/home/vdemeyer/py3/lib/python3.11/site-packages/xesmf/util.py", line 8, in <module>
    import esmpy as ESMF
ModuleNotFoundError: No module named 'esmpy'

During handling of the above exception, another exception occurred:

Traceback (most recent call last):
  File "/home/vdemeyer/TRACKING/KATJA/POSTPROCESSING/EETCs_stat.py", line 10, in <module>
    import xesmf as xe
  File "/home/vdemeyer/py3/lib/python3.11/site-packages/xesmf/__init__.py", line 3, in <module>
    from . import data, util
  File "/home/vdemeyer/py3/lib/python3.11/site-packages/xesmf/util.py", line 10, in <module>
    import ESMF
ModuleNotFoundError: No module named 'ESMF'
Traceback (most recent call last):
  File "/home/vdemeyer/py3/lib/python3.11/site-packages/xesmf/util.py", line 8, in <module>
    import esmpy as ESMF
ModuleNotFoundError: No module named 'esmpy'

During handling of the above exception, another exception occurred:

Traceback (most recent call last):
  File "/home/vdemeyer/TRACKING/KATJA/POSTPROCESSING/EETCs_stat.py", line 10, in <module>
    import xesmf as xe
  File "/home/vdemeyer/py3/lib/python3.11/site-packages/xesmf/__init__.py", line 3, in <module>
    from . import data, util
  File "/home/vdemeyer/py3/lib/python3.11/site-packages/xesmf/util.py", line 10, in <module>
    import ESMF
ModuleNotFoundError: No module named 'ESMF'
#executed by process	9 in 0.50817s	with status	1 : python /home/vdemeyer/TRACKING/KATJA/POSTPROCESSING/EETCs_stat.py 2009 --sim UBD --metric ratio
#executed by process	4 in 0.508436s	with status	1 : python /home/vdemeyer/TRACKING/KATJA/POSTPROCESSING/EETCs_stat.py 2010 --sim UBD --metric ratio
#executed by process	5 in 0.510584s	with status	1 : python /home/vdemeyer/TRACKING/KATJA/POSTPROCESSING/EETCs_stat.py 2012 --sim UBD --metric ratio
#executed by process	6 in 0.510583s	with status	1 : python /home/vdemeyer/TRACKING/KATJA/POSTPROCESSING/EETCs_stat.py 2013 --sim UBD --metric ratio
#executed by process	3 in 0.522896s	with status	1 : python /home/vdemeyer/TRACKING/KATJA/POSTPROCESSING/EETCs_stat.py 2011 --sim UBD --metric ratio
Traceback (most recent call last):
  File "/home/vdemeyer/py3/lib/python3.11/site-packages/xesmf/util.py", line 8, in <module>
    import esmpy as ESMF
ModuleNotFoundError: No module named 'esmpy'

During handling of the above exception, another exception occurred:

Traceback (most recent call last):
  File "/home/vdemeyer/TRACKING/KATJA/POSTPROCESSING/EETCs_stat.py", line 10, in <module>
    import xesmf as xe
  File "/home/vdemeyer/py3/lib/python3.11/site-packages/xesmf/__init__.py", line 3, in <module>
    from . import data, util
Traceback (most recent call last):
  File "/home/vdemeyer/py3/lib/python3.11/site-packages/xesmf/util.py", line 8, in <module>
    import esmpy as ESMF
ModuleNotFoundError: No module named 'esmpy'

During handling of the above exception, another exception occurred:

Traceback (most recent call last):
  File "/home/vdemeyer/TRACKING/KATJA/POSTPROCESSING/EETCs_stat.py", line 10, in <module>
    import xesmf as xe
  File "/home/vdemeyer/py3/lib/python3.11/site-packages/xesmf/__init__.py", line 3, in <module>
    from . import data, util
  File "/home/vdemeyer/py3/lib/python3.11/site-packages/xesmf/util.py", line 10, in <module>
    import ESMF
ModuleNotFoundError: No module named 'ESMF'
  File "/home/vdemeyer/py3/lib/python3.11/site-packages/xesmf/util.py", line 10, in <module>
    import ESMF
ModuleNotFoundError: No module named 'ESMF'
Traceback (most recent call last):
  File "/home/vdemeyer/py3/lib/python3.11/site-packages/xesmf/util.py", line 8, in <module>
    import esmpy as ESMF
ModuleNotFoundError: No module named 'esmpy'

During handling of the above exception, another exception occurred:

Traceback (most recent call last):
  File "/home/vdemeyer/py3/lib/python3.11/site-packages/xesmf/util.py", line 8, in <module>
Traceback (most recent call last):
  File "/home/vdemeyer/TRACKING/KATJA/POSTPROCESSING/EETCs_stat.py", line 10, in <module>
    import xesmf as xe
  File "/home/vdemeyer/py3/lib/python3.11/site-packages/xesmf/__init__.py", line 3, in <module>
    from . import data, util
  File "/home/vdemeyer/py3/lib/python3.11/site-packages/xesmf/util.py", line 10, in <module>
    import ESMF
ModuleNotFoundError: No module named 'ESMF'
    import esmpy as ESMF
ModuleNotFoundError: No module named 'esmpy'

During handling of the above exception, another exception occurred:

Traceback (most recent call last):
  File "/home/vdemeyer/TRACKING/KATJA/POSTPROCESSING/EETCs_stat.py", line 10, in <module>
    import xesmf as xe
  File "/home/vdemeyer/py3/lib/python3.11/site-packages/xesmf/__init__.py", line 3, in <module>
    from . import data, util
  File "/home/vdemeyer/py3/lib/python3.11/site-packages/xesmf/util.py", line 10, in <module>
    import ESMF
ModuleNotFoundError: No module named 'ESMF'
Traceback (most recent call last):
  File "/home/vdemeyer/py3/lib/python3.11/site-packages/xesmf/util.py", line 8, in <module>
    import esmpy as ESMF
ModuleNotFoundError: No module named 'esmpy'

During handling of the above exception, another exception occurred:

Traceback (most recent call last):
  File "/home/vdemeyer/TRACKING/KATJA/POSTPROCESSING/EETCs_stat.py", line 10, in <module>
    import xesmf as xe
  File "/home/vdemeyer/py3/lib/python3.11/site-packages/xesmf/__init__.py", line 3, in <module>
    from . import data, util
  File "/home/vdemeyer/py3/lib/python3.11/site-packages/xesmf/util.py", line 10, in <module>
    import ESMF
ModuleNotFoundError: No module named 'ESMF'
#executed by process	7 in 0.506523s	with status	1 : python /home/vdemeyer/TRACKING/KATJA/POSTPROCESSING/EETCs_stat.py 2014 --sim UBD --metric ratio
#executed by process	8 in 0.506521s	with status	1 : python /home/vdemeyer/TRACKING/KATJA/POSTPROCESSING/EETCs_stat.py 1979 --sim UBE --metric ratio
#executed by process	9 in 0.482527s	with status	1 : python /home/vdemeyer/TRACKING/KATJA/POSTPROCESSING/EETCs_stat.py 1982 --sim UBE --metric ratio
Traceback (most recent call last):
  File "/home/vdemeyer/py3/lib/python3.11/site-packages/xesmf/util.py", line 8, in <module>
    import esmpy as ESMF
ModuleNotFoundError: No module named 'esmpy'

During handling of the above exception, another exception occurred:

Traceback (most recent call last):
  File "/home/vdemeyer/TRACKING/KATJA/POSTPROCESSING/EETCs_stat.py", line 10, in <module>
    import xesmf as xe
  File "/home/vdemeyer/py3/lib/python3.11/site-packages/xesmf/__init__.py", line 3, in <module>
    from . import data, util
  File "/home/vdemeyer/py3/lib/python3.11/site-packages/xesmf/util.py", line 10, in <module>
    import ESMF
ModuleNotFoundError: No module named 'ESMF'
Traceback (most recent call last):
  File "/home/vdemeyer/py3/lib/python3.11/site-packages/xesmf/util.py", line 8, in <module>
    import esmpy as ESMF
ModuleNotFoundError: No module named 'esmpy'

During handling of the above exception, another exception occurred:

Traceback (most recent call last):
  File "/home/vdemeyer/TRACKING/KATJA/POSTPROCESSING/EETCs_stat.py", line 10, in <module>
    import xesmf as xe
  File "/home/vdemeyer/py3/lib/python3.11/site-packages/xesmf/__init__.py", line 3, in <module>
    from . import data, util
  File "/home/vdemeyer/py3/lib/python3.11/site-packages/xesmf/util.py", line 10, in <module>
    import ESMF
ModuleNotFoundError: No module named 'ESMF'
Traceback (most recent call last):
  File "/home/vdemeyer/py3/lib/python3.11/site-packages/xesmf/util.py", line 8, in <module>
    import esmpy as ESMF
ModuleNotFoundError: No module named 'esmpy'

During handling of the above exception, another exception occurred:

Traceback (most recent call last):
  File "/home/vdemeyer/TRACKING/KATJA/POSTPROCESSING/EETCs_stat.py", line 10, in <module>
    import xesmf as xe
  File "/home/vdemeyer/py3/lib/python3.11/site-packages/xesmf/__init__.py", line 3, in <module>
    from . import data, util
  File "/home/vdemeyer/py3/lib/python3.11/site-packages/xesmf/util.py", line 10, in <module>
    import ESMF
ModuleNotFoundError: No module named 'ESMF'
Traceback (most recent call last):
  File "/home/vdemeyer/py3/lib/python3.11/site-packages/xesmf/util.py", line 8, in <module>
    import esmpy as ESMF
ModuleNotFoundError: No module named 'esmpy'

During handling of the above exception, another exception occurred:

Traceback (most recent call last):
  File "/home/vdemeyer/TRACKING/KATJA/POSTPROCESSING/EETCs_stat.py", line 10, in <module>
    import xesmf as xe
  File "/home/vdemeyer/py3/lib/python3.11/site-packages/xesmf/__init__.py", line 3, in <module>
    from . import data, util
  File "/home/vdemeyer/py3/lib/python3.11/site-packages/xesmf/util.py", line 10, in <module>
    import ESMF
ModuleNotFoundError: No module named 'ESMF'
#executed by process	1 in 0.538747s	with status	1 : python /home/vdemeyer/TRACKING/KATJA/POSTPROCESSING/EETCs_stat.py 1981 --sim UBE --metric ratio
#executed by process	2 in 0.538749s	with status	1 : python /home/vdemeyer/TRACKING/KATJA/POSTPROCESSING/EETCs_stat.py 1980 --sim UBE --metric ratio
#executed by process	4 in 0.507285s	with status	1 : python /home/vdemeyer/TRACKING/KATJA/POSTPROCESSING/EETCs_stat.py 1983 --sim UBE --metric ratio
#executed by process	5 in 0.508671s	with status	1 : python /home/vdemeyer/TRACKING/KATJA/POSTPROCESSING/EETCs_stat.py 1985 --sim UBE --metric ratio
#executed by process	6 in 0.508675s	with status	1 : python /home/vdemeyer/TRACKING/KATJA/POSTPROCESSING/EETCs_stat.py 1984 --sim UBE --metric ratio
#executed by process	3 in 0.510906s	with status	1 : python /home/vdemeyer/TRACKING/KATJA/POSTPROCESSING/EETCs_stat.py 1986 --sim UBE --metric ratio
Traceback (most recent call last):
  File "/home/vdemeyer/py3/lib/python3.11/site-packages/xesmf/util.py", line 8, in <module>
    import esmpy as ESMF
ModuleNotFoundError: No module named 'esmpy'

During handling of the above exception, another exception occurred:

Traceback (most recent call last):
  File "/home/vdemeyer/TRACKING/KATJA/POSTPROCESSING/EETCs_stat.py", line 10, in <module>
    import xesmf as xe
  File "/home/vdemeyer/py3/lib/python3.11/site-packages/xesmf/__init__.py", line 3, in <module>
    from . import data, util
  File "/home/vdemeyer/py3/lib/python3.11/site-packages/xesmf/util.py", line 10, in <module>
    import ESMF
ModuleNotFoundError: No module named 'ESMF'
Traceback (most recent call last):
  File "/home/vdemeyer/py3/lib/python3.11/site-packages/xesmf/util.py", line 8, in <module>
    import esmpy as ESMF
ModuleNotFoundError: No module named 'esmpy'

During handling of the above exception, another exception occurred:

Traceback (most recent call last):
  File "/home/vdemeyer/TRACKING/KATJA/POSTPROCESSING/EETCs_stat.py", line 10, in <module>
    import xesmf as xe
  File "/home/vdemeyer/py3/lib/python3.11/site-packages/xesmf/__init__.py", line 3, in <module>
    from . import data, util
  File "/home/vdemeyer/py3/lib/python3.11/site-packages/xesmf/util.py", line 10, in <module>
    import ESMF
ModuleNotFoundError: No module named 'ESMF'
Traceback (most recent call last):
  File "/home/vdemeyer/py3/lib/python3.11/site-packages/xesmf/util.py", line 8, in <module>
    import esmpy as ESMF
ModuleNotFoundError: No module named 'esmpy'

During handling of the above exception, another exception occurred:

Traceback (most recent call last):
  File "/home/vdemeyer/TRACKING/KATJA/POSTPROCESSING/EETCs_stat.py", line 10, in <module>
    import xesmf as xe
  File "/home/vdemeyer/py3/lib/python3.11/site-packages/xesmf/__init__.py", line 3, in <module>
    from . import data, util
  File "/home/vdemeyer/py3/lib/python3.11/site-packages/xesmf/util.py", line 10, in <module>
    import ESMF
ModuleNotFoundError: No module named 'ESMF'
Traceback (most recent call last):
  File "/home/vdemeyer/py3/lib/python3.11/site-packages/xesmf/util.py", line 8, in <module>
    import esmpy as ESMF
ModuleNotFoundError: No module named 'esmpy'

During handling of the above exception, another exception occurred:

Traceback (most recent call last):
  File "/home/vdemeyer/TRACKING/KATJA/POSTPROCESSING/EETCs_stat.py", line 10, in <module>
    import xesmf as xe
  File "/home/vdemeyer/py3/lib/python3.11/site-packages/xesmf/__init__.py", line 3, in <module>
    from . import data, util
  File "/home/vdemeyer/py3/lib/python3.11/site-packages/xesmf/util.py", line 10, in <module>
    import ESMF
ModuleNotFoundError: No module named 'ESMF'
Traceback (most recent call last):
  File "/home/vdemeyer/py3/lib/python3.11/site-packages/xesmf/util.py", line 8, in <module>
    import esmpy as ESMF
ModuleNotFoundError: No module named 'esmpy'

During handling of the above exception, another exception occurred:

Traceback (most recent call last):
  File "/home/vdemeyer/TRACKING/KATJA/POSTPROCESSING/EETCs_stat.py", line 10, in <module>
    import xesmf as xe
  File "/home/vdemeyer/py3/lib/python3.11/site-packages/xesmf/__init__.py", line 3, in <module>
    from . import data, util
  File "/home/vdemeyer/py3/lib/python3.11/site-packages/xesmf/util.py", line 10, in <module>
    import ESMF
ModuleNotFoundError: No module named 'ESMF'
#executed by process	9 in 0.479243s	with status	1 : python /home/vdemeyer/TRACKING/KATJA/POSTPROCESSING/EETCs_stat.py 1989 --sim UBE --metric ratio
#executed by process	7 in 0.509424s	with status	1 : python /home/vdemeyer/TRACKING/KATJA/POSTPROCESSING/EETCs_stat.py 1987 --sim UBE --metric ratio
#executed by process	8 in 0.509424s	with status	1 : python /home/vdemeyer/TRACKING/KATJA/POSTPROCESSING/EETCs_stat.py 1988 --sim UBE --metric ratio
Traceback (most recent call last):
  File "/home/vdemeyer/py3/lib/python3.11/site-packages/xesmf/util.py", line 8, in <module>
    import esmpy as ESMF
ModuleNotFoundError: No module named 'esmpy'

During handling of the above exception, another exception occurred:

Traceback (most recent call last):
  File "/home/vdemeyer/TRACKING/KATJA/POSTPROCESSING/EETCs_stat.py", line 10, in <module>
    import xesmf as xe
  File "/home/vdemeyer/py3/lib/python3.11/site-packages/xesmf/__init__.py", line 3, in <module>
    from . import data, util
  File "/home/vdemeyer/py3/lib/python3.11/site-packages/xesmf/util.py", line 10, in <module>
    import ESMF
ModuleNotFoundError: No module named 'ESMF'
Traceback (most recent call last):
  File "/home/vdemeyer/py3/lib/python3.11/site-packages/xesmf/util.py", line 8, in <module>
    import esmpy as ESMF
ModuleNotFoundError: No module named 'esmpy'

During handling of the above exception, another exception occurred:

Traceback (most recent call last):
  File "/home/vdemeyer/TRACKING/KATJA/POSTPROCESSING/EETCs_stat.py", line 10, in <module>
    import xesmf as xe
  File "/home/vdemeyer/py3/lib/python3.11/site-packages/xesmf/__init__.py", line 3, in <module>
Traceback (most recent call last):
  File "/home/vdemeyer/py3/lib/python3.11/site-packages/xesmf/util.py", line 8, in <module>
    import esmpy as ESMF
ModuleNotFoundError: No module named 'esmpy'

During handling of the above exception, another exception occurred:

Traceback (most recent call last):
  File "/home/vdemeyer/TRACKING/KATJA/POSTPROCESSING/EETCs_stat.py", line 10, in <module>
    import xesmf as xe
  File "/home/vdemeyer/py3/lib/python3.11/site-packages/xesmf/__init__.py", line 3, in <module>
    from . import data, util
    from . import data, util
  File "/home/vdemeyer/py3/lib/python3.11/site-packages/xesmf/util.py", line 10, in <module>
  File "/home/vdemeyer/py3/lib/python3.11/site-packages/xesmf/util.py", line 10, in <module>
    import ESMF
ModuleNotFoundError: No module named 'ESMF'
    import ESMF
ModuleNotFoundError: No module named 'ESMF'
Traceback (most recent call last):
  File "/home/vdemeyer/py3/lib/python3.11/site-packages/xesmf/util.py", line 8, in <module>
    import esmpy as ESMF
ModuleNotFoundError: No module named 'esmpy'

During handling of the above exception, another exception occurred:

Traceback (most recent call last):
  File "/home/vdemeyer/TRACKING/KATJA/POSTPROCESSING/EETCs_stat.py", line 10, in <module>
    import xesmf as xe
  File "/home/vdemeyer/py3/lib/python3.11/site-packages/xesmf/__init__.py", line 3, in <module>
    from . import data, util
  File "/home/vdemeyer/py3/lib/python3.11/site-packages/xesmf/util.py", line 10, in <module>
    import ESMF
ModuleNotFoundError: No module named 'ESMF'
#executed by process	1 in 0.537828s	with status	1 : python /home/vdemeyer/TRACKING/KATJA/POSTPROCESSING/EETCs_stat.py 1990 --sim UBE --metric ratio
#executed by process	2 in 0.537828s	with status	1 : python /home/vdemeyer/TRACKING/KATJA/POSTPROCESSING/EETCs_stat.py 1991 --sim UBE --metric ratio
#executed by process	4 in 0.509209s	with status	1 : python /home/vdemeyer/TRACKING/KATJA/POSTPROCESSING/EETCs_stat.py 1992 --sim UBE --metric ratio
#executed by process	5 in 0.507307s	with status	1 : python /home/vdemeyer/TRACKING/KATJA/POSTPROCESSING/EETCs_stat.py 1994 --sim UBE --metric ratio
#executed by process	6 in 0.507307s	with status	1 : python /home/vdemeyer/TRACKING/KATJA/POSTPROCESSING/EETCs_stat.py 1993 --sim UBE --metric ratio
#executed by process	3 in 0.499877s	with status	1 : python /home/vdemeyer/TRACKING/KATJA/POSTPROCESSING/EETCs_stat.py 1995 --sim UBE --metric ratio
Traceback (most recent call last):
  File "/home/vdemeyer/py3/lib/python3.11/site-packages/xesmf/util.py", line 8, in <module>
    import esmpy as ESMF
ModuleNotFoundError: No module named 'esmpy'

During handling of the above exception, another exception occurred:

Traceback (most recent call last):
  File "/home/vdemeyer/TRACKING/KATJA/POSTPROCESSING/EETCs_stat.py", line 10, in <module>
    import xesmf as xe
  File "/home/vdemeyer/py3/lib/python3.11/site-packages/xesmf/__init__.py", line 3, in <module>
    from . import data, util
  File "/home/vdemeyer/py3/lib/python3.11/site-packages/xesmf/util.py", line 10, in <module>
    import ESMF
ModuleNotFoundError: No module named 'ESMF'
Traceback (most recent call last):
  File "/home/vdemeyer/py3/lib/python3.11/site-packages/xesmf/util.py", line 8, in <module>
    import esmpy as ESMF
ModuleNotFoundError: No module named 'esmpy'

During handling of the above exception, another exception occurred:

Traceback (most recent call last):
  File "/home/vdemeyer/TRACKING/KATJA/POSTPROCESSING/EETCs_stat.py", line 10, in <module>
    import xesmf as xe
  File "/home/vdemeyer/py3/lib/python3.11/site-packages/xesmf/__init__.py", line 3, in <module>
    from . import data, util
  File "/home/vdemeyer/py3/lib/python3.11/site-packages/xesmf/util.py", line 10, in <module>
    import ESMF
ModuleNotFoundError: No module named 'ESMF'
Traceback (most recent call last):
  File "/home/vdemeyer/py3/lib/python3.11/site-packages/xesmf/util.py", line 8, in <module>
    import esmpy as ESMF
ModuleNotFoundError: No module named 'esmpy'

During handling of the above exception, another exception occurred:

Traceback (most recent call last):
  File "/home/vdemeyer/TRACKING/KATJA/POSTPROCESSING/EETCs_stat.py", line 10, in <module>
    import xesmf as xe
  File "/home/vdemeyer/py3/lib/python3.11/site-packages/xesmf/__init__.py", line 3, in <module>
    from . import data, util
  File "/home/vdemeyer/py3/lib/python3.11/site-packages/xesmf/util.py", line 10, in <module>
    import ESMF
ModuleNotFoundError: No module named 'ESMF'
#executed by process	9 in 0.469303s	with status	1 : python /home/vdemeyer/TRACKING/KATJA/POSTPROCESSING/EETCs_stat.py 1996 --sim UBE --metric ratio
#executed by process	7 in 0.503084s	with status	1 : python /home/vdemeyer/TRACKING/KATJA/POSTPROCESSING/EETCs_stat.py 1997 --sim UBE --metric ratio
#executed by process	8 in 0.503077s	with status	1 : python /home/vdemeyer/TRACKING/KATJA/POSTPROCESSING/EETCs_stat.py 1998 --sim UBE --metric ratio
Traceback (most recent call last):
  File "/home/vdemeyer/py3/lib/python3.11/site-packages/xesmf/util.py", line 8, in <module>
    import esmpy as ESMF
ModuleNotFoundError: No module named 'esmpy'

During handling of the above exception, another exception occurred:

Traceback (most recent call last):
  File "/home/vdemeyer/TRACKING/KATJA/POSTPROCESSING/EETCs_stat.py", line 10, in <module>
    import xesmf as xe
  File "/home/vdemeyer/py3/lib/python3.11/site-packages/xesmf/__init__.py", line 3, in <module>
    from . import data, util
  File "/home/vdemeyer/py3/lib/python3.11/site-packages/xesmf/util.py", line 10, in <module>
    import ESMF
ModuleNotFoundError: No module named 'ESMF'
Traceback (most recent call last):
  File "/home/vdemeyer/py3/lib/python3.11/site-packages/xesmf/util.py", line 8, in <module>
    import esmpy as ESMF
ModuleNotFoundError: No module named 'esmpy'

During handling of the above exception, another exception occurred:

Traceback (most recent call last):
  File "/home/vdemeyer/TRACKING/KATJA/POSTPROCESSING/EETCs_stat.py", line 10, in <module>
    import xesmf as xe
  File "/home/vdemeyer/py3/lib/python3.11/site-packages/xesmf/__init__.py", line 3, in <module>
    from . import data, util
  File "/home/vdemeyer/py3/lib/python3.11/site-packages/xesmf/util.py", line 10, in <module>
    import ESMF
ModuleNotFoundError: No module named 'ESMF'
Traceback (most recent call last):
  File "/home/vdemeyer/py3/lib/python3.11/site-packages/xesmf/util.py", line 8, in <module>
    import esmpy as ESMF
ModuleNotFoundError: No module named 'esmpy'

During handling of the above exception, another exception occurred:

Traceback (most recent call last):
  File "/home/vdemeyer/TRACKING/KATJA/POSTPROCESSING/EETCs_stat.py", line 10, in <module>
    import xesmf as xe
  File "/home/vdemeyer/py3/lib/python3.11/site-packages/xesmf/__init__.py", line 3, in <module>
    from . import data, util
  File "/home/vdemeyer/py3/lib/python3.11/site-packages/xesmf/util.py", line 10, in <module>
    import ESMF
ModuleNotFoundError: No module named 'ESMF'
Traceback (most recent call last):
  File "/home/vdemeyer/py3/lib/python3.11/site-packages/xesmf/util.py", line 8, in <module>
    import esmpy as ESMF
ModuleNotFoundError: No module named 'esmpy'

During handling of the above exception, another exception occurred:

Traceback (most recent call last):
  File "/home/vdemeyer/TRACKING/KATJA/POSTPROCESSING/EETCs_stat.py", line 10, in <module>
    import xesmf as xe
  File "/home/vdemeyer/py3/lib/python3.11/site-packages/xesmf/__init__.py", line 3, in <module>
    from . import data, util
  File "/home/vdemeyer/py3/lib/python3.11/site-packages/xesmf/util.py", line 10, in <module>
    import ESMF
ModuleNotFoundError: No module named 'ESMF'
Traceback (most recent call last):
  File "/home/vdemeyer/py3/lib/python3.11/site-packages/xesmf/util.py", line 8, in <module>
    import esmpy as ESMF
ModuleNotFoundError: No module named 'esmpy'

During handling of the above exception, another exception occurred:

Traceback (most recent call last):
  File "/home/vdemeyer/TRACKING/KATJA/POSTPROCESSING/EETCs_stat.py", line 10, in <module>
    import xesmf as xe
  File "/home/vdemeyer/py3/lib/python3.11/site-packages/xesmf/__init__.py", line 3, in <module>
    from . import data, util
  File "/home/vdemeyer/py3/lib/python3.11/site-packages/xesmf/util.py", line 10, in <module>
    import ESMF
ModuleNotFoundError: No module named 'ESMF'
Traceback (most recent call last):
  File "/home/vdemeyer/py3/lib/python3.11/site-packages/xesmf/util.py", line 8, in <module>
    import esmpy as ESMF
ModuleNotFoundError: No module named 'esmpy'

During handling of the above exception, another exception occurred:

Traceback (most recent call last):
  File "/home/vdemeyer/TRACKING/KATJA/POSTPROCESSING/EETCs_stat.py", line 10, in <module>
    import xesmf as xe
  File "/home/vdemeyer/py3/lib/python3.11/site-packages/xesmf/__init__.py", line 3, in <module>
    from . import data, util
  File "/home/vdemeyer/py3/lib/python3.11/site-packages/xesmf/util.py", line 10, in <module>
    import ESMF
ModuleNotFoundError: No module named 'ESMF'
#executed by process	1 in 0.540634s	with status	1 : python /home/vdemeyer/TRACKING/KATJA/POSTPROCESSING/EETCs_stat.py 2000 --sim UBE --metric ratio
#executed by process	2 in 0.540634s	with status	1 : python /home/vdemeyer/TRACKING/KATJA/POSTPROCESSING/EETCs_stat.py 1999 --sim UBE --metric ratio
#executed by process	3 in 0.508238s	with status	1 : python /home/vdemeyer/TRACKING/KATJA/POSTPROCESSING/EETCs_stat.py 2004 --sim UBE --metric ratio
#executed by process	4 in 0.516941s	with status	1 : python /home/vdemeyer/TRACKING/KATJA/POSTPROCESSING/EETCs_stat.py 2001 --sim UBE --metric ratio
#executed by process	5 in 0.516203s	with status	1 : python /home/vdemeyer/TRACKING/KATJA/POSTPROCESSING/EETCs_stat.py 2003 --sim UBE --metric ratio
#executed by process	6 in 0.516211s	with status	1 : python /home/vdemeyer/TRACKING/KATJA/POSTPROCESSING/EETCs_stat.py 2002 --sim UBE --metric ratio
Traceback (most recent call last):
  File "/home/vdemeyer/py3/lib/python3.11/site-packages/xesmf/util.py", line 8, in <module>
    import esmpy as ESMF
ModuleNotFoundError: No module named 'esmpy'

During handling of the above exception, another exception occurred:

Traceback (most recent call last):
  File "/home/vdemeyer/TRACKING/KATJA/POSTPROCESSING/EETCs_stat.py", line 10, in <module>
    import xesmf as xe
  File "/home/vdemeyer/py3/lib/python3.11/site-packages/xesmf/__init__.py", line 3, in <module>
    from . import data, util
  File "/home/vdemeyer/py3/lib/python3.11/site-packages/xesmf/util.py", line 10, in <module>
    import ESMF
ModuleNotFoundError: No module named 'ESMF'
Traceback (most recent call last):
  File "/home/vdemeyer/py3/lib/python3.11/site-packages/xesmf/util.py", line 8, in <module>
    import esmpy as ESMF
ModuleNotFoundError: No module named 'esmpy'

During handling of the above exception, another exception occurred:

Traceback (most recent call last):
  File "/home/vdemeyer/TRACKING/KATJA/POSTPROCESSING/EETCs_stat.py", line 10, in <module>
    import xesmf as xe
  File "/home/vdemeyer/py3/lib/python3.11/site-packages/xesmf/__init__.py", line 3, in <module>
    from . import data, util
  File "/home/vdemeyer/py3/lib/python3.11/site-packages/xesmf/util.py", line 10, in <module>
    import ESMF
ModuleNotFoundError: No module named 'ESMF'
Traceback (most recent call last):
  File "/home/vdemeyer/py3/lib/python3.11/site-packages/xesmf/util.py", line 8, in <module>
    import esmpy as ESMF
ModuleNotFoundError: No module named 'esmpy'

During handling of the above exception, another exception occurred:

Traceback (most recent call last):
  File "/home/vdemeyer/TRACKING/KATJA/POSTPROCESSING/EETCs_stat.py", line 10, in <module>
    import xesmf as xe
  File "/home/vdemeyer/py3/lib/python3.11/site-packages/xesmf/__init__.py", line 3, in <module>
    from . import data, util
  File "/home/vdemeyer/py3/lib/python3.11/site-packages/xesmf/util.py", line 10, in <module>
    import ESMF
ModuleNotFoundError: No module named 'ESMF'
#executed by process	9 in 0.474161s	with status	1 : python /home/vdemeyer/TRACKING/KATJA/POSTPROCESSING/EETCs_stat.py 2005 --sim UBE --metric ratio
#executed by process	7 in 0.504961s	with status	1 : python /home/vdemeyer/TRACKING/KATJA/POSTPROCESSING/EETCs_stat.py 2006 --sim UBE --metric ratio
#executed by process	8 in 0.50496s	with status	1 : python /home/vdemeyer/TRACKING/KATJA/POSTPROCESSING/EETCs_stat.py 2007 --sim UBE --metric ratio
Traceback (most recent call last):
  File "/home/vdemeyer/py3/lib/python3.11/site-packages/xesmf/util.py", line 8, in <module>
    import esmpy as ESMF
ModuleNotFoundError: No module named 'esmpy'

During handling of the above exception, another exception occurred:

Traceback (most recent call last):
  File "/home/vdemeyer/TRACKING/KATJA/POSTPROCESSING/EETCs_stat.py", line 10, in <module>
    import xesmf as xe
  File "/home/vdemeyer/py3/lib/python3.11/site-packages/xesmf/__init__.py", line 3, in <module>
    from . import data, util
  File "/home/vdemeyer/py3/lib/python3.11/site-packages/xesmf/util.py", line 10, in <module>
    import ESMF
ModuleNotFoundError: No module named 'ESMF'
Traceback (most recent call last):
  File "/home/vdemeyer/py3/lib/python3.11/site-packages/xesmf/util.py", line 8, in <module>
    import esmpy as ESMF
ModuleNotFoundError: No module named 'esmpy'

During handling of the above exception, another exception occurred:

Traceback (most recent call last):
  File "/home/vdemeyer/TRACKING/KATJA/POSTPROCESSING/EETCs_stat.py", line 10, in <module>
    import xesmf as xe
  File "/home/vdemeyer/py3/lib/python3.11/site-packages/xesmf/__init__.py", line 3, in <module>
    from . import data, util
  File "/home/vdemeyer/py3/lib/python3.11/site-packages/xesmf/util.py", line 10, in <module>
    import ESMF
ModuleNotFoundError: No module named 'ESMF'
Traceback (most recent call last):
  File "/home/vdemeyer/py3/lib/python3.11/site-packages/xesmf/util.py", line 8, in <module>
    import esmpy as ESMF
ModuleNotFoundError: No module named 'esmpy'

During handling of the above exception, another exception occurred:

Traceback (most recent call last):
  File "/home/vdemeyer/TRACKING/KATJA/POSTPROCESSING/EETCs_stat.py", line 10, in <module>
Traceback (most recent call last):
  File "/home/vdemeyer/py3/lib/python3.11/site-packages/xesmf/util.py", line 8, in <module>
    import esmpy as ESMF
ModuleNotFoundError: No module named 'esmpy'

During handling of the above exception, another exception occurred:

Traceback (most recent call last):
  File "/home/vdemeyer/TRACKING/KATJA/POSTPROCESSING/EETCs_stat.py", line 10, in <module>
Traceback (most recent call last):
  File "/home/vdemeyer/py3/lib/python3.11/site-packages/xesmf/util.py", line 8, in <module>
    import esmpy as ESMF
ModuleNotFoundError: No module named 'esmpy'

During handling of the above exception, another exception occurred:

Traceback (most recent call last):
  File "/home/vdemeyer/TRACKING/KATJA/POSTPROCESSING/EETCs_stat.py", line 10, in <module>
Traceback (most recent call last):
  File "/home/vdemeyer/py3/lib/python3.11/site-packages/xesmf/util.py", line 8, in <module>
    import esmpy as ESMF
ModuleNotFoundError: No module named 'esmpy'

During handling of the above exception, another exception occurred:

Traceback (most recent call last):
  File "/home/vdemeyer/TRACKING/KATJA/POSTPROCESSING/EETCs_stat.py", line 10, in <module>
    import xesmf as xe
  File "/home/vdemeyer/py3/lib/python3.11/site-packages/xesmf/__init__.py", line 3, in <module>
    import xesmf as xe
  File "/home/vdemeyer/py3/lib/python3.11/site-packages/xesmf/__init__.py", line 3, in <module>
    import xesmf as xe
  File "/home/vdemeyer/py3/lib/python3.11/site-packages/xesmf/__init__.py", line 3, in <module>
    from . import data, util
  File "/home/vdemeyer/py3/lib/python3.11/site-packages/xesmf/util.py", line 10, in <module>
    from . import data, util
  File "/home/vdemeyer/py3/lib/python3.11/site-packages/xesmf/util.py", line 10, in <module>
    from . import data, util
  File "/home/vdemeyer/py3/lib/python3.11/site-packages/xesmf/util.py", line 10, in <module>
    import ESMF
    import ESMF
ModuleNotFoundError: No module named 'ESMF'
ModuleNotFoundError: No module named 'ESMF'
    import ESMF
ModuleNotFoundError: No module named 'ESMF'
    import xesmf as xe
  File "/home/vdemeyer/py3/lib/python3.11/site-packages/xesmf/__init__.py", line 3, in <module>
    from . import data, util
  File "/home/vdemeyer/py3/lib/python3.11/site-packages/xesmf/util.py", line 10, in <module>
    import ESMF
ModuleNotFoundError: No module named 'ESMF'
#executed by process	2 in 0.544934s	with status	1 : python /home/vdemeyer/TRACKING/KATJA/POSTPROCESSING/EETCs_stat.py 2009 --sim UBE --metric ratio
#executed by process	3 in 0.530347s	with status	1 : python /home/vdemeyer/TRACKING/KATJA/POSTPROCESSING/EETCs_stat.py 2011 --sim UBE --metric ratio
#executed by process	4 in 0.530351s	with status	1 : python /home/vdemeyer/TRACKING/KATJA/POSTPROCESSING/EETCs_stat.py 2010 --sim UBE --metric ratio
#executed by process	5 in 0.528909s	with status	1 : python /home/vdemeyer/TRACKING/KATJA/POSTPROCESSING/EETCs_stat.py 2013 --sim UBE --metric ratio
#executed by process	6 in 0.528914s	with status	1 : python /home/vdemeyer/TRACKING/KATJA/POSTPROCESSING/EETCs_stat.py 2012 --sim UBE --metric ratio
#executed by process	1 in 0.545914s	with status	1 : python /home/vdemeyer/TRACKING/KATJA/POSTPROCESSING/EETCs_stat.py 2008 --sim UBE --metric ratio
Traceback (most recent call last):
  File "/home/vdemeyer/py3/lib/python3.11/site-packages/xesmf/util.py", line 8, in <module>
    import esmpy as ESMF
ModuleNotFoundError: No module named 'esmpy'

During handling of the above exception, another exception occurred:

Traceback (most recent call last):
  File "/home/vdemeyer/TRACKING/KATJA/POSTPROCESSING/EETCs_stat.py", line 10, in <module>
    import xesmf as xe
  File "/home/vdemeyer/py3/lib/python3.11/site-packages/xesmf/__init__.py", line 3, in <module>
    from . import data, util
  File "/home/vdemeyer/py3/lib/python3.11/site-packages/xesmf/util.py", line 10, in <module>
    import ESMF
ModuleNotFoundError: No module named 'ESMF'
#executed by process	9 in 0.467404s	with status	1 : python /home/vdemeyer/TRACKING/KATJA/POSTPROCESSING/EETCs_stat.py 2014 --sim UBE --metric ratio
Traceback (most recent call last):
  File "/home/vdemeyer/py3/lib/python3.11/site-packages/xesmf/util.py", line 8, in <module>
    import esmpy as ESMF
ModuleNotFoundError: No module named 'esmpy'

During handling of the above exception, another exception occurred:

Traceback (most recent call last):
  File "/home/vdemeyer/TRACKING/KATJA/POSTPROCESSING/EETCs_stat.py", line 10, in <module>
Traceback (most recent call last):
  File "/home/vdemeyer/py3/lib/python3.11/site-packages/xesmf/util.py", line 8, in <module>
    import esmpy as ESMF
ModuleNotFoundError: No module named 'esmpy'

During handling of the above exception, another exception occurred:

Traceback (most recent call last):
  File "/home/vdemeyer/TRACKING/KATJA/POSTPROCESSING/EETCs_stat.py", line 10, in <module>
    import xesmf as xe
  File "/home/vdemeyer/py3/lib/python3.11/site-packages/xesmf/__init__.py", line 3, in <module>
    from . import data, util
  File "/home/vdemeyer/py3/lib/python3.11/site-packages/xesmf/util.py", line 10, in <module>
    import ESMF
ModuleNotFoundError: No module named 'ESMF'
    import xesmf as xe
  File "/home/vdemeyer/py3/lib/python3.11/site-packages/xesmf/__init__.py", line 3, in <module>
    from . import data, util
  File "/home/vdemeyer/py3/lib/python3.11/site-packages/xesmf/util.py", line 10, in <module>
    import ESMF
ModuleNotFoundError: No module named 'ESMF'
#executed by process	7 in 0.504372s	with status	1 : python /home/vdemeyer/TRACKING/KATJA/POSTPROCESSING/EETCs_stat.py 1979 --sim UBF --metric ratio
#executed by process	8 in 0.50437s	with status	1 : python /home/vdemeyer/TRACKING/KATJA/POSTPROCESSING/EETCs_stat.py 1980 --sim UBF --metric ratio
Traceback (most recent call last):
  File "/home/vdemeyer/py3/lib/python3.11/site-packages/xesmf/util.py", line 8, in <module>
    import esmpy as ESMF
ModuleNotFoundError: No module named 'esmpy'

During handling of the above exception, another exception occurred:

Traceback (most recent call last):
  File "/home/vdemeyer/TRACKING/KATJA/POSTPROCESSING/EETCs_stat.py", line 10, in <module>
    import xesmf as xe
  File "/home/vdemeyer/py3/lib/python3.11/site-packages/xesmf/__init__.py", line 3, in <module>
    from . import data, util
  File "/home/vdemeyer/py3/lib/python3.11/site-packages/xesmf/util.py", line 10, in <module>
    import ESMF
ModuleNotFoundError: No module named 'ESMF'
Traceback (most recent call last):
  File "/home/vdemeyer/py3/lib/python3.11/site-packages/xesmf/util.py", line 8, in <module>
    import esmpy as ESMF
ModuleNotFoundError: No module named 'esmpy'

During handling of the above exception, another exception occurred:

Traceback (most recent call last):
  File "/home/vdemeyer/TRACKING/KATJA/POSTPROCESSING/EETCs_stat.py", line 10, in <module>
    import xesmf as xe
  File "/home/vdemeyer/py3/lib/python3.11/site-packages/xesmf/__init__.py", line 3, in <module>
    from . import data, util
  File "/home/vdemeyer/py3/lib/python3.11/site-packages/xesmf/util.py", line 10, in <module>
    import ESMF
ModuleNotFoundError: No module named 'ESMF'
Traceback (most recent call last):
  File "/home/vdemeyer/py3/lib/python3.11/site-packages/xesmf/util.py", line 8, in <module>
    import esmpy as ESMF
ModuleNotFoundError: No module named 'esmpy'

During handling of the above exception, another exception occurred:

Traceback (most recent call last):
  File "/home/vdemeyer/TRACKING/KATJA/POSTPROCESSING/EETCs_stat.py", line 10, in <module>
    import xesmf as xe
  File "/home/vdemeyer/py3/lib/python3.11/site-packages/xesmf/__init__.py", line 3, in <module>
    from . import data, util
  File "/home/vdemeyer/py3/lib/python3.11/site-packages/xesmf/util.py", line 10, in <module>
    import ESMF
ModuleNotFoundError: No module named 'ESMF'
Traceback (most recent call last):
  File "/home/vdemeyer/py3/lib/python3.11/site-packages/xesmf/util.py", line 8, in <module>
    import esmpy as ESMF
ModuleNotFoundError: No module named 'esmpy'

During handling of the above exception, another exception occurred:

Traceback (most recent call last):
  File "/home/vdemeyer/TRACKING/KATJA/POSTPROCESSING/EETCs_stat.py", line 10, in <module>
    import xesmf as xe
  File "/home/vdemeyer/py3/lib/python3.11/site-packages/xesmf/__init__.py", line 3, in <module>
    from . import data, util
  File "/home/vdemeyer/py3/lib/python3.11/site-packages/xesmf/util.py", line 10, in <module>
    import ESMF
ModuleNotFoundError: No module named 'ESMF'
Traceback (most recent call last):
  File "/home/vdemeyer/py3/lib/python3.11/site-packages/xesmf/util.py", line 8, in <module>
    import esmpy as ESMF
ModuleNotFoundError: No module named 'esmpy'

During handling of the above exception, another exception occurred:

Traceback (most recent call last):
  File "/home/vdemeyer/TRACKING/KATJA/POSTPROCESSING/EETCs_stat.py", line 10, in <module>
    import xesmf as xe
  File "/home/vdemeyer/py3/lib/python3.11/site-packages/xesmf/__init__.py", line 3, in <module>
    from . import data, util
  File "/home/vdemeyer/py3/lib/python3.11/site-packages/xesmf/util.py", line 10, in <module>
    import ESMF
ModuleNotFoundError: No module named 'ESMF'
Traceback (most recent call last):
  File "/home/vdemeyer/py3/lib/python3.11/site-packages/xesmf/util.py", line 8, in <module>
    import esmpy as ESMF
ModuleNotFoundError: No module named 'esmpy'

During handling of the above exception, another exception occurred:

Traceback (most recent call last):
  File "/home/vdemeyer/TRACKING/KATJA/POSTPROCESSING/EETCs_stat.py", line 10, in <module>
    import xesmf as xe
  File "/home/vdemeyer/py3/lib/python3.11/site-packages/xesmf/__init__.py", line 3, in <module>
    from . import data, util
  File "/home/vdemeyer/py3/lib/python3.11/site-packages/xesmf/util.py", line 10, in <module>
    import ESMF
ModuleNotFoundError: No module named 'ESMF'
#executed by process	3 in 0.51402s	with status	1 : python /home/vdemeyer/TRACKING/KATJA/POSTPROCESSING/EETCs_stat.py 1984 --sim UBF --metric ratio
#executed by process	4 in 0.514022s	with status	1 : python /home/vdemeyer/TRACKING/KATJA/POSTPROCESSING/EETCs_stat.py 1983 --sim UBF --metric ratio
#executed by process	5 in 0.517642s	with status	1 : python /home/vdemeyer/TRACKING/KATJA/POSTPROCESSING/EETCs_stat.py 1982 --sim UBF --metric ratio
#executed by process	6 in 0.517646s	with status	1 : python /home/vdemeyer/TRACKING/KATJA/POSTPROCESSING/EETCs_stat.py 1981 --sim UBF --metric ratio
#executed by process	1 in 0.558444s	with status	1 : python /home/vdemeyer/TRACKING/KATJA/POSTPROCESSING/EETCs_stat.py 1986 --sim UBF --metric ratio
#executed by process	2 in 0.559398s	with status	1 : python /home/vdemeyer/TRACKING/KATJA/POSTPROCESSING/EETCs_stat.py 1985 --sim UBF --metric ratio
Traceback (most recent call last):
  File "/home/vdemeyer/py3/lib/python3.11/site-packages/xesmf/util.py", line 8, in <module>
    import esmpy as ESMF
ModuleNotFoundError: No module named 'esmpy'

During handling of the above exception, another exception occurred:

Traceback (most recent call last):
  File "/home/vdemeyer/TRACKING/KATJA/POSTPROCESSING/EETCs_stat.py", line 10, in <module>
    import xesmf as xe
  File "/home/vdemeyer/py3/lib/python3.11/site-packages/xesmf/__init__.py", line 3, in <module>
    from . import data, util
  File "/home/vdemeyer/py3/lib/python3.11/site-packages/xesmf/util.py", line 10, in <module>
    import ESMF
ModuleNotFoundError: No module named 'ESMF'
#executed by process	9 in 0.469059s	with status	1 : python /home/vdemeyer/TRACKING/KATJA/POSTPROCESSING/EETCs_stat.py 1987 --sim UBF --metric ratio
Traceback (most recent call last):
  File "/home/vdemeyer/py3/lib/python3.11/site-packages/xesmf/util.py", line 8, in <module>
    import esmpy as ESMF
ModuleNotFoundError: No module named 'esmpy'

During handling of the above exception, another exception occurred:

Traceback (most recent call last):
  File "/home/vdemeyer/TRACKING/KATJA/POSTPROCESSING/EETCs_stat.py", line 10, in <module>
    import xesmf as xe
  File "/home/vdemeyer/py3/lib/python3.11/site-packages/xesmf/__init__.py", line 3, in <module>
    from . import data, util
  File "/home/vdemeyer/py3/lib/python3.11/site-packages/xesmf/util.py", line 10, in <module>
    import ESMF
ModuleNotFoundError: No module named 'ESMF'
Traceback (most recent call last):
  File "/home/vdemeyer/py3/lib/python3.11/site-packages/xesmf/util.py", line 8, in <module>
    import esmpy as ESMF
ModuleNotFoundError: No module named 'esmpy'

During handling of the above exception, another exception occurred:

Traceback (most recent call last):
  File "/home/vdemeyer/TRACKING/KATJA/POSTPROCESSING/EETCs_stat.py", line 10, in <module>
    import xesmf as xe
  File "/home/vdemeyer/py3/lib/python3.11/site-packages/xesmf/__init__.py", line 3, in <module>
    from . import data, util
  File "/home/vdemeyer/py3/lib/python3.11/site-packages/xesmf/util.py", line 10, in <module>
    import ESMF
ModuleNotFoundError: No module named 'ESMF'
#executed by process	7 in 0.504231s	with status	1 : python /home/vdemeyer/TRACKING/KATJA/POSTPROCESSING/EETCs_stat.py 1988 --sim UBF --metric ratio
#executed by process	8 in 0.504231s	with status	1 : python /home/vdemeyer/TRACKING/KATJA/POSTPROCESSING/EETCs_stat.py 1989 --sim UBF --metric ratio
Traceback (most recent call last):
  File "/home/vdemeyer/py3/lib/python3.11/site-packages/xesmf/util.py", line 8, in <module>
Traceback (most recent call last):
  File "/home/vdemeyer/py3/lib/python3.11/site-packages/xesmf/util.py", line 8, in <module>
    import esmpy as ESMF
ModuleNotFoundError: No module named 'esmpy'

During handling of the above exception, another exception occurred:

Traceback (most recent call last):
  File "/home/vdemeyer/TRACKING/KATJA/POSTPROCESSING/EETCs_stat.py", line 10, in <module>
    import xesmf as xe
  File "/home/vdemeyer/py3/lib/python3.11/site-packages/xesmf/__init__.py", line 3, in <module>
    from . import data, util
  File "/home/vdemeyer/py3/lib/python3.11/site-packages/xesmf/util.py", line 10, in <module>
    import ESMF
ModuleNotFoundError: No module named 'ESMF'
    import esmpy as ESMF
ModuleNotFoundError: No module named 'esmpy'

During handling of the above exception, another exception occurred:

Traceback (most recent call last):
  File "/home/vdemeyer/TRACKING/KATJA/POSTPROCESSING/EETCs_stat.py", line 10, in <module>
    import xesmf as xe
  File "/home/vdemeyer/py3/lib/python3.11/site-packages/xesmf/__init__.py", line 3, in <module>
    from . import data, util
  File "/home/vdemeyer/py3/lib/python3.11/site-packages/xesmf/util.py", line 10, in <module>
    import ESMF
ModuleNotFoundError: No module named 'ESMF'
Traceback (most recent call last):
  File "/home/vdemeyer/py3/lib/python3.11/site-packages/xesmf/util.py", line 8, in <module>
    import esmpy as ESMF
ModuleNotFoundError: No module named 'esmpy'

During handling of the above exception, another exception occurred:

Traceback (most recent call last):
  File "/home/vdemeyer/TRACKING/KATJA/POSTPROCESSING/EETCs_stat.py", line 10, in <module>
    import xesmf as xe
  File "/home/vdemeyer/py3/lib/python3.11/site-packages/xesmf/__init__.py", line 3, in <module>
    from . import data, util
  File "/home/vdemeyer/py3/lib/python3.11/site-packages/xesmf/util.py", line 10, in <module>
Traceback (most recent call last):
  File "/home/vdemeyer/py3/lib/python3.11/site-packages/xesmf/util.py", line 8, in <module>
    import esmpy as ESMF
ModuleNotFoundError: No module named 'esmpy'

During handling of the above exception, another exception occurred:

Traceback (most recent call last):
  File "/home/vdemeyer/TRACKING/KATJA/POSTPROCESSING/EETCs_stat.py", line 10, in <module>
    import xesmf as xe
  File "/home/vdemeyer/py3/lib/python3.11/site-packages/xesmf/__init__.py", line 3, in <module>
    from . import data, util
    import ESMF
ModuleNotFoundError: No module named 'ESMF'
  File "/home/vdemeyer/py3/lib/python3.11/site-packages/xesmf/util.py", line 10, in <module>
    import ESMF
ModuleNotFoundError: No module named 'ESMF'
Traceback (most recent call last):
  File "/home/vdemeyer/py3/lib/python3.11/site-packages/xesmf/util.py", line 8, in <module>
    import esmpy as ESMF
ModuleNotFoundError: No module named 'esmpy'

During handling of the above exception, another exception occurred:

Traceback (most recent call last):
  File "/home/vdemeyer/TRACKING/KATJA/POSTPROCESSING/EETCs_stat.py", line 10, in <module>
    import xesmf as xe
  File "/home/vdemeyer/py3/lib/python3.11/site-packages/xesmf/__init__.py", line 3, in <module>
    from . import data, util
  File "/home/vdemeyer/py3/lib/python3.11/site-packages/xesmf/util.py", line 10, in <module>
    import ESMF
ModuleNotFoundError: No module named 'ESMF'
Traceback (most recent call last):
  File "/home/vdemeyer/py3/lib/python3.11/site-packages/xesmf/util.py", line 8, in <module>
    import esmpy as ESMF
ModuleNotFoundError: No module named 'esmpy'

During handling of the above exception, another exception occurred:

Traceback (most recent call last):
  File "/home/vdemeyer/TRACKING/KATJA/POSTPROCESSING/EETCs_stat.py", line 10, in <module>
    import xesmf as xe
  File "/home/vdemeyer/py3/lib/python3.11/site-packages/xesmf/__init__.py", line 3, in <module>
    from . import data, util
  File "/home/vdemeyer/py3/lib/python3.11/site-packages/xesmf/util.py", line 10, in <module>
    import ESMF
ModuleNotFoundError: No module named 'ESMF'
#executed by process	3 in 0.510343s	with status	1 : python /home/vdemeyer/TRACKING/KATJA/POSTPROCESSING/EETCs_stat.py 1990 --sim UBF --metric ratio
#executed by process	4 in 0.510336s	with status	1 : python /home/vdemeyer/TRACKING/KATJA/POSTPROCESSING/EETCs_stat.py 1991 --sim UBF --metric ratio
#executed by process	5 in 0.510133s	with status	1 : python /home/vdemeyer/TRACKING/KATJA/POSTPROCESSING/EETCs_stat.py 1993 --sim UBF --metric ratio
#executed by process	6 in 0.510137s	with status	1 : python /home/vdemeyer/TRACKING/KATJA/POSTPROCESSING/EETCs_stat.py 1992 --sim UBF --metric ratio
#executed by process	1 in 0.531097s	with status	1 : python /home/vdemeyer/TRACKING/KATJA/POSTPROCESSING/EETCs_stat.py 1995 --sim UBF --metric ratio
#executed by process	2 in 0.5311s	with status	1 : python /home/vdemeyer/TRACKING/KATJA/POSTPROCESSING/EETCs_stat.py 1994 --sim UBF --metric ratio
Traceback (most recent call last):
  File "/home/vdemeyer/py3/lib/python3.11/site-packages/xesmf/util.py", line 8, in <module>
    import esmpy as ESMF
ModuleNotFoundError: No module named 'esmpy'

During handling of the above exception, another exception occurred:

Traceback (most recent call last):
  File "/home/vdemeyer/TRACKING/KATJA/POSTPROCESSING/EETCs_stat.py", line 10, in <module>
    import xesmf as xe
  File "/home/vdemeyer/py3/lib/python3.11/site-packages/xesmf/__init__.py", line 3, in <module>
    from . import data, util
  File "/home/vdemeyer/py3/lib/python3.11/site-packages/xesmf/util.py", line 10, in <module>
    import ESMF
ModuleNotFoundError: No module named 'ESMF'
#executed by process	9 in 0.465832s	with status	1 : python /home/vdemeyer/TRACKING/KATJA/POSTPROCESSING/EETCs_stat.py 1996 --sim UBF --metric ratio
Traceback (most recent call last):
  File "/home/vdemeyer/py3/lib/python3.11/site-packages/xesmf/util.py", line 8, in <module>
    import esmpy as ESMF
ModuleNotFoundError: No module named 'esmpy'

During handling of the above exception, another exception occurred:

Traceback (most recent call last):
  File "/home/vdemeyer/TRACKING/KATJA/POSTPROCESSING/EETCs_stat.py", line 10, in <module>
    import xesmf as xe
  File "/home/vdemeyer/py3/lib/python3.11/site-packages/xesmf/__init__.py", line 3, in <module>
    from . import data, util
  File "/home/vdemeyer/py3/lib/python3.11/site-packages/xesmf/util.py", line 10, in <module>
    import ESMF
ModuleNotFoundError: No module named 'ESMF'
Traceback (most recent call last):
  File "/home/vdemeyer/py3/lib/python3.11/site-packages/xesmf/util.py", line 8, in <module>
    import esmpy as ESMF
ModuleNotFoundError: No module named 'esmpy'

During handling of the above exception, another exception occurred:

Traceback (most recent call last):
  File "/home/vdemeyer/TRACKING/KATJA/POSTPROCESSING/EETCs_stat.py", line 10, in <module>
    import xesmf as xe
  File "/home/vdemeyer/py3/lib/python3.11/site-packages/xesmf/__init__.py", line 3, in <module>
    from . import data, util
  File "/home/vdemeyer/py3/lib/python3.11/site-packages/xesmf/util.py", line 10, in <module>
    import ESMF
ModuleNotFoundError: No module named 'ESMF'
#executed by process	7 in 0.499347s	with status	1 : python /home/vdemeyer/TRACKING/KATJA/POSTPROCESSING/EETCs_stat.py 1998 --sim UBF --metric ratio
#executed by process	8 in 0.499355s	with status	1 : python /home/vdemeyer/TRACKING/KATJA/POSTPROCESSING/EETCs_stat.py 1997 --sim UBF --metric ratio
Traceback (most recent call last):
  File "/home/vdemeyer/py3/lib/python3.11/site-packages/xesmf/util.py", line 8, in <module>
    import esmpy as ESMF
ModuleNotFoundError: No module named 'esmpy'

During handling of the above exception, another exception occurred:

Traceback (most recent call last):
  File "/home/vdemeyer/TRACKING/KATJA/POSTPROCESSING/EETCs_stat.py", line 10, in <module>
    import xesmf as xe
  File "/home/vdemeyer/py3/lib/python3.11/site-packages/xesmf/__init__.py", line 3, in <module>
    from . import data, util
  File "/home/vdemeyer/py3/lib/python3.11/site-packages/xesmf/util.py", line 10, in <module>
    import ESMF
ModuleNotFoundError: No module named 'ESMF'
Traceback (most recent call last):
  File "/home/vdemeyer/py3/lib/python3.11/site-packages/xesmf/util.py", line 8, in <module>
    import esmpy as ESMF
ModuleNotFoundError: No module named 'esmpy'

During handling of the above exception, another exception occurred:

Traceback (most recent call last):
  File "/home/vdemeyer/TRACKING/KATJA/POSTPROCESSING/EETCs_stat.py", line 10, in <module>
    import xesmf as xe
  File "/home/vdemeyer/py3/lib/python3.11/site-packages/xesmf/__init__.py", line 3, in <module>
    from . import data, util
  File "/home/vdemeyer/py3/lib/python3.11/site-packages/xesmf/util.py", line 10, in <module>
    import ESMF
ModuleNotFoundError: No module named 'ESMF'
Traceback (most recent call last):
  File "/home/vdemeyer/py3/lib/python3.11/site-packages/xesmf/util.py", line 8, in <module>
    import esmpy as ESMF
ModuleNotFoundError: No module named 'esmpy'

During handling of the above exception, another exception occurred:

Traceback (most recent call last):
  File "/home/vdemeyer/TRACKING/KATJA/POSTPROCESSING/EETCs_stat.py", line 10, in <module>
    import xesmf as xe
  File "/home/vdemeyer/py3/lib/python3.11/site-packages/xesmf/__init__.py", line 3, in <module>
    from . import data, util
  File "/home/vdemeyer/py3/lib/python3.11/site-packages/xesmf/util.py", line 10, in <module>
    import ESMF
ModuleNotFoundError: No module named 'ESMF'
Traceback (most recent call last):
  File "/home/vdemeyer/py3/lib/python3.11/site-packages/xesmf/util.py", line 8, in <module>
    import esmpy as ESMF
ModuleNotFoundError: No module named 'esmpy'

During handling of the above exception, another exception occurred:

Traceback (most recent call last):
  File "/home/vdemeyer/TRACKING/KATJA/POSTPROCESSING/EETCs_stat.py", line 10, in <module>
    import xesmf as xe
  File "/home/vdemeyer/py3/lib/python3.11/site-packages/xesmf/__init__.py", line 3, in <module>
    from . import data, util
  File "/home/vdemeyer/py3/lib/python3.11/site-packages/xesmf/util.py", line 10, in <module>
    import ESMF
ModuleNotFoundError: No module named 'ESMF'
Traceback (most recent call last):
  File "/home/vdemeyer/py3/lib/python3.11/site-packages/xesmf/util.py", line 8, in <module>
    import esmpy as ESMF
ModuleNotFoundError: No module named 'esmpy'

During handling of the above exception, another exception occurred:

Traceback (most recent call last):
  File "/home/vdemeyer/TRACKING/KATJA/POSTPROCESSING/EETCs_stat.py", line 10, in <module>
Traceback (most recent call last):
  File "/home/vdemeyer/py3/lib/python3.11/site-packages/xesmf/util.py", line 8, in <module>
    import esmpy as ESMF
ModuleNotFoundError: No module named 'esmpy'

During handling of the above exception, another exception occurred:

Traceback (most recent call last):
  File "/home/vdemeyer/TRACKING/KATJA/POSTPROCESSING/EETCs_stat.py", line 10, in <module>
    import xesmf as xe
  File "/home/vdemeyer/py3/lib/python3.11/site-packages/xesmf/__init__.py", line 3, in <module>
    from . import data, util
  File "/home/vdemeyer/py3/lib/python3.11/site-packages/xesmf/util.py", line 10, in <module>
    import xesmf as xe
  File "/home/vdemeyer/py3/lib/python3.11/site-packages/xesmf/__init__.py", line 3, in <module>
    from . import data, util
  File "/home/vdemeyer/py3/lib/python3.11/site-packages/xesmf/util.py", line 10, in <module>
    import ESMF
ModuleNotFoundError: No module named 'ESMF'
    import ESMF
ModuleNotFoundError: No module named 'ESMF'
#executed by process	3 in 0.50672s	with status	1 : python /home/vdemeyer/TRACKING/KATJA/POSTPROCESSING/EETCs_stat.py 1999 --sim UBF --metric ratio
#executed by process	4 in 0.506557s	with status	1 : python /home/vdemeyer/TRACKING/KATJA/POSTPROCESSING/EETCs_stat.py 2000 --sim UBF --metric ratio
#executed by process	5 in 0.507027s	with status	1 : python /home/vdemeyer/TRACKING/KATJA/POSTPROCESSING/EETCs_stat.py 2002 --sim UBF --metric ratio
#executed by process	6 in 0.507049s	with status	1 : python /home/vdemeyer/TRACKING/KATJA/POSTPROCESSING/EETCs_stat.py 2001 --sim UBF --metric ratio
Traceback (most recent call last):
  File "/home/vdemeyer/py3/lib/python3.11/site-packages/xesmf/util.py", line 8, in <module>
    import esmpy as ESMF
ModuleNotFoundError: No module named 'esmpy'

During handling of the above exception, another exception occurred:

Traceback (most recent call last):
  File "/home/vdemeyer/TRACKING/KATJA/POSTPROCESSING/EETCs_stat.py", line 10, in <module>
    import xesmf as xe
  File "/home/vdemeyer/py3/lib/python3.11/site-packages/xesmf/__init__.py", line 3, in <module>
    from . import data, util
  File "/home/vdemeyer/py3/lib/python3.11/site-packages/xesmf/util.py", line 10, in <module>
    import ESMF
ModuleNotFoundError: No module named 'ESMF'
#executed by process	1 in 0.542189s	with status	1 : python /home/vdemeyer/TRACKING/KATJA/POSTPROCESSING/EETCs_stat.py 2004 --sim UBF --metric ratio
#executed by process	2 in 0.54219s	with status	1 : python /home/vdemeyer/TRACKING/KATJA/POSTPROCESSING/EETCs_stat.py 2003 --sim UBF --metric ratio
#executed by process	9 in 0.468771s	with status	1 : python /home/vdemeyer/TRACKING/KATJA/POSTPROCESSING/EETCs_stat.py 2005 --sim UBF --metric ratio
Traceback (most recent call last):
  File "/home/vdemeyer/py3/lib/python3.11/site-packages/xesmf/util.py", line 8, in <module>
Traceback (most recent call last):
  File "/home/vdemeyer/py3/lib/python3.11/site-packages/xesmf/util.py", line 8, in <module>
    import esmpy as ESMF
ModuleNotFoundError: No module named 'esmpy'

During handling of the above exception, another exception occurred:

Traceback (most recent call last):
  File "/home/vdemeyer/TRACKING/KATJA/POSTPROCESSING/EETCs_stat.py", line 10, in <module>
    import xesmf as xe
  File "/home/vdemeyer/py3/lib/python3.11/site-packages/xesmf/__init__.py", line 3, in <module>
    from . import data, util
  File "/home/vdemeyer/py3/lib/python3.11/site-packages/xesmf/util.py", line 10, in <module>
    import ESMF
ModuleNotFoundError: No module named 'ESMF'
    import esmpy as ESMF
ModuleNotFoundError: No module named 'esmpy'

During handling of the above exception, another exception occurred:

Traceback (most recent call last):
  File "/home/vdemeyer/TRACKING/KATJA/POSTPROCESSING/EETCs_stat.py", line 10, in <module>
    import xesmf as xe
  File "/home/vdemeyer/py3/lib/python3.11/site-packages/xesmf/__init__.py", line 3, in <module>
    from . import data, util
  File "/home/vdemeyer/py3/lib/python3.11/site-packages/xesmf/util.py", line 10, in <module>
    import ESMF
ModuleNotFoundError: No module named 'ESMF'
#executed by process	7 in 0.504283s	with status	1 : python /home/vdemeyer/TRACKING/KATJA/POSTPROCESSING/EETCs_stat.py 2006 --sim UBF --metric ratio
#executed by process	8 in 0.504277s	with status	1 : python /home/vdemeyer/TRACKING/KATJA/POSTPROCESSING/EETCs_stat.py 2007 --sim UBF --metric ratio
Traceback (most recent call last):
  File "/home/vdemeyer/py3/lib/python3.11/site-packages/xesmf/util.py", line 8, in <module>
    import esmpy as ESMF
ModuleNotFoundError: No module named 'esmpy'

During handling of the above exception, another exception occurred:

Traceback (most recent call last):
  File "/home/vdemeyer/TRACKING/KATJA/POSTPROCESSING/EETCs_stat.py", line 10, in <module>
    import xesmf as xe
  File "/home/vdemeyer/py3/lib/python3.11/site-packages/xesmf/__init__.py", line 3, in <module>
    from . import data, util
  File "/home/vdemeyer/py3/lib/python3.11/site-packages/xesmf/util.py", line 10, in <module>
    import ESMF
ModuleNotFoundError: No module named 'ESMF'
Traceback (most recent call last):
  File "/home/vdemeyer/py3/lib/python3.11/site-packages/xesmf/util.py", line 8, in <module>
    import esmpy as ESMF
ModuleNotFoundError: No module named 'esmpy'

During handling of the above exception, another exception occurred:

Traceback (most recent call last):
  File "/home/vdemeyer/TRACKING/KATJA/POSTPROCESSING/EETCs_stat.py", line 10, in <module>
    import xesmf as xe
  File "/home/vdemeyer/py3/lib/python3.11/site-packages/xesmf/__init__.py", line 3, in <module>
    from . import data, util
  File "/home/vdemeyer/py3/lib/python3.11/site-packages/xesmf/util.py", line 10, in <module>
    import ESMF
ModuleNotFoundError: No module named 'ESMF'
Traceback (most recent call last):
  File "/home/vdemeyer/py3/lib/python3.11/site-packages/xesmf/util.py", line 8, in <module>
    import esmpy as ESMF
ModuleNotFoundError: No module named 'esmpy'

During handling of the above exception, another exception occurred:

Traceback (most recent call last):
  File "/home/vdemeyer/TRACKING/KATJA/POSTPROCESSING/EETCs_stat.py", line 10, in <module>
Traceback (most recent call last):
  File "/home/vdemeyer/py3/lib/python3.11/site-packages/xesmf/util.py", line 8, in <module>
    import esmpy as ESMF
ModuleNotFoundError: No module named 'esmpy'

During handling of the above exception, another exception occurred:

Traceback (most recent call last):
  File "/home/vdemeyer/TRACKING/KATJA/POSTPROCESSING/EETCs_stat.py", line 10, in <module>
    import xesmf as xe
  File "/home/vdemeyer/py3/lib/python3.11/site-packages/xesmf/__init__.py", line 3, in <module>
    from . import data, util
  File "/home/vdemeyer/py3/lib/python3.11/site-packages/xesmf/util.py", line 10, in <module>
    import ESMF
ModuleNotFoundError: No module named 'ESMF'
    import xesmf as xe
  File "/home/vdemeyer/py3/lib/python3.11/site-packages/xesmf/__init__.py", line 3, in <module>
    from . import data, util
  File "/home/vdemeyer/py3/lib/python3.11/site-packages/xesmf/util.py", line 10, in <module>
    import ESMF
ModuleNotFoundError: No module named 'ESMF'
#executed by process	3 in 0.507675s	with status	1 : python /home/vdemeyer/TRACKING/KATJA/POSTPROCESSING/EETCs_stat.py 2009 --sim UBF --metric ratio
#executed by process	4 in 0.507806s	with status	1 : python /home/vdemeyer/TRACKING/KATJA/POSTPROCESSING/EETCs_stat.py 2008 --sim UBF --metric ratio
#executed by process	5 in 0.508326s	with status	1 : python /home/vdemeyer/TRACKING/KATJA/POSTPROCESSING/EETCs_stat.py 2011 --sim UBF --metric ratio
#executed by process	6 in 0.508326s	with status	1 : python /home/vdemeyer/TRACKING/KATJA/POSTPROCESSING/EETCs_stat.py 2010 --sim UBF --metric ratio
Traceback (most recent call last):
  File "/home/vdemeyer/py3/lib/python3.11/site-packages/xesmf/util.py", line 8, in <module>
    import esmpy as ESMF
ModuleNotFoundError: No module named 'esmpy'

During handling of the above exception, another exception occurred:

Traceback (most recent call last):
  File "/home/vdemeyer/TRACKING/KATJA/POSTPROCESSING/EETCs_stat.py", line 10, in <module>
    import xesmf as xe
  File "/home/vdemeyer/py3/lib/python3.11/site-packages/xesmf/__init__.py", line 3, in <module>
    from . import data, util
  File "/home/vdemeyer/py3/lib/python3.11/site-packages/xesmf/util.py", line 10, in <module>
    import ESMF
ModuleNotFoundError: No module named 'ESMF'
Traceback (most recent call last):
  File "/home/vdemeyer/py3/lib/python3.11/site-packages/xesmf/util.py", line 8, in <module>
Traceback (most recent call last):
  File "/home/vdemeyer/py3/lib/python3.11/site-packages/xesmf/util.py", line 8, in <module>
    import esmpy as ESMF
ModuleNotFoundError: No module named 'esmpy'

During handling of the above exception, another exception occurred:

Traceback (most recent call last):
  File "/home/vdemeyer/TRACKING/KATJA/POSTPROCESSING/EETCs_stat.py", line 10, in <module>
    import xesmf as xe
  File "/home/vdemeyer/py3/lib/python3.11/site-packages/xesmf/__init__.py", line 3, in <module>
    from . import data, util
  File "/home/vdemeyer/py3/lib/python3.11/site-packages/xesmf/util.py", line 10, in <module>
    import ESMF
ModuleNotFoundError: No module named 'ESMF'
    import esmpy as ESMF
ModuleNotFoundError: No module named 'esmpy'

During handling of the above exception, another exception occurred:

Traceback (most recent call last):
  File "/home/vdemeyer/TRACKING/KATJA/POSTPROCESSING/EETCs_stat.py", line 10, in <module>
    import xesmf as xe
  File "/home/vdemeyer/py3/lib/python3.11/site-packages/xesmf/__init__.py", line 3, in <module>
    from . import data, util
  File "/home/vdemeyer/py3/lib/python3.11/site-packages/xesmf/util.py", line 10, in <module>
    import ESMF
ModuleNotFoundError: No module named 'ESMF'
#executed by process	9 in 0.469271s	with status	1 : python /home/vdemeyer/TRACKING/KATJA/POSTPROCESSING/EETCs_stat.py 2014 --sim UBF --metric ratio
#executed by process	1 in 0.526868s	with status	1 : python /home/vdemeyer/TRACKING/KATJA/POSTPROCESSING/EETCs_stat.py 2012 --sim UBF --metric ratio
#executed by process	2 in 0.526855s	with status	1 : python /home/vdemeyer/TRACKING/KATJA/POSTPROCESSING/EETCs_stat.py 2013 --sim UBF --metric ratio
Traceback (most recent call last):
  File "/home/vdemeyer/py3/lib/python3.11/site-packages/xesmf/util.py", line 8, in <module>
    import esmpy as ESMF
ModuleNotFoundError: No module named 'esmpy'

During handling of the above exception, another exception occurred:

Traceback (most recent call last):
  File "/home/vdemeyer/TRACKING/KATJA/POSTPROCESSING/EETCs_stat.py", line 10, in <module>
Traceback (most recent call last):
  File "/home/vdemeyer/py3/lib/python3.11/site-packages/xesmf/util.py", line 8, in <module>
    import esmpy as ESMF
ModuleNotFoundError: No module named 'esmpy'

During handling of the above exception, another exception occurred:

Traceback (most recent call last):
  File "/home/vdemeyer/TRACKING/KATJA/POSTPROCESSING/EETCs_stat.py", line 10, in <module>
    import xesmf as xe
  File "/home/vdemeyer/py3/lib/python3.11/site-packages/xesmf/__init__.py", line 3, in <module>
    from . import data, util
  File "/home/vdemeyer/py3/lib/python3.11/site-packages/xesmf/util.py", line 10, in <module>
    import ESMF
ModuleNotFoundError: No module named 'ESMF'
    import xesmf as xe
  File "/home/vdemeyer/py3/lib/python3.11/site-packages/xesmf/__init__.py", line 3, in <module>
    from . import data, util
  File "/home/vdemeyer/py3/lib/python3.11/site-packages/xesmf/util.py", line 10, in <module>
    import ESMF
ModuleNotFoundError: No module named 'ESMF'
#executed by process	7 in 0.501945s	with status	1 : python /home/vdemeyer/TRACKING/KATJA/POSTPROCESSING/EETCs_stat.py 2015 --sim UBG --metric ratio
#executed by process	8 in 0.501949s	with status	1 : python /home/vdemeyer/TRACKING/KATJA/POSTPROCESSING/EETCs_stat.py 2014 --sim UBG --metric ratio
Traceback (most recent call last):
  File "/home/vdemeyer/py3/lib/python3.11/site-packages/xesmf/util.py", line 8, in <module>
    import esmpy as ESMF
ModuleNotFoundError: No module named 'esmpy'

During handling of the above exception, another exception occurred:

Traceback (most recent call last):
  File "/home/vdemeyer/TRACKING/KATJA/POSTPROCESSING/EETCs_stat.py", line 10, in <module>
    import xesmf as xe
  File "/home/vdemeyer/py3/lib/python3.11/site-packages/xesmf/__init__.py", line 3, in <module>
    from . import data, util
  File "/home/vdemeyer/py3/lib/python3.11/site-packages/xesmf/util.py", line 10, in <module>
    import ESMF
ModuleNotFoundError: No module named 'ESMF'
Traceback (most recent call last):
  File "/home/vdemeyer/py3/lib/python3.11/site-packages/xesmf/util.py", line 8, in <module>
    import esmpy as ESMF
ModuleNotFoundError: No module named 'esmpy'

During handling of the above exception, another exception occurred:

Traceback (most recent call last):
  File "/home/vdemeyer/TRACKING/KATJA/POSTPROCESSING/EETCs_stat.py", line 10, in <module>
    import xesmf as xe
  File "/home/vdemeyer/py3/lib/python3.11/site-packages/xesmf/__init__.py", line 3, in <module>
    from . import data, util
  File "/home/vdemeyer/py3/lib/python3.11/site-packages/xesmf/util.py", line 10, in <module>
    import ESMF
ModuleNotFoundError: No module named 'ESMF'
Traceback (most recent call last):
  File "/home/vdemeyer/py3/lib/python3.11/site-packages/xesmf/util.py", line 8, in <module>
    import esmpy as ESMF
ModuleNotFoundError: No module named 'esmpy'

During handling of the above exception, another exception occurred:

Traceback (most recent call last):
  File "/home/vdemeyer/TRACKING/KATJA/POSTPROCESSING/EETCs_stat.py", line 10, in <module>
    import xesmf as xe
  File "/home/vdemeyer/py3/lib/python3.11/site-packages/xesmf/__init__.py", line 3, in <module>
    from . import data, util
  File "/home/vdemeyer/py3/lib/python3.11/site-packages/xesmf/util.py", line 10, in <module>
    import ESMF
ModuleNotFoundError: No module named 'ESMF'
Traceback (most recent call last):
  File "/home/vdemeyer/py3/lib/python3.11/site-packages/xesmf/util.py", line 8, in <module>
    import esmpy as ESMF
ModuleNotFoundError: No module named 'esmpy'

During handling of the above exception, another exception occurred:

Traceback (most recent call last):
  File "/home/vdemeyer/TRACKING/KATJA/POSTPROCESSING/EETCs_stat.py", line 10, in <module>
    import xesmf as xe
  File "/home/vdemeyer/py3/lib/python3.11/site-packages/xesmf/__init__.py", line 3, in <module>
    from . import data, util
  File "/home/vdemeyer/py3/lib/python3.11/site-packages/xesmf/util.py", line 10, in <module>
    import ESMF
ModuleNotFoundError: No module named 'ESMF'
Traceback (most recent call last):
  File "/home/vdemeyer/py3/lib/python3.11/site-packages/xesmf/util.py", line 8, in <module>
    import esmpy as ESMF
ModuleNotFoundError: No module named 'esmpy'

During handling of the above exception, another exception occurred:

Traceback (most recent call last):
  File "/home/vdemeyer/TRACKING/KATJA/POSTPROCESSING/EETCs_stat.py", line 10, in <module>
    import xesmf as xe
  File "/home/vdemeyer/py3/lib/python3.11/site-packages/xesmf/__init__.py", line 3, in <module>
    from . import data, util
  File "/home/vdemeyer/py3/lib/python3.11/site-packages/xesmf/util.py", line 10, in <module>
    import ESMF
ModuleNotFoundError: No module named 'ESMF'
#executed by process	3 in 0.509578s	with status	1 : python /home/vdemeyer/TRACKING/KATJA/POSTPROCESSING/EETCs_stat.py 2017 --sim UBG --metric ratio
#executed by process	4 in 0.509587s	with status	1 : python /home/vdemeyer/TRACKING/KATJA/POSTPROCESSING/EETCs_stat.py 2016 --sim UBG --metric ratio
#executed by process	5 in 0.50784s	with status	1 : python /home/vdemeyer/TRACKING/KATJA/POSTPROCESSING/EETCs_stat.py 2019 --sim UBG --metric ratio
#executed by process	6 in 0.507848s	with status	1 : python /home/vdemeyer/TRACKING/KATJA/POSTPROCESSING/EETCs_stat.py 2018 --sim UBG --metric ratio
#executed by process	9 in 0.469366s	with status	1 : python /home/vdemeyer/TRACKING/KATJA/POSTPROCESSING/EETCs_stat.py 2020 --sim UBG --metric ratio
Traceback (most recent call last):
  File "/home/vdemeyer/py3/lib/python3.11/site-packages/xesmf/util.py", line 8, in <module>
    import esmpy as ESMF
ModuleNotFoundError: No module named 'esmpy'

During handling of the above exception, another exception occurred:

Traceback (most recent call last):
  File "/home/vdemeyer/TRACKING/KATJA/POSTPROCESSING/EETCs_stat.py", line 10, in <module>
    import xesmf as xe
  File "/home/vdemeyer/py3/lib/python3.11/site-packages/xesmf/__init__.py", line 3, in <module>
    from . import data, util
  File "/home/vdemeyer/py3/lib/python3.11/site-packages/xesmf/util.py", line 10, in <module>
    import ESMF
ModuleNotFoundError: No module named 'ESMF'
Traceback (most recent call last):
  File "/home/vdemeyer/py3/lib/python3.11/site-packages/xesmf/util.py", line 8, in <module>
    import esmpy as ESMF
ModuleNotFoundError: No module named 'esmpy'

During handling of the above exception, another exception occurred:

Traceback (most recent call last):
  File "/home/vdemeyer/TRACKING/KATJA/POSTPROCESSING/EETCs_stat.py", line 10, in <module>
    import xesmf as xe
  File "/home/vdemeyer/py3/lib/python3.11/site-packages/xesmf/__init__.py", line 3, in <module>
    from . import data, util
  File "/home/vdemeyer/py3/lib/python3.11/site-packages/xesmf/util.py", line 10, in <module>
    import ESMF
ModuleNotFoundError: No module named 'ESMF'
#executed by process	1 in 0.552858s	with status	1 : python /home/vdemeyer/TRACKING/KATJA/POSTPROCESSING/EETCs_stat.py 2022 --sim UBG --metric ratio
#executed by process	2 in 0.552865s	with status	1 : python /home/vdemeyer/TRACKING/KATJA/POSTPROCESSING/EETCs_stat.py 2021 --sim UBG --metric ratio
Traceback (most recent call last):
  File "/home/vdemeyer/py3/lib/python3.11/site-packages/xesmf/util.py", line 8, in <module>
Traceback (most recent call last):
  File "/home/vdemeyer/py3/lib/python3.11/site-packages/xesmf/util.py", line 8, in <module>
    import esmpy as ESMF
ModuleNotFoundError: No module named 'esmpy'

During handling of the above exception, another exception occurred:

Traceback (most recent call last):
  File "/home/vdemeyer/TRACKING/KATJA/POSTPROCESSING/EETCs_stat.py", line 10, in <module>
    import xesmf as xe
  File "/home/vdemeyer/py3/lib/python3.11/site-packages/xesmf/__init__.py", line 3, in <module>
    import esmpy as ESMF
ModuleNotFoundError: No module named 'esmpy'

During handling of the above exception, another exception occurred:

Traceback (most recent call last):
  File "/home/vdemeyer/TRACKING/KATJA/POSTPROCESSING/EETCs_stat.py", line 10, in <module>
    import xesmf as xe
  File "/home/vdemeyer/py3/lib/python3.11/site-packages/xesmf/__init__.py", line 3, in <module>
    from . import data, util
  File "/home/vdemeyer/py3/lib/python3.11/site-packages/xesmf/util.py", line 10, in <module>
    import ESMF
ModuleNotFoundError: No module named 'ESMF'
    from . import data, util
  File "/home/vdemeyer/py3/lib/python3.11/site-packages/xesmf/util.py", line 10, in <module>
    import ESMF
ModuleNotFoundError: No module named 'ESMF'
#executed by process	7 in 0.500649s	with status	1 : python /home/vdemeyer/TRACKING/KATJA/POSTPROCESSING/EETCs_stat.py 2024 --sim UBG --metric ratio
#executed by process	8 in 0.500656s	with status	1 : python /home/vdemeyer/TRACKING/KATJA/POSTPROCESSING/EETCs_stat.py 2023 --sim UBG --metric ratio
Traceback (most recent call last):
  File "/home/vdemeyer/py3/lib/python3.11/site-packages/xesmf/util.py", line 8, in <module>
Traceback (most recent call last):
  File "/home/vdemeyer/py3/lib/python3.11/site-packages/xesmf/util.py", line 8, in <module>
    import esmpy as ESMF
ModuleNotFoundError: No module named 'esmpy'

During handling of the above exception, another exception occurred:

Traceback (most recent call last):
  File "/home/vdemeyer/TRACKING/KATJA/POSTPROCESSING/EETCs_stat.py", line 10, in <module>
    import xesmf as xe
  File "/home/vdemeyer/py3/lib/python3.11/site-packages/xesmf/__init__.py", line 3, in <module>
    from . import data, util
  File "/home/vdemeyer/py3/lib/python3.11/site-packages/xesmf/util.py", line 10, in <module>
    import ESMF
ModuleNotFoundError: No module named 'ESMF'
    import esmpy as ESMF
ModuleNotFoundError: No module named 'esmpy'

During handling of the above exception, another exception occurred:

Traceback (most recent call last):
  File "/home/vdemeyer/TRACKING/KATJA/POSTPROCESSING/EETCs_stat.py", line 10, in <module>
    import xesmf as xe
  File "/home/vdemeyer/py3/lib/python3.11/site-packages/xesmf/__init__.py", line 3, in <module>
    from . import data, util
  File "/home/vdemeyer/py3/lib/python3.11/site-packages/xesmf/util.py", line 10, in <module>
    import ESMF
ModuleNotFoundError: No module named 'ESMF'
Traceback (most recent call last):
  File "/home/vdemeyer/py3/lib/python3.11/site-packages/xesmf/util.py", line 8, in <module>
    import esmpy as ESMF
ModuleNotFoundError: No module named 'esmpy'

During handling of the above exception, another exception occurred:

Traceback (most recent call last):
  File "/home/vdemeyer/TRACKING/KATJA/POSTPROCESSING/EETCs_stat.py", line 10, in <module>
    import xesmf as xe
  File "/home/vdemeyer/py3/lib/python3.11/site-packages/xesmf/__init__.py", line 3, in <module>
    from . import data, util
  File "/home/vdemeyer/py3/lib/python3.11/site-packages/xesmf/util.py", line 10, in <module>
    import ESMF
ModuleNotFoundError: No module named 'ESMF'
Traceback (most recent call last):
  File "/home/vdemeyer/py3/lib/python3.11/site-packages/xesmf/util.py", line 8, in <module>
    import esmpy as ESMF
ModuleNotFoundError: No module named 'esmpy'

During handling of the above exception, another exception occurred:

Traceback (most recent call last):
  File "/home/vdemeyer/TRACKING/KATJA/POSTPROCESSING/EETCs_stat.py", line 10, in <module>
    import xesmf as xe
  File "/home/vdemeyer/py3/lib/python3.11/site-packages/xesmf/__init__.py", line 3, in <module>
    from . import data, util
  File "/home/vdemeyer/py3/lib/python3.11/site-packages/xesmf/util.py", line 10, in <module>
    import ESMF
ModuleNotFoundError: No module named 'ESMF'
Traceback (most recent call last):
  File "/home/vdemeyer/py3/lib/python3.11/site-packages/xesmf/util.py", line 8, in <module>
    import esmpy as ESMF
ModuleNotFoundError: No module named 'esmpy'

During handling of the above exception, another exception occurred:

Traceback (most recent call last):
  File "/home/vdemeyer/TRACKING/KATJA/POSTPROCESSING/EETCs_stat.py", line 10, in <module>
    import xesmf as xe
  File "/home/vdemeyer/py3/lib/python3.11/site-packages/xesmf/__init__.py", line 3, in <module>
    from . import data, util
  File "/home/vdemeyer/py3/lib/python3.11/site-packages/xesmf/util.py", line 10, in <module>
    import ESMF
ModuleNotFoundError: No module named 'ESMF'
#executed by process	3 in 0.510081s	with status	1 : python /home/vdemeyer/TRACKING/KATJA/POSTPROCESSING/EETCs_stat.py 2026 --sim UBG --metric ratio
#executed by process	4 in 0.510089s	with status	1 : python /home/vdemeyer/TRACKING/KATJA/POSTPROCESSING/EETCs_stat.py 2025 --sim UBG --metric ratio
#executed by process	5 in 0.510825s	with status	1 : python /home/vdemeyer/TRACKING/KATJA/POSTPROCESSING/EETCs_stat.py 2028 --sim UBG --metric ratio
#executed by process	6 in 0.510833s	with status	1 : python /home/vdemeyer/TRACKING/KATJA/POSTPROCESSING/EETCs_stat.py 2027 --sim UBG --metric ratio
#executed by process	9 in 0.495977s	with status	1 : python /home/vdemeyer/TRACKING/KATJA/POSTPROCESSING/EETCs_stat.py 2029 --sim UBG --metric ratio
Traceback (most recent call last):
  File "/home/vdemeyer/py3/lib/python3.11/site-packages/xesmf/util.py", line 8, in <module>
    import esmpy as ESMF
ModuleNotFoundError: No module named 'esmpy'

During handling of the above exception, another exception occurred:

Traceback (most recent call last):
  File "/home/vdemeyer/TRACKING/KATJA/POSTPROCESSING/EETCs_stat.py", line 10, in <module>
    import xesmf as xe
  File "/home/vdemeyer/py3/lib/python3.11/site-packages/xesmf/__init__.py", line 3, in <module>
    from . import data, util
  File "/home/vdemeyer/py3/lib/python3.11/site-packages/xesmf/util.py", line 10, in <module>
    import ESMF
ModuleNotFoundError: No module named 'ESMF'
Traceback (most recent call last):
  File "/home/vdemeyer/py3/lib/python3.11/site-packages/xesmf/util.py", line 8, in <module>
    import esmpy as ESMF
ModuleNotFoundError: No module named 'esmpy'

During handling of the above exception, another exception occurred:

Traceback (most recent call last):
  File "/home/vdemeyer/TRACKING/KATJA/POSTPROCESSING/EETCs_stat.py", line 10, in <module>
    import xesmf as xe
  File "/home/vdemeyer/py3/lib/python3.11/site-packages/xesmf/__init__.py", line 3, in <module>
    from . import data, util
  File "/home/vdemeyer/py3/lib/python3.11/site-packages/xesmf/util.py", line 10, in <module>
    import ESMF
ModuleNotFoundError: No module named 'ESMF'
Traceback (most recent call last):
  File "/home/vdemeyer/py3/lib/python3.11/site-packages/xesmf/util.py", line 8, in <module>
    import esmpy as ESMF
ModuleNotFoundError: No module named 'esmpy'

During handling of the above exception, another exception occurred:

Traceback (most recent call last):
  File "/home/vdemeyer/TRACKING/KATJA/POSTPROCESSING/EETCs_stat.py", line 10, in <module>
Traceback (most recent call last):
  File "/home/vdemeyer/py3/lib/python3.11/site-packages/xesmf/util.py", line 8, in <module>
    import esmpy as ESMF
ModuleNotFoundError: No module named 'esmpy'

During handling of the above exception, another exception occurred:

Traceback (most recent call last):
  File "/home/vdemeyer/TRACKING/KATJA/POSTPROCESSING/EETCs_stat.py", line 10, in <module>
    import xesmf as xe
  File "/home/vdemeyer/py3/lib/python3.11/site-packages/xesmf/__init__.py", line 3, in <module>
    from . import data, util
  File "/home/vdemeyer/py3/lib/python3.11/site-packages/xesmf/util.py", line 10, in <module>
    import xesmf as xe
  File "/home/vdemeyer/py3/lib/python3.11/site-packages/xesmf/__init__.py", line 3, in <module>
    from . import data, util
  File "/home/vdemeyer/py3/lib/python3.11/site-packages/xesmf/util.py", line 10, in <module>
    import ESMF
ModuleNotFoundError: No module named 'ESMF'
    import ESMF
ModuleNotFoundError: No module named 'ESMF'
#executed by process	1 in 0.553779s	with status	1 : python /home/vdemeyer/TRACKING/KATJA/POSTPROCESSING/EETCs_stat.py 2031 --sim UBG --metric ratio
#executed by process	2 in 0.556658s	with status	1 : python /home/vdemeyer/TRACKING/KATJA/POSTPROCESSING/EETCs_stat.py 2030 --sim UBG --metric ratio
#executed by process	7 in 0.504426s	with status	1 : python /home/vdemeyer/TRACKING/KATJA/POSTPROCESSING/EETCs_stat.py 2032 --sim UBG --metric ratio
#executed by process	8 in 0.504424s	with status	1 : python /home/vdemeyer/TRACKING/KATJA/POSTPROCESSING/EETCs_stat.py 2033 --sim UBG --metric ratio
Traceback (most recent call last):
  File "/home/vdemeyer/py3/lib/python3.11/site-packages/xesmf/util.py", line 8, in <module>
    import esmpy as ESMF
ModuleNotFoundError: No module named 'esmpy'

During handling of the above exception, another exception occurred:

Traceback (most recent call last):
  File "/home/vdemeyer/TRACKING/KATJA/POSTPROCESSING/EETCs_stat.py", line 10, in <module>
    import xesmf as xe
  File "/home/vdemeyer/py3/lib/python3.11/site-packages/xesmf/__init__.py", line 3, in <module>
    from . import data, util
  File "/home/vdemeyer/py3/lib/python3.11/site-packages/xesmf/util.py", line 10, in <module>
    import ESMF
ModuleNotFoundError: No module named 'ESMF'
Traceback (most recent call last):
  File "/home/vdemeyer/py3/lib/python3.11/site-packages/xesmf/util.py", line 8, in <module>
    import esmpy as ESMF
ModuleNotFoundError: No module named 'esmpy'

During handling of the above exception, another exception occurred:

Traceback (most recent call last):
  File "/home/vdemeyer/TRACKING/KATJA/POSTPROCESSING/EETCs_stat.py", line 10, in <module>
    import xesmf as xe
  File "/home/vdemeyer/py3/lib/python3.11/site-packages/xesmf/__init__.py", line 3, in <module>
    from . import data, util
  File "/home/vdemeyer/py3/lib/python3.11/site-packages/xesmf/util.py", line 10, in <module>
    import ESMF
ModuleNotFoundError: No module named 'ESMF'
Traceback (most recent call last):
  File "/home/vdemeyer/py3/lib/python3.11/site-packages/xesmf/util.py", line 8, in <module>
    import esmpy as ESMF
ModuleNotFoundError: No module named 'esmpy'

During handling of the above exception, another exception occurred:

Traceback (most recent call last):
  File "/home/vdemeyer/TRACKING/KATJA/POSTPROCESSING/EETCs_stat.py", line 10, in <module>
    import xesmf as xe
  File "/home/vdemeyer/py3/lib/python3.11/site-packages/xesmf/__init__.py", line 3, in <module>
    from . import data, util
  File "/home/vdemeyer/py3/lib/python3.11/site-packages/xesmf/util.py", line 10, in <module>
    import ESMF
ModuleNotFoundError: No module named 'ESMF'
Traceback (most recent call last):
  File "/home/vdemeyer/py3/lib/python3.11/site-packages/xesmf/util.py", line 8, in <module>
    import esmpy as ESMF
ModuleNotFoundError: No module named 'esmpy'

During handling of the above exception, another exception occurred:

Traceback (most recent call last):
  File "/home/vdemeyer/TRACKING/KATJA/POSTPROCESSING/EETCs_stat.py", line 10, in <module>
    import xesmf as xe
  File "/home/vdemeyer/py3/lib/python3.11/site-packages/xesmf/__init__.py", line 3, in <module>
    from . import data, util
  File "/home/vdemeyer/py3/lib/python3.11/site-packages/xesmf/util.py", line 10, in <module>
    import ESMF
ModuleNotFoundError: No module named 'ESMF'
Traceback (most recent call last):
  File "/home/vdemeyer/py3/lib/python3.11/site-packages/xesmf/util.py", line 8, in <module>
    import esmpy as ESMF
ModuleNotFoundError: No module named 'esmpy'

During handling of the above exception, another exception occurred:

Traceback (most recent call last):
  File "/home/vdemeyer/TRACKING/KATJA/POSTPROCESSING/EETCs_stat.py", line 10, in <module>
    import xesmf as xe
  File "/home/vdemeyer/py3/lib/python3.11/site-packages/xesmf/__init__.py", line 3, in <module>
    from . import data, util
  File "/home/vdemeyer/py3/lib/python3.11/site-packages/xesmf/util.py", line 10, in <module>
    import ESMF
ModuleNotFoundError: No module named 'ESMF'
#executed by process	3 in 0.5138s	with status	1 : python /home/vdemeyer/TRACKING/KATJA/POSTPROCESSING/EETCs_stat.py 2034 --sim UBG --metric ratio
#executed by process	4 in 0.513799s	with status	1 : python /home/vdemeyer/TRACKING/KATJA/POSTPROCESSING/EETCs_stat.py 2035 --sim UBG --metric ratio
#executed by process	5 in 0.511068s	with status	1 : python /home/vdemeyer/TRACKING/KATJA/POSTPROCESSING/EETCs_stat.py 2037 --sim UBG --metric ratio
#executed by process	6 in 0.511075s	with status	1 : python /home/vdemeyer/TRACKING/KATJA/POSTPROCESSING/EETCs_stat.py 2036 --sim UBG --metric ratio
#executed by process	9 in 0.49572s	with status	1 : python /home/vdemeyer/TRACKING/KATJA/POSTPROCESSING/EETCs_stat.py 2038 --sim UBG --metric ratio
Traceback (most recent call last):
  File "/home/vdemeyer/py3/lib/python3.11/site-packages/xesmf/util.py", line 8, in <module>
    import esmpy as ESMF
ModuleNotFoundError: No module named 'esmpy'

During handling of the above exception, another exception occurred:

Traceback (most recent call last):
  File "/home/vdemeyer/TRACKING/KATJA/POSTPROCESSING/EETCs_stat.py", line 10, in <module>
    import xesmf as xe
  File "/home/vdemeyer/py3/lib/python3.11/site-packages/xesmf/__init__.py", line 3, in <module>
    from . import data, util
  File "/home/vdemeyer/py3/lib/python3.11/site-packages/xesmf/util.py", line 10, in <module>
    import ESMF
ModuleNotFoundError: No module named 'ESMF'
Traceback (most recent call last):
  File "/home/vdemeyer/py3/lib/python3.11/site-packages/xesmf/util.py", line 8, in <module>
    import esmpy as ESMF
ModuleNotFoundError: No module named 'esmpy'

During handling of the above exception, another exception occurred:

Traceback (most recent call last):
  File "/home/vdemeyer/TRACKING/KATJA/POSTPROCESSING/EETCs_stat.py", line 10, in <module>
    import xesmf as xe
  File "/home/vdemeyer/py3/lib/python3.11/site-packages/xesmf/__init__.py", line 3, in <module>
    from . import data, util
  File "/home/vdemeyer/py3/lib/python3.11/site-packages/xesmf/util.py", line 10, in <module>
    import ESMF
ModuleNotFoundError: No module named 'ESMF'
Traceback (most recent call last):
  File "/home/vdemeyer/py3/lib/python3.11/site-packages/xesmf/util.py", line 8, in <module>
    import esmpy as ESMF
ModuleNotFoundError: No module named 'esmpy'

During handling of the above exception, another exception occurred:

Traceback (most recent call last):
  File "/home/vdemeyer/TRACKING/KATJA/POSTPROCESSING/EETCs_stat.py", line 10, in <module>
Traceback (most recent call last):
  File "/home/vdemeyer/py3/lib/python3.11/site-packages/xesmf/util.py", line 8, in <module>
    import esmpy as ESMF
ModuleNotFoundError: No module named 'esmpy'

During handling of the above exception, another exception occurred:

Traceback (most recent call last):
  File "/home/vdemeyer/TRACKING/KATJA/POSTPROCESSING/EETCs_stat.py", line 10, in <module>
    import xesmf as xe
  File "/home/vdemeyer/py3/lib/python3.11/site-packages/xesmf/__init__.py", line 3, in <module>
    from . import data, util
  File "/home/vdemeyer/py3/lib/python3.11/site-packages/xesmf/util.py", line 10, in <module>
    import ESMF
ModuleNotFoundError: No module named 'ESMF'
    import xesmf as xe
  File "/home/vdemeyer/py3/lib/python3.11/site-packages/xesmf/__init__.py", line 3, in <module>
    from . import data, util
  File "/home/vdemeyer/py3/lib/python3.11/site-packages/xesmf/util.py", line 10, in <module>
    import ESMF
ModuleNotFoundError: No module named 'ESMF'
#executed by process	1 in 0.561869s	with status	1 : python /home/vdemeyer/TRACKING/KATJA/POSTPROCESSING/EETCs_stat.py 2039 --sim UBG --metric ratio
#executed by process	2 in 0.559365s	with status	1 : python /home/vdemeyer/TRACKING/KATJA/POSTPROCESSING/EETCs_stat.py 2040 --sim UBG --metric ratio
#executed by process	7 in 0.510352s	with status	1 : python /home/vdemeyer/TRACKING/KATJA/POSTPROCESSING/EETCs_stat.py 2042 --sim UBG --metric ratio
#executed by process	8 in 0.510355s	with status	1 : python /home/vdemeyer/TRACKING/KATJA/POSTPROCESSING/EETCs_stat.py 2041 --sim UBG --metric ratio
Traceback (most recent call last):
  File "/home/vdemeyer/py3/lib/python3.11/site-packages/xesmf/util.py", line 8, in <module>
    import esmpy as ESMF
ModuleNotFoundError: No module named 'esmpy'

During handling of the above exception, another exception occurred:

Traceback (most recent call last):
  File "/home/vdemeyer/TRACKING/KATJA/POSTPROCESSING/EETCs_stat.py", line 10, in <module>
    import xesmf as xe
  File "/home/vdemeyer/py3/lib/python3.11/site-packages/xesmf/__init__.py", line 3, in <module>
    from . import data, util
  File "/home/vdemeyer/py3/lib/python3.11/site-packages/xesmf/util.py", line 10, in <module>
    import ESMF
ModuleNotFoundError: No module named 'ESMF'
Traceback (most recent call last):
  File "/home/vdemeyer/py3/lib/python3.11/site-packages/xesmf/util.py", line 8, in <module>
    import esmpy as ESMF
ModuleNotFoundError: No module named 'esmpy'

During handling of the above exception, another exception occurred:

Traceback (most recent call last):
  File "/home/vdemeyer/TRACKING/KATJA/POSTPROCESSING/EETCs_stat.py", line 10, in <module>
    import xesmf as xe
  File "/home/vdemeyer/py3/lib/python3.11/site-packages/xesmf/__init__.py", line 3, in <module>
    from . import data, util
  File "/home/vdemeyer/py3/lib/python3.11/site-packages/xesmf/util.py", line 10, in <module>
    import ESMF
ModuleNotFoundError: No module named 'ESMF'
Traceback (most recent call last):
  File "/home/vdemeyer/py3/lib/python3.11/site-packages/xesmf/util.py", line 8, in <module>
    import esmpy as ESMF
ModuleNotFoundError: No module named 'esmpy'

During handling of the above exception, another exception occurred:

Traceback (most recent call last):
  File "/home/vdemeyer/TRACKING/KATJA/POSTPROCESSING/EETCs_stat.py", line 10, in <module>
    import xesmf as xe
  File "/home/vdemeyer/py3/lib/python3.11/site-packages/xesmf/__init__.py", line 3, in <module>
    from . import data, util
  File "/home/vdemeyer/py3/lib/python3.11/site-packages/xesmf/util.py", line 10, in <module>
    import ESMF
ModuleNotFoundError: No module named 'ESMF'
Traceback (most recent call last):
  File "/home/vdemeyer/py3/lib/python3.11/site-packages/xesmf/util.py", line 8, in <module>
    import esmpy as ESMF
ModuleNotFoundError: No module named 'esmpy'

During handling of the above exception, another exception occurred:

Traceback (most recent call last):
  File "/home/vdemeyer/TRACKING/KATJA/POSTPROCESSING/EETCs_stat.py", line 10, in <module>
    import xesmf as xe
  File "/home/vdemeyer/py3/lib/python3.11/site-packages/xesmf/__init__.py", line 3, in <module>
    from . import data, util
  File "/home/vdemeyer/py3/lib/python3.11/site-packages/xesmf/util.py", line 10, in <module>
    import ESMF
ModuleNotFoundError: No module named 'ESMF'
Traceback (most recent call last):
  File "/home/vdemeyer/py3/lib/python3.11/site-packages/xesmf/util.py", line 8, in <module>
    import esmpy as ESMF
ModuleNotFoundError: No module named 'esmpy'

During handling of the above exception, another exception occurred:

Traceback (most recent call last):
  File "/home/vdemeyer/TRACKING/KATJA/POSTPROCESSING/EETCs_stat.py", line 10, in <module>
    import xesmf as xe
  File "/home/vdemeyer/py3/lib/python3.11/site-packages/xesmf/__init__.py", line 3, in <module>
    from . import data, util
  File "/home/vdemeyer/py3/lib/python3.11/site-packages/xesmf/util.py", line 10, in <module>
    import ESMF
ModuleNotFoundError: No module named 'ESMF'
#executed by process	9 in 0.475484s	with status	1 : python /home/vdemeyer/TRACKING/KATJA/POSTPROCESSING/EETCs_stat.py 2047 --sim UBG --metric ratio
#executed by process	3 in 0.512954s	with status	1 : python /home/vdemeyer/TRACKING/KATJA/POSTPROCESSING/EETCs_stat.py 2043 --sim UBG --metric ratio
#executed by process	4 in 0.51295s	with status	1 : python /home/vdemeyer/TRACKING/KATJA/POSTPROCESSING/EETCs_stat.py 2044 --sim UBG --metric ratio
#executed by process	5 in 0.513954s	with status	1 : python /home/vdemeyer/TRACKING/KATJA/POSTPROCESSING/EETCs_stat.py 2046 --sim UBG --metric ratio
#executed by process	6 in 0.513954s	with status	1 : python /home/vdemeyer/TRACKING/KATJA/POSTPROCESSING/EETCs_stat.py 2045 --sim UBG --metric ratio
Traceback (most recent call last):
  File "/home/vdemeyer/py3/lib/python3.11/site-packages/xesmf/util.py", line 8, in <module>
    import esmpy as ESMF
ModuleNotFoundError: No module named 'esmpy'

During handling of the above exception, another exception occurred:

Traceback (most recent call last):
  File "/home/vdemeyer/TRACKING/KATJA/POSTPROCESSING/EETCs_stat.py", line 10, in <module>
    import xesmf as xe
  File "/home/vdemeyer/py3/lib/python3.11/site-packages/xesmf/__init__.py", line 3, in <module>
    from . import data, util
  File "/home/vdemeyer/py3/lib/python3.11/site-packages/xesmf/util.py", line 10, in <module>
    import ESMF
ModuleNotFoundError: No module named 'ESMF'
Traceback (most recent call last):
  File "/home/vdemeyer/py3/lib/python3.11/site-packages/xesmf/util.py", line 8, in <module>
    import esmpy as ESMF
ModuleNotFoundError: No module named 'esmpy'

During handling of the above exception, another exception occurred:

Traceback (most recent call last):
  File "/home/vdemeyer/TRACKING/KATJA/POSTPROCESSING/EETCs_stat.py", line 10, in <module>
    import xesmf as xe
  File "/home/vdemeyer/py3/lib/python3.11/site-packages/xesmf/__init__.py", line 3, in <module>
    from . import data, util
  File "/home/vdemeyer/py3/lib/python3.11/site-packages/xesmf/util.py", line 10, in <module>
    import ESMF
ModuleNotFoundError: No module named 'ESMF'
Traceback (most recent call last):
  File "/home/vdemeyer/py3/lib/python3.11/site-packages/xesmf/util.py", line 8, in <module>
    import esmpy as ESMF
ModuleNotFoundError: No module named 'esmpy'

During handling of the above exception, another exception occurred:

Traceback (most recent call last):
  File "/home/vdemeyer/TRACKING/KATJA/POSTPROCESSING/EETCs_stat.py", line 10, in <module>
    import xesmf as xe
  File "/home/vdemeyer/py3/lib/python3.11/site-packages/xesmf/__init__.py", line 3, in <module>
    from . import data, util
  File "/home/vdemeyer/py3/lib/python3.11/site-packages/xesmf/util.py", line 10, in <module>
    import ESMF
ModuleNotFoundError: No module named 'ESMF'
Traceback (most recent call last):
  File "/home/vdemeyer/py3/lib/python3.11/site-packages/xesmf/util.py", line 8, in <module>
    import esmpy as ESMF
ModuleNotFoundError: No module named 'esmpy'

During handling of the above exception, another exception occurred:

Traceback (most recent call last):
  File "/home/vdemeyer/TRACKING/KATJA/POSTPROCESSING/EETCs_stat.py", line 10, in <module>
    import xesmf as xe
  File "/home/vdemeyer/py3/lib/python3.11/site-packages/xesmf/__init__.py", line 3, in <module>
    from . import data, util
  File "/home/vdemeyer/py3/lib/python3.11/site-packages/xesmf/util.py", line 10, in <module>
    import ESMF
ModuleNotFoundError: No module named 'ESMF'
#executed by process	1 in 0.544513s	with status	1 : python /home/vdemeyer/TRACKING/KATJA/POSTPROCESSING/EETCs_stat.py 2048 --sim UBG --metric ratio
#executed by process	2 in 0.544192s	with status	1 : python /home/vdemeyer/TRACKING/KATJA/POSTPROCESSING/EETCs_stat.py 2049 --sim UBG --metric ratio
#executed by process	7 in 0.515383s	with status	1 : python /home/vdemeyer/TRACKING/KATJA/POSTPROCESSING/EETCs_stat.py 2050 --sim UBG --metric ratio
#executed by process	8 in 0.515379s	with status	1 : python /home/vdemeyer/TRACKING/KATJA/POSTPROCESSING/EETCs_stat.py 2051 --sim UBG --metric ratio
Traceback (most recent call last):
  File "/home/vdemeyer/py3/lib/python3.11/site-packages/xesmf/util.py", line 8, in <module>
    import esmpy as ESMF
ModuleNotFoundError: No module named 'esmpy'

During handling of the above exception, another exception occurred:

Traceback (most recent call last):
  File "/home/vdemeyer/TRACKING/KATJA/POSTPROCESSING/EETCs_stat.py", line 10, in <module>
    import xesmf as xe
  File "/home/vdemeyer/py3/lib/python3.11/site-packages/xesmf/__init__.py", line 3, in <module>
    from . import data, util
  File "/home/vdemeyer/py3/lib/python3.11/site-packages/xesmf/util.py", line 10, in <module>
    import ESMF
ModuleNotFoundError: No module named 'ESMF'
Traceback (most recent call last):
  File "/home/vdemeyer/py3/lib/python3.11/site-packages/xesmf/util.py", line 8, in <module>
    import esmpy as ESMF
ModuleNotFoundError: No module named 'esmpy'

During handling of the above exception, another exception occurred:

Traceback (most recent call last):
  File "/home/vdemeyer/TRACKING/KATJA/POSTPROCESSING/EETCs_stat.py", line 10, in <module>
    import xesmf as xe
  File "/home/vdemeyer/py3/lib/python3.11/site-packages/xesmf/__init__.py", line 3, in <module>
    from . import data, util
Traceback (most recent call last):
  File "/home/vdemeyer/py3/lib/python3.11/site-packages/xesmf/util.py", line 8, in <module>
    import esmpy as ESMF
ModuleNotFoundError: No module named 'esmpy'

During handling of the above exception, another exception occurred:

Traceback (most recent call last):
  File "/home/vdemeyer/TRACKING/KATJA/POSTPROCESSING/EETCs_stat.py", line 10, in <module>
    import xesmf as xe
  File "/home/vdemeyer/py3/lib/python3.11/site-packages/xesmf/__init__.py", line 3, in <module>
    from . import data, util
  File "/home/vdemeyer/py3/lib/python3.11/site-packages/xesmf/util.py", line 10, in <module>
Traceback (most recent call last):
  File "/home/vdemeyer/py3/lib/python3.11/site-packages/xesmf/util.py", line 8, in <module>
    import esmpy as ESMF
ModuleNotFoundError: No module named 'esmpy'

During handling of the above exception, another exception occurred:

Traceback (most recent call last):
  File "/home/vdemeyer/TRACKING/KATJA/POSTPROCESSING/EETCs_stat.py", line 10, in <module>
    import xesmf as xe
  File "/home/vdemeyer/py3/lib/python3.11/site-packages/xesmf/__init__.py", line 3, in <module>
Traceback (most recent call last):
  File "/home/vdemeyer/py3/lib/python3.11/site-packages/xesmf/util.py", line 8, in <module>
    import esmpy as ESMF
ModuleNotFoundError: No module named 'esmpy'

During handling of the above exception, another exception occurred:

Traceback (most recent call last):
  File "/home/vdemeyer/TRACKING/KATJA/POSTPROCESSING/EETCs_stat.py", line 10, in <module>
    import xesmf as xe
  File "/home/vdemeyer/py3/lib/python3.11/site-packages/xesmf/__init__.py", line 3, in <module>
    from . import data, util
  File "/home/vdemeyer/py3/lib/python3.11/site-packages/xesmf/util.py", line 10, in <module>
  File "/home/vdemeyer/py3/lib/python3.11/site-packages/xesmf/util.py", line 10, in <module>
    import ESMF
ModuleNotFoundError: No module named 'ESMF'
    import ESMF
ModuleNotFoundError: No module named 'ESMF'
    import ESMF
ModuleNotFoundError: No module named 'ESMF'
    from . import data, util
  File "/home/vdemeyer/py3/lib/python3.11/site-packages/xesmf/util.py", line 10, in <module>
    import ESMF
ModuleNotFoundError: No module named 'ESMF'
#executed by process	9 in 0.473091s	with status	1 : python /home/vdemeyer/TRACKING/KATJA/POSTPROCESSING/EETCs_stat.py 2052 --sim UBG --metric ratio
#executed by process	3 in 0.521675s	with status	1 : python /home/vdemeyer/TRACKING/KATJA/POSTPROCESSING/EETCs_stat.py 2053 --sim UBG --metric ratio
#executed by process	4 in 0.521674s	with status	1 : python /home/vdemeyer/TRACKING/KATJA/POSTPROCESSING/EETCs_stat.py 2054 --sim UBG --metric ratio
#executed by process	5 in 0.520209s	with status	1 : python /home/vdemeyer/TRACKING/KATJA/POSTPROCESSING/EETCs_stat.py 2056 --sim UBG --metric ratio
#executed by process	6 in 0.520213s	with status	1 : python /home/vdemeyer/TRACKING/KATJA/POSTPROCESSING/EETCs_stat.py 2055 --sim UBG --metric ratio
Traceback (most recent call last):
  File "/home/vdemeyer/py3/lib/python3.11/site-packages/xesmf/util.py", line 8, in <module>
    import esmpy as ESMF
ModuleNotFoundError: No module named 'esmpy'

During handling of the above exception, another exception occurred:

Traceback (most recent call last):
  File "/home/vdemeyer/TRACKING/KATJA/POSTPROCESSING/EETCs_stat.py", line 10, in <module>
    import xesmf as xe
  File "/home/vdemeyer/py3/lib/python3.11/site-packages/xesmf/__init__.py", line 3, in <module>
    from . import data, util
  File "/home/vdemeyer/py3/lib/python3.11/site-packages/xesmf/util.py", line 10, in <module>
Traceback (most recent call last):
  File "/home/vdemeyer/py3/lib/python3.11/site-packages/xesmf/util.py", line 8, in <module>
    import esmpy as ESMF
ModuleNotFoundError: No module named 'esmpy'

During handling of the above exception, another exception occurred:

Traceback (most recent call last):
  File "/home/vdemeyer/TRACKING/KATJA/POSTPROCESSING/EETCs_stat.py", line 10, in <module>
    import xesmf as xe
  File "/home/vdemeyer/py3/lib/python3.11/site-packages/xesmf/__init__.py", line 3, in <module>
    import ESMF
ModuleNotFoundError: No module named 'ESMF'
Traceback (most recent call last):
  File "/home/vdemeyer/py3/lib/python3.11/site-packages/xesmf/util.py", line 8, in <module>
    import esmpy as ESMF
ModuleNotFoundError: No module named 'esmpy'

During handling of the above exception, another exception occurred:

Traceback (most recent call last):
  File "/home/vdemeyer/TRACKING/KATJA/POSTPROCESSING/EETCs_stat.py", line 10, in <module>
    import xesmf as xe
  File "/home/vdemeyer/py3/lib/python3.11/site-packages/xesmf/__init__.py", line 3, in <module>
    from . import data, util
  File "/home/vdemeyer/py3/lib/python3.11/site-packages/xesmf/util.py", line 10, in <module>
    import ESMF
ModuleNotFoundError: No module named 'ESMF'
Traceback (most recent call last):
  File "/home/vdemeyer/py3/lib/python3.11/site-packages/xesmf/util.py", line 8, in <module>
    import esmpy as ESMF
ModuleNotFoundError: No module named 'esmpy'

During handling of the above exception, another exception occurred:

Traceback (most recent call last):
  File "/home/vdemeyer/TRACKING/KATJA/POSTPROCESSING/EETCs_stat.py", line 10, in <module>
    import xesmf as xe
  File "/home/vdemeyer/py3/lib/python3.11/site-packages/xesmf/__init__.py", line 3, in <module>
    from . import data, util
  File "/home/vdemeyer/py3/lib/python3.11/site-packages/xesmf/util.py", line 10, in <module>
    import ESMF
ModuleNotFoundError: No module named 'ESMF'
    from . import data, util
  File "/home/vdemeyer/py3/lib/python3.11/site-packages/xesmf/util.py", line 10, in <module>
    import ESMF
ModuleNotFoundError: No module named 'ESMF'
#executed by process	7 in 0.510406s	with status	1 : python /home/vdemeyer/TRACKING/KATJA/POSTPROCESSING/EETCs_stat.py 2059 --sim UBG --metric ratio
#executed by process	8 in 0.510406s	with status	1 : python /home/vdemeyer/TRACKING/KATJA/POSTPROCESSING/EETCs_stat.py 2060 --sim UBG --metric ratio
Traceback (most recent call last):
  File "/home/vdemeyer/py3/lib/python3.11/site-packages/xesmf/util.py", line 8, in <module>
    import esmpy as ESMF
ModuleNotFoundError: No module named 'esmpy'

During handling of the above exception, another exception occurred:

Traceback (most recent call last):
  File "/home/vdemeyer/TRACKING/KATJA/POSTPROCESSING/EETCs_stat.py", line 10, in <module>
    import xesmf as xe
  File "/home/vdemeyer/py3/lib/python3.11/site-packages/xesmf/__init__.py", line 3, in <module>
    from . import data, util
  File "/home/vdemeyer/py3/lib/python3.11/site-packages/xesmf/util.py", line 10, in <module>
    import ESMF
ModuleNotFoundError: No module named 'ESMF'
#executed by process	1 in 0.556346s	with status	1 : python /home/vdemeyer/TRACKING/KATJA/POSTPROCESSING/EETCs_stat.py 2058 --sim UBG --metric ratio
#executed by process	2 in 0.556353s	with status	1 : python /home/vdemeyer/TRACKING/KATJA/POSTPROCESSING/EETCs_stat.py 2057 --sim UBG --metric ratio
#executed by process	9 in 0.465256s	with status	1 : python /home/vdemeyer/TRACKING/KATJA/POSTPROCESSING/EETCs_stat.py 2061 --sim UBG --metric ratio
Traceback (most recent call last):
  File "/home/vdemeyer/py3/lib/python3.11/site-packages/xesmf/util.py", line 8, in <module>
    import esmpy as ESMF
ModuleNotFoundError: No module named 'esmpy'

During handling of the above exception, another exception occurred:

Traceback (most recent call last):
  File "/home/vdemeyer/TRACKING/KATJA/POSTPROCESSING/EETCs_stat.py", line 10, in <module>
    import xesmf as xe
  File "/home/vdemeyer/py3/lib/python3.11/site-packages/xesmf/__init__.py", line 3, in <module>
    from . import data, util
  File "/home/vdemeyer/py3/lib/python3.11/site-packages/xesmf/util.py", line 10, in <module>
    import ESMF
ModuleNotFoundError: No module named 'ESMF'
Traceback (most recent call last):
  File "/home/vdemeyer/py3/lib/python3.11/site-packages/xesmf/util.py", line 8, in <module>
    import esmpy as ESMF
ModuleNotFoundError: No module named 'esmpy'

During handling of the above exception, another exception occurred:

Traceback (most recent call last):
  File "/home/vdemeyer/TRACKING/KATJA/POSTPROCESSING/EETCs_stat.py", line 10, in <module>
    import xesmf as xe
  File "/home/vdemeyer/py3/lib/python3.11/site-packages/xesmf/__init__.py", line 3, in <module>
    from . import data, util
  File "/home/vdemeyer/py3/lib/python3.11/site-packages/xesmf/util.py", line 10, in <module>
    import ESMF
ModuleNotFoundError: No module named 'ESMF'
Traceback (most recent call last):
  File "/home/vdemeyer/py3/lib/python3.11/site-packages/xesmf/util.py", line 8, in <module>
    import esmpy as ESMF
ModuleNotFoundError: No module named 'esmpy'

During handling of the above exception, another exception occurred:

Traceback (most recent call last):
  File "/home/vdemeyer/TRACKING/KATJA/POSTPROCESSING/EETCs_stat.py", line 10, in <module>
    import xesmf as xe
  File "/home/vdemeyer/py3/lib/python3.11/site-packages/xesmf/__init__.py", line 3, in <module>
    from . import data, util
  File "/home/vdemeyer/py3/lib/python3.11/site-packages/xesmf/util.py", line 10, in <module>
    import ESMF
ModuleNotFoundError: No module named 'ESMF'
Traceback (most recent call last):
  File "/home/vdemeyer/py3/lib/python3.11/site-packages/xesmf/util.py", line 8, in <module>
    import esmpy as ESMF
ModuleNotFoundError: No module named 'esmpy'

During handling of the above exception, another exception occurred:

Traceback (most recent call last):
  File "/home/vdemeyer/TRACKING/KATJA/POSTPROCESSING/EETCs_stat.py", line 10, in <module>
    import xesmf as xe
  File "/home/vdemeyer/py3/lib/python3.11/site-packages/xesmf/__init__.py", line 3, in <module>
    from . import data, util
  File "/home/vdemeyer/py3/lib/python3.11/site-packages/xesmf/util.py", line 10, in <module>
    import ESMF
ModuleNotFoundError: No module named 'ESMF'
#executed by process	3 in 0.510781s	with status	1 : python /home/vdemeyer/TRACKING/KATJA/POSTPROCESSING/EETCs_stat.py 2062 --sim UBG --metric ratio
#executed by process	4 in 0.510776s	with status	1 : python /home/vdemeyer/TRACKING/KATJA/POSTPROCESSING/EETCs_stat.py 2063 --sim UBG --metric ratio
#executed by process	5 in 0.512436s	with status	1 : python /home/vdemeyer/TRACKING/KATJA/POSTPROCESSING/EETCs_stat.py 2065 --sim UBG --metric ratio
#executed by process	6 in 0.512436s	with status	1 : python /home/vdemeyer/TRACKING/KATJA/POSTPROCESSING/EETCs_stat.py 2064 --sim UBG --metric ratio
Traceback (most recent call last):
  File "/home/vdemeyer/py3/lib/python3.11/site-packages/xesmf/util.py", line 8, in <module>
    import esmpy as ESMF
ModuleNotFoundError: No module named 'esmpy'

During handling of the above exception, another exception occurred:

Traceback (most recent call last):
  File "/home/vdemeyer/TRACKING/KATJA/POSTPROCESSING/EETCs_stat.py", line 10, in <module>
    import xesmf as xe
  File "/home/vdemeyer/py3/lib/python3.11/site-packages/xesmf/__init__.py", line 3, in <module>
    from . import data, util
  File "/home/vdemeyer/py3/lib/python3.11/site-packages/xesmf/util.py", line 10, in <module>
    import ESMF
ModuleNotFoundError: No module named 'ESMF'
Traceback (most recent call last):
  File "/home/vdemeyer/py3/lib/python3.11/site-packages/xesmf/util.py", line 8, in <module>
    import esmpy as ESMF
ModuleNotFoundError: No module named 'esmpy'

During handling of the above exception, another exception occurred:

Traceback (most recent call last):
  File "/home/vdemeyer/TRACKING/KATJA/POSTPROCESSING/EETCs_stat.py", line 10, in <module>
    import xesmf as xe
  File "/home/vdemeyer/py3/lib/python3.11/site-packages/xesmf/__init__.py", line 3, in <module>
    from . import data, util
  File "/home/vdemeyer/py3/lib/python3.11/site-packages/xesmf/util.py", line 10, in <module>
    import ESMF
ModuleNotFoundError: No module named 'ESMF'
Traceback (most recent call last):
  File "/home/vdemeyer/py3/lib/python3.11/site-packages/xesmf/util.py", line 8, in <module>
    import esmpy as ESMF
ModuleNotFoundError: No module named 'esmpy'

During handling of the above exception, another exception occurred:

Traceback (most recent call last):
  File "/home/vdemeyer/TRACKING/KATJA/POSTPROCESSING/EETCs_stat.py", line 10, in <module>
    import xesmf as xe
  File "/home/vdemeyer/py3/lib/python3.11/site-packages/xesmf/__init__.py", line 3, in <module>
    from . import data, util
  File "/home/vdemeyer/py3/lib/python3.11/site-packages/xesmf/util.py", line 10, in <module>
    import ESMF
ModuleNotFoundError: No module named 'ESMF'
Traceback (most recent call last):
  File "/home/vdemeyer/py3/lib/python3.11/site-packages/xesmf/util.py", line 8, in <module>
    import esmpy as ESMF
ModuleNotFoundError: No module named 'esmpy'

During handling of the above exception, another exception occurred:

Traceback (most recent call last):
  File "/home/vdemeyer/TRACKING/KATJA/POSTPROCESSING/EETCs_stat.py", line 10, in <module>
    import xesmf as xe
  File "/home/vdemeyer/py3/lib/python3.11/site-packages/xesmf/__init__.py", line 3, in <module>
    from . import data, util
  File "/home/vdemeyer/py3/lib/python3.11/site-packages/xesmf/util.py", line 10, in <module>
    import ESMF
ModuleNotFoundError: No module named 'ESMF'
Traceback (most recent call last):
  File "/home/vdemeyer/py3/lib/python3.11/site-packages/xesmf/util.py", line 8, in <module>
    import esmpy as ESMF
ModuleNotFoundError: No module named 'esmpy'

During handling of the above exception, another exception occurred:

Traceback (most recent call last):
  File "/home/vdemeyer/TRACKING/KATJA/POSTPROCESSING/EETCs_stat.py", line 10, in <module>
    import xesmf as xe
  File "/home/vdemeyer/py3/lib/python3.11/site-packages/xesmf/__init__.py", line 3, in <module>
    from . import data, util
  File "/home/vdemeyer/py3/lib/python3.11/site-packages/xesmf/util.py", line 10, in <module>
    import ESMF
ModuleNotFoundError: No module named 'ESMF'
#executed by process	7 in 0.509885s	with status	1 : python /home/vdemeyer/TRACKING/KATJA/POSTPROCESSING/EETCs_stat.py 2066 --sim UBG --metric ratio
#executed by process	8 in 0.50988s	with status	1 : python /home/vdemeyer/TRACKING/KATJA/POSTPROCESSING/EETCs_stat.py 2067 --sim UBG --metric ratio
#executed by process	9 in 0.468342s	with status	1 : python /home/vdemeyer/TRACKING/KATJA/POSTPROCESSING/EETCs_stat.py 2070 --sim UBG --metric ratio
#executed by process	1 in 0.546436s	with status	1 : python /home/vdemeyer/TRACKING/KATJA/POSTPROCESSING/EETCs_stat.py 2069 --sim UBG --metric ratio
#executed by process	2 in 0.547643s	with status	1 : python /home/vdemeyer/TRACKING/KATJA/POSTPROCESSING/EETCs_stat.py 2068 --sim UBG --metric ratio
Traceback (most recent call last):
  File "/home/vdemeyer/py3/lib/python3.11/site-packages/xesmf/util.py", line 8, in <module>
    import esmpy as ESMF
ModuleNotFoundError: No module named 'esmpy'

During handling of the above exception, another exception occurred:

Traceback (most recent call last):
  File "/home/vdemeyer/TRACKING/KATJA/POSTPROCESSING/EETCs_stat.py", line 10, in <module>
    import xesmf as xe
  File "/home/vdemeyer/py3/lib/python3.11/site-packages/xesmf/__init__.py", line 3, in <module>
    from . import data, util
  File "/home/vdemeyer/py3/lib/python3.11/site-packages/xesmf/util.py", line 10, in <module>
    import ESMF
ModuleNotFoundError: No module named 'ESMF'
Traceback (most recent call last):
  File "/home/vdemeyer/py3/lib/python3.11/site-packages/xesmf/util.py", line 8, in <module>
    import esmpy as ESMF
ModuleNotFoundError: No module named 'esmpy'

During handling of the above exception, another exception occurred:

Traceback (most recent call last):
  File "/home/vdemeyer/TRACKING/KATJA/POSTPROCESSING/EETCs_stat.py", line 10, in <module>
    import xesmf as xe
  File "/home/vdemeyer/py3/lib/python3.11/site-packages/xesmf/__init__.py", line 3, in <module>
    from . import data, util
  File "/home/vdemeyer/py3/lib/python3.11/site-packages/xesmf/util.py", line 10, in <module>
    import ESMF
ModuleNotFoundError: No module named 'ESMF'
Traceback (most recent call last):
  File "/home/vdemeyer/py3/lib/python3.11/site-packages/xesmf/util.py", line 8, in <module>
    import esmpy as ESMF
ModuleNotFoundError: No module named 'esmpy'

During handling of the above exception, another exception occurred:

Traceback (most recent call last):
  File "/home/vdemeyer/TRACKING/KATJA/POSTPROCESSING/EETCs_stat.py", line 10, in <module>
    import xesmf as xe
  File "/home/vdemeyer/py3/lib/python3.11/site-packages/xesmf/__init__.py", line 3, in <module>
    from . import data, util
  File "/home/vdemeyer/py3/lib/python3.11/site-packages/xesmf/util.py", line 10, in <module>
    import ESMF
ModuleNotFoundError: No module named 'ESMF'
Traceback (most recent call last):
  File "/home/vdemeyer/py3/lib/python3.11/site-packages/xesmf/util.py", line 8, in <module>
    import esmpy as ESMF
ModuleNotFoundError: No module named 'esmpy'

During handling of the above exception, another exception occurred:

Traceback (most recent call last):
  File "/home/vdemeyer/TRACKING/KATJA/POSTPROCESSING/EETCs_stat.py", line 10, in <module>
    import xesmf as xe
  File "/home/vdemeyer/py3/lib/python3.11/site-packages/xesmf/__init__.py", line 3, in <module>
    from . import data, util
  File "/home/vdemeyer/py3/lib/python3.11/site-packages/xesmf/util.py", line 10, in <module>
    import ESMF
ModuleNotFoundError: No module named 'ESMF'
#executed by process	5 in 0.509337s	with status	1 : python /home/vdemeyer/TRACKING/KATJA/POSTPROCESSING/EETCs_stat.py 2074 --sim UBG --metric ratio
#executed by process	6 in 0.509432s	with status	1 : python /home/vdemeyer/TRACKING/KATJA/POSTPROCESSING/EETCs_stat.py 2073 --sim UBG --metric ratio
#executed by process	3 in 0.511543s	with status	1 : python /home/vdemeyer/TRACKING/KATJA/POSTPROCESSING/EETCs_stat.py 2072 --sim UBG --metric ratio
#executed by process	4 in 0.511548s	with status	1 : python /home/vdemeyer/TRACKING/KATJA/POSTPROCESSING/EETCs_stat.py 2071 --sim UBG --metric ratio
Traceback (most recent call last):
  File "/home/vdemeyer/py3/lib/python3.11/site-packages/xesmf/util.py", line 8, in <module>
    import esmpy as ESMF
ModuleNotFoundError: No module named 'esmpy'

During handling of the above exception, another exception occurred:

Traceback (most recent call last):
  File "/home/vdemeyer/TRACKING/KATJA/POSTPROCESSING/EETCs_stat.py", line 10, in <module>
    import xesmf as xe
  File "/home/vdemeyer/py3/lib/python3.11/site-packages/xesmf/__init__.py", line 3, in <module>
    from . import data, util
  File "/home/vdemeyer/py3/lib/python3.11/site-packages/xesmf/util.py", line 10, in <module>
Traceback (most recent call last):
  File "/home/vdemeyer/py3/lib/python3.11/site-packages/xesmf/util.py", line 8, in <module>
    import esmpy as ESMF
ModuleNotFoundError: No module named 'esmpy'

During handling of the above exception, another exception occurred:

Traceback (most recent call last):
  File "/home/vdemeyer/TRACKING/KATJA/POSTPROCESSING/EETCs_stat.py", line 10, in <module>
    import xesmf as xe
  File "/home/vdemeyer/py3/lib/python3.11/site-packages/xesmf/__init__.py", line 3, in <module>
    from . import data, util
  File "/home/vdemeyer/py3/lib/python3.11/site-packages/xesmf/util.py", line 10, in <module>
    import ESMF
ModuleNotFoundError: No module named 'ESMF'
    import ESMF
ModuleNotFoundError: No module named 'ESMF'
Traceback (most recent call last):
  File "/home/vdemeyer/py3/lib/python3.11/site-packages/xesmf/util.py", line 8, in <module>
    import esmpy as ESMF
ModuleNotFoundError: No module named 'esmpy'

During handling of the above exception, another exception occurred:

Traceback (most recent call last):
  File "/home/vdemeyer/TRACKING/KATJA/POSTPROCESSING/EETCs_stat.py", line 10, in <module>
    import xesmf as xe
  File "/home/vdemeyer/py3/lib/python3.11/site-packages/xesmf/__init__.py", line 3, in <module>
    from . import data, util
  File "/home/vdemeyer/py3/lib/python3.11/site-packages/xesmf/util.py", line 10, in <module>
    import ESMF
ModuleNotFoundError: No module named 'ESMF'
Traceback (most recent call last):
  File "/home/vdemeyer/py3/lib/python3.11/site-packages/xesmf/util.py", line 8, in <module>
    import esmpy as ESMF
ModuleNotFoundError: No module named 'esmpy'

During handling of the above exception, another exception occurred:

Traceback (most recent call last):
  File "/home/vdemeyer/TRACKING/KATJA/POSTPROCESSING/EETCs_stat.py", line 10, in <module>
    import xesmf as xe
  File "/home/vdemeyer/py3/lib/python3.11/site-packages/xesmf/__init__.py", line 3, in <module>
    from . import data, util
  File "/home/vdemeyer/py3/lib/python3.11/site-packages/xesmf/util.py", line 10, in <module>
    import ESMF
ModuleNotFoundError: No module named 'ESMF'
Traceback (most recent call last):
  File "/home/vdemeyer/py3/lib/python3.11/site-packages/xesmf/util.py", line 8, in <module>
    import esmpy as ESMF
ModuleNotFoundError: No module named 'esmpy'

During handling of the above exception, another exception occurred:

Traceback (most recent call last):
  File "/home/vdemeyer/TRACKING/KATJA/POSTPROCESSING/EETCs_stat.py", line 10, in <module>
    import xesmf as xe
  File "/home/vdemeyer/py3/lib/python3.11/site-packages/xesmf/__init__.py", line 3, in <module>
    from . import data, util
  File "/home/vdemeyer/py3/lib/python3.11/site-packages/xesmf/util.py", line 10, in <module>
    import ESMF
ModuleNotFoundError: No module named 'ESMF'
#executed by process	7 in 0.507566s	with status	1 : python /home/vdemeyer/TRACKING/KATJA/POSTPROCESSING/EETCs_stat.py 2075 --sim UBG --metric ratio
#executed by process	8 in 0.507562s	with status	1 : python /home/vdemeyer/TRACKING/KATJA/POSTPROCESSING/EETCs_stat.py 2076 --sim UBG --metric ratio
#executed by process	9 in 0.470143s	with status	1 : python /home/vdemeyer/TRACKING/KATJA/POSTPROCESSING/EETCs_stat.py 2077 --sim UBG --metric ratio
#executed by process	1 in 0.551164s	with status	1 : python /home/vdemeyer/TRACKING/KATJA/POSTPROCESSING/EETCs_stat.py 2078 --sim UBG --metric ratio
#executed by process	2 in 0.549999s	with status	1 : python /home/vdemeyer/TRACKING/KATJA/POSTPROCESSING/EETCs_stat.py 2079 --sim UBG --metric ratio
Traceback (most recent call last):
  File "/home/vdemeyer/py3/lib/python3.11/site-packages/xesmf/util.py", line 8, in <module>
    import esmpy as ESMF
ModuleNotFoundError: No module named 'esmpy'

During handling of the above exception, another exception occurred:

Traceback (most recent call last):
  File "/home/vdemeyer/TRACKING/KATJA/POSTPROCESSING/EETCs_stat.py", line 10, in <module>
    import xesmf as xe
  File "/home/vdemeyer/py3/lib/python3.11/site-packages/xesmf/__init__.py", line 3, in <module>
    from . import data, util
  File "/home/vdemeyer/py3/lib/python3.11/site-packages/xesmf/util.py", line 10, in <module>
    import ESMF
ModuleNotFoundError: No module named 'ESMF'
Traceback (most recent call last):
  File "/home/vdemeyer/py3/lib/python3.11/site-packages/xesmf/util.py", line 8, in <module>
    import esmpy as ESMF
ModuleNotFoundError: No module named 'esmpy'

During handling of the above exception, another exception occurred:

Traceback (most recent call last):
  File "/home/vdemeyer/TRACKING/KATJA/POSTPROCESSING/EETCs_stat.py", line 10, in <module>
    import xesmf as xe
  File "/home/vdemeyer/py3/lib/python3.11/site-packages/xesmf/__init__.py", line 3, in <module>
    from . import data, util
  File "/home/vdemeyer/py3/lib/python3.11/site-packages/xesmf/util.py", line 10, in <module>
    import ESMF
ModuleNotFoundError: No module named 'ESMF'
Traceback (most recent call last):
  File "/home/vdemeyer/py3/lib/python3.11/site-packages/xesmf/util.py", line 8, in <module>
    import esmpy as ESMF
ModuleNotFoundError: No module named 'esmpy'

During handling of the above exception, another exception occurred:

Traceback (most recent call last):
  File "/home/vdemeyer/TRACKING/KATJA/POSTPROCESSING/EETCs_stat.py", line 10, in <module>
    import xesmf as xe
  File "/home/vdemeyer/py3/lib/python3.11/site-packages/xesmf/__init__.py", line 3, in <module>
    from . import data, util
  File "/home/vdemeyer/py3/lib/python3.11/site-packages/xesmf/util.py", line 10, in <module>
    import ESMF
ModuleNotFoundError: No module named 'ESMF'
Traceback (most recent call last):
  File "/home/vdemeyer/py3/lib/python3.11/site-packages/xesmf/util.py", line 8, in <module>
    import esmpy as ESMF
ModuleNotFoundError: No module named 'esmpy'

During handling of the above exception, another exception occurred:

Traceback (most recent call last):
  File "/home/vdemeyer/TRACKING/KATJA/POSTPROCESSING/EETCs_stat.py", line 10, in <module>
    import xesmf as xe
  File "/home/vdemeyer/py3/lib/python3.11/site-packages/xesmf/__init__.py", line 3, in <module>
    from . import data, util
  File "/home/vdemeyer/py3/lib/python3.11/site-packages/xesmf/util.py", line 10, in <module>
    import ESMF
ModuleNotFoundError: No module named 'ESMF'
#executed by process	3 in 0.51415s	with status	1 : python /home/vdemeyer/TRACKING/KATJA/POSTPROCESSING/EETCs_stat.py 2082 --sim UBG --metric ratio
#executed by process	4 in 0.514145s	with status	1 : python /home/vdemeyer/TRACKING/KATJA/POSTPROCESSING/EETCs_stat.py 2083 --sim UBG --metric ratio
#executed by process	5 in 0.51516s	with status	1 : python /home/vdemeyer/TRACKING/KATJA/POSTPROCESSING/EETCs_stat.py 2080 --sim UBG --metric ratio
#executed by process	6 in 0.515092s	with status	1 : python /home/vdemeyer/TRACKING/KATJA/POSTPROCESSING/EETCs_stat.py 2081 --sim UBG --metric ratio
Traceback (most recent call last):
  File "/home/vdemeyer/py3/lib/python3.11/site-packages/xesmf/util.py", line 8, in <module>
    import esmpy as ESMF
ModuleNotFoundError: No module named 'esmpy'

During handling of the above exception, another exception occurred:

Traceback (most recent call last):
  File "/home/vdemeyer/TRACKING/KATJA/POSTPROCESSING/EETCs_stat.py", line 10, in <module>
    import xesmf as xe
  File "/home/vdemeyer/py3/lib/python3.11/site-packages/xesmf/__init__.py", line 3, in <module>
    from . import data, util
  File "/home/vdemeyer/py3/lib/python3.11/site-packages/xesmf/util.py", line 10, in <module>
    import ESMF
ModuleNotFoundError: No module named 'ESMF'
Traceback (most recent call last):
  File "/home/vdemeyer/py3/lib/python3.11/site-packages/xesmf/util.py", line 8, in <module>
    import esmpy as ESMF
ModuleNotFoundError: No module named 'esmpy'

During handling of the above exception, another exception occurred:

Traceback (most recent call last):
  File "/home/vdemeyer/TRACKING/KATJA/POSTPROCESSING/EETCs_stat.py", line 10, in <module>
    import xesmf as xe
  File "/home/vdemeyer/py3/lib/python3.11/site-packages/xesmf/__init__.py", line 3, in <module>
    from . import data, util
  File "/home/vdemeyer/py3/lib/python3.11/site-packages/xesmf/util.py", line 10, in <module>
    import ESMF
ModuleNotFoundError: No module named 'ESMF'
Traceback (most recent call last):
  File "/home/vdemeyer/py3/lib/python3.11/site-packages/xesmf/util.py", line 8, in <module>
    import esmpy as ESMF
ModuleNotFoundError: No module named 'esmpy'

During handling of the above exception, another exception occurred:

Traceback (most recent call last):
  File "/home/vdemeyer/TRACKING/KATJA/POSTPROCESSING/EETCs_stat.py", line 10, in <module>
    import xesmf as xe
  File "/home/vdemeyer/py3/lib/python3.11/site-packages/xesmf/__init__.py", line 3, in <module>
    from . import data, util
  File "/home/vdemeyer/py3/lib/python3.11/site-packages/xesmf/util.py", line 10, in <module>
    import ESMF
ModuleNotFoundError: No module named 'ESMF'
#executed by process	9 in 0.471075s	with status	1 : python /home/vdemeyer/TRACKING/KATJA/POSTPROCESSING/EETCs_stat.py 2086 --sim UBG --metric ratio
#executed by process	7 in 0.507566s	with status	1 : python /home/vdemeyer/TRACKING/KATJA/POSTPROCESSING/EETCs_stat.py 2084 --sim UBG --metric ratio
#executed by process	8 in 0.507559s	with status	1 : python /home/vdemeyer/TRACKING/KATJA/POSTPROCESSING/EETCs_stat.py 2085 --sim UBG --metric ratio
Traceback (most recent call last):
  File "/home/vdemeyer/py3/lib/python3.11/site-packages/xesmf/util.py", line 8, in <module>
    import esmpy as ESMF
Traceback (most recent call last):
  File "/home/vdemeyer/py3/lib/python3.11/site-packages/xesmf/util.py", line 8, in <module>
ModuleNotFoundError: No module named 'esmpy'

During handling of the above exception, another exception occurred:

Traceback (most recent call last):
  File "/home/vdemeyer/TRACKING/KATJA/POSTPROCESSING/EETCs_stat.py", line 10, in <module>
    import xesmf as xe
  File "/home/vdemeyer/py3/lib/python3.11/site-packages/xesmf/__init__.py", line 3, in <module>
    from . import data, util
  File "/home/vdemeyer/py3/lib/python3.11/site-packages/xesmf/util.py", line 10, in <module>
    import ESMF
ModuleNotFoundError: No module named 'ESMF'
    import esmpy as ESMF
ModuleNotFoundError: No module named 'esmpy'

During handling of the above exception, another exception occurred:

Traceback (most recent call last):
  File "/home/vdemeyer/TRACKING/KATJA/POSTPROCESSING/EETCs_stat.py", line 10, in <module>
    import xesmf as xe
  File "/home/vdemeyer/py3/lib/python3.11/site-packages/xesmf/__init__.py", line 3, in <module>
    from . import data, util
  File "/home/vdemeyer/py3/lib/python3.11/site-packages/xesmf/util.py", line 10, in <module>
    import ESMF
ModuleNotFoundError: No module named 'ESMF'
Traceback (most recent call last):
  File "/home/vdemeyer/py3/lib/python3.11/site-packages/xesmf/util.py", line 8, in <module>
    import esmpy as ESMF
ModuleNotFoundError: No module named 'esmpy'

During handling of the above exception, another exception occurred:

Traceback (most recent call last):
  File "/home/vdemeyer/TRACKING/KATJA/POSTPROCESSING/EETCs_stat.py", line 10, in <module>
    import xesmf as xe
  File "/home/vdemeyer/py3/lib/python3.11/site-packages/xesmf/__init__.py", line 3, in <module>
    from . import data, util
  File "/home/vdemeyer/py3/lib/python3.11/site-packages/xesmf/util.py", line 10, in <module>
    import ESMF
ModuleNotFoundError: No module named 'ESMF'
Traceback (most recent call last):
  File "/home/vdemeyer/py3/lib/python3.11/site-packages/xesmf/util.py", line 8, in <module>
    import esmpy as ESMF
ModuleNotFoundError: No module named 'esmpy'

During handling of the above exception, another exception occurred:

Traceback (most recent call last):
  File "/home/vdemeyer/TRACKING/KATJA/POSTPROCESSING/EETCs_stat.py", line 10, in <module>
    import xesmf as xe
  File "/home/vdemeyer/py3/lib/python3.11/site-packages/xesmf/__init__.py", line 3, in <module>
    from . import data, util
  File "/home/vdemeyer/py3/lib/python3.11/site-packages/xesmf/util.py", line 10, in <module>
    import ESMF
ModuleNotFoundError: No module named 'ESMF'
Traceback (most recent call last):
  File "/home/vdemeyer/py3/lib/python3.11/site-packages/xesmf/util.py", line 8, in <module>
    import esmpy as ESMF
ModuleNotFoundError: No module named 'esmpy'

During handling of the above exception, another exception occurred:

Traceback (most recent call last):
  File "/home/vdemeyer/TRACKING/KATJA/POSTPROCESSING/EETCs_stat.py", line 10, in <module>
    import xesmf as xe
  File "/home/vdemeyer/py3/lib/python3.11/site-packages/xesmf/__init__.py", line 3, in <module>
    from . import data, util
  File "/home/vdemeyer/py3/lib/python3.11/site-packages/xesmf/util.py", line 10, in <module>
    import ESMF
ModuleNotFoundError: No module named 'ESMF'
Traceback (most recent call last):
  File "/home/vdemeyer/py3/lib/python3.11/site-packages/xesmf/util.py", line 8, in <module>
    import esmpy as ESMF
ModuleNotFoundError: No module named 'esmpy'

During handling of the above exception, another exception occurred:

Traceback (most recent call last):
  File "/home/vdemeyer/TRACKING/KATJA/POSTPROCESSING/EETCs_stat.py", line 10, in <module>
    import xesmf as xe
  File "/home/vdemeyer/py3/lib/python3.11/site-packages/xesmf/__init__.py", line 3, in <module>
    from . import data, util
  File "/home/vdemeyer/py3/lib/python3.11/site-packages/xesmf/util.py", line 10, in <module>
    import ESMF
ModuleNotFoundError: No module named 'ESMF'
#executed by process	1 in 0.554051s	with status	1 : python /home/vdemeyer/TRACKING/KATJA/POSTPROCESSING/EETCs_stat.py 2087 --sim UBG --metric ratio
#executed by process	2 in 0.554042s	with status	1 : python /home/vdemeyer/TRACKING/KATJA/POSTPROCESSING/EETCs_stat.py 2088 --sim UBG --metric ratio
#executed by process	3 in 0.517982s	with status	1 : python /home/vdemeyer/TRACKING/KATJA/POSTPROCESSING/EETCs_stat.py 2089 --sim UBG --metric ratio
#executed by process	4 in 0.517982s	with status	1 : python /home/vdemeyer/TRACKING/KATJA/POSTPROCESSING/EETCs_stat.py 2090 --sim UBG --metric ratio
#executed by process	5 in 0.517344s	with status	1 : python /home/vdemeyer/TRACKING/KATJA/POSTPROCESSING/EETCs_stat.py 2092 --sim UBG --metric ratio
#executed by process	6 in 0.517344s	with status	1 : python /home/vdemeyer/TRACKING/KATJA/POSTPROCESSING/EETCs_stat.py 2091 --sim UBG --metric ratio
Traceback (most recent call last):
  File "/home/vdemeyer/py3/lib/python3.11/site-packages/xesmf/util.py", line 8, in <module>
    import esmpy as ESMF
ModuleNotFoundError: No module named 'esmpy'

During handling of the above exception, another exception occurred:

Traceback (most recent call last):
  File "/home/vdemeyer/TRACKING/KATJA/POSTPROCESSING/EETCs_stat.py", line 10, in <module>
    import xesmf as xe
  File "/home/vdemeyer/py3/lib/python3.11/site-packages/xesmf/__init__.py", line 3, in <module>
    from . import data, util
  File "/home/vdemeyer/py3/lib/python3.11/site-packages/xesmf/util.py", line 10, in <module>
    import ESMF
ModuleNotFoundError: No module named 'ESMF'
Traceback (most recent call last):
  File "/home/vdemeyer/py3/lib/python3.11/site-packages/xesmf/util.py", line 8, in <module>
    import esmpy as ESMF
ModuleNotFoundError: No module named 'esmpy'

During handling of the above exception, another exception occurred:

Traceback (most recent call last):
  File "/home/vdemeyer/TRACKING/KATJA/POSTPROCESSING/EETCs_stat.py", line 10, in <module>
    import xesmf as xe
  File "/home/vdemeyer/py3/lib/python3.11/site-packages/xesmf/__init__.py", line 3, in <module>
    from . import data, util
  File "/home/vdemeyer/py3/lib/python3.11/site-packages/xesmf/util.py", line 10, in <module>
    import ESMF
ModuleNotFoundError: No module named 'ESMF'
Traceback (most recent call last):
  File "/home/vdemeyer/py3/lib/python3.11/site-packages/xesmf/util.py", line 8, in <module>
    import esmpy as ESMF
ModuleNotFoundError: No module named 'esmpy'

During handling of the above exception, another exception occurred:

Traceback (most recent call last):
  File "/home/vdemeyer/TRACKING/KATJA/POSTPROCESSING/EETCs_stat.py", line 10, in <module>
    import xesmf as xe
  File "/home/vdemeyer/py3/lib/python3.11/site-packages/xesmf/__init__.py", line 3, in <module>
    from . import data, util
  File "/home/vdemeyer/py3/lib/python3.11/site-packages/xesmf/util.py", line 10, in <module>
    import ESMF
ModuleNotFoundError: No module named 'ESMF'
#executed by process	9 in 0.467062s	with status	1 : python /home/vdemeyer/TRACKING/KATJA/POSTPROCESSING/EETCs_stat.py 2093 --sim UBG --metric ratio
#executed by process	7 in 0.505438s	with status	1 : python /home/vdemeyer/TRACKING/KATJA/POSTPROCESSING/EETCs_stat.py 2094 --sim UBG --metric ratio
#executed by process	8 in 0.505438s	with status	1 : python /home/vdemeyer/TRACKING/KATJA/POSTPROCESSING/EETCs_stat.py 2095 --sim UBG --metric ratio
Traceback (most recent call last):
  File "/home/vdemeyer/py3/lib/python3.11/site-packages/xesmf/util.py", line 8, in <module>
    import esmpy as ESMF
ModuleNotFoundError: No module named 'esmpy'

During handling of the above exception, another exception occurred:

Traceback (most recent call last):
  File "/home/vdemeyer/TRACKING/KATJA/POSTPROCESSING/EETCs_stat.py", line 10, in <module>
Traceback (most recent call last):
  File "/home/vdemeyer/py3/lib/python3.11/site-packages/xesmf/util.py", line 8, in <module>
    import esmpy as ESMF
    import xesmf as xe
  File "/home/vdemeyer/py3/lib/python3.11/site-packages/xesmf/__init__.py", line 3, in <module>
    from . import data, util
  File "/home/vdemeyer/py3/lib/python3.11/site-packages/xesmf/util.py", line 10, in <module>
    import ESMF
ModuleNotFoundError: No module named 'ESMF'
ModuleNotFoundError: No module named 'esmpy'

During handling of the above exception, another exception occurred:

Traceback (most recent call last):
  File "/home/vdemeyer/TRACKING/KATJA/POSTPROCESSING/EETCs_stat.py", line 10, in <module>
    import xesmf as xe
  File "/home/vdemeyer/py3/lib/python3.11/site-packages/xesmf/__init__.py", line 3, in <module>
    from . import data, util
  File "/home/vdemeyer/py3/lib/python3.11/site-packages/xesmf/util.py", line 10, in <module>
    import ESMF
ModuleNotFoundError: No module named 'ESMF'
Traceback (most recent call last):
  File "/home/vdemeyer/py3/lib/python3.11/site-packages/xesmf/util.py", line 8, in <module>
    import esmpy as ESMF
ModuleNotFoundError: No module named 'esmpy'

During handling of the above exception, another exception occurred:

Traceback (most recent call last):
  File "/home/vdemeyer/TRACKING/KATJA/POSTPROCESSING/EETCs_stat.py", line 10, in <module>
    import xesmf as xe
  File "/home/vdemeyer/py3/lib/python3.11/site-packages/xesmf/__init__.py", line 3, in <module>
    from . import data, util
  File "/home/vdemeyer/py3/lib/python3.11/site-packages/xesmf/util.py", line 10, in <module>
    import ESMF
ModuleNotFoundError: No module named 'ESMF'
Traceback (most recent call last):
  File "/home/vdemeyer/py3/lib/python3.11/site-packages/xesmf/util.py", line 8, in <module>
    import esmpy as ESMF
ModuleNotFoundError: No module named 'esmpy'

During handling of the above exception, another exception occurred:

Traceback (most recent call last):
  File "/home/vdemeyer/TRACKING/KATJA/POSTPROCESSING/EETCs_stat.py", line 10, in <module>
    import xesmf as xe
  File "/home/vdemeyer/py3/lib/python3.11/site-packages/xesmf/__init__.py", line 3, in <module>
    from . import data, util
  File "/home/vdemeyer/py3/lib/python3.11/site-packages/xesmf/util.py", line 10, in <module>
    import ESMF
ModuleNotFoundError: No module named 'ESMF'
Traceback (most recent call last):
  File "/home/vdemeyer/py3/lib/python3.11/site-packages/xesmf/util.py", line 8, in <module>
    import esmpy as ESMF
ModuleNotFoundError: No module named 'esmpy'

During handling of the above exception, another exception occurred:

Traceback (most recent call last):
  File "/home/vdemeyer/TRACKING/KATJA/POSTPROCESSING/EETCs_stat.py", line 10, in <module>
    import xesmf as xe
  File "/home/vdemeyer/py3/lib/python3.11/site-packages/xesmf/__init__.py", line 3, in <module>
    from . import data, util
  File "/home/vdemeyer/py3/lib/python3.11/site-packages/xesmf/util.py", line 10, in <module>
    import ESMF
ModuleNotFoundError: No module named 'ESMF'
Traceback (most recent call last):
  File "/home/vdemeyer/py3/lib/python3.11/site-packages/xesmf/util.py", line 8, in <module>
    import esmpy as ESMF
ModuleNotFoundError: No module named 'esmpy'

During handling of the above exception, another exception occurred:

Traceback (most recent call last):
  File "/home/vdemeyer/TRACKING/KATJA/POSTPROCESSING/EETCs_stat.py", line 10, in <module>
    import xesmf as xe
  File "/home/vdemeyer/py3/lib/python3.11/site-packages/xesmf/__init__.py", line 3, in <module>
    from . import data, util
  File "/home/vdemeyer/py3/lib/python3.11/site-packages/xesmf/util.py", line 10, in <module>
    import ESMF
ModuleNotFoundError: No module named 'ESMF'
#executed by process	1 in 0.559352s	with status	1 : python /home/vdemeyer/TRACKING/KATJA/POSTPROCESSING/EETCs_stat.py 2096 --sim UBG --metric ratio
#executed by process	2 in 0.559351s	with status	1 : python /home/vdemeyer/TRACKING/KATJA/POSTPROCESSING/EETCs_stat.py 2097 --sim UBG --metric ratio
#executed by process	3 in 0.517169s	with status	1 : python /home/vdemeyer/TRACKING/KATJA/POSTPROCESSING/EETCs_stat.py 2014 --sim UBH --metric ratio
#executed by process	4 in 0.517053s	with status	1 : python /home/vdemeyer/TRACKING/KATJA/POSTPROCESSING/EETCs_stat.py 2100 --sim UBG --metric ratio
#executed by process	5 in 0.517578s	with status	1 : python /home/vdemeyer/TRACKING/KATJA/POSTPROCESSING/EETCs_stat.py 2099 --sim UBG --metric ratio
#executed by process	6 in 0.517582s	with status	1 : python /home/vdemeyer/TRACKING/KATJA/POSTPROCESSING/EETCs_stat.py 2098 --sim UBG --metric ratio
Traceback (most recent call last):
  File "/home/vdemeyer/py3/lib/python3.11/site-packages/xesmf/util.py", line 8, in <module>
    import esmpy as ESMF
ModuleNotFoundError: No module named 'esmpy'

During handling of the above exception, another exception occurred:

Traceback (most recent call last):
  File "/home/vdemeyer/TRACKING/KATJA/POSTPROCESSING/EETCs_stat.py", line 10, in <module>
    import xesmf as xe
  File "/home/vdemeyer/py3/lib/python3.11/site-packages/xesmf/__init__.py", line 3, in <module>
    from . import data, util
  File "/home/vdemeyer/py3/lib/python3.11/site-packages/xesmf/util.py", line 10, in <module>
    import ESMF
ModuleNotFoundError: No module named 'ESMF'
#executed by process	9 in 0.468218s	with status	1 : python /home/vdemeyer/TRACKING/KATJA/POSTPROCESSING/EETCs_stat.py 2015 --sim UBH --metric ratio
Traceback (most recent call last):
  File "/home/vdemeyer/py3/lib/python3.11/site-packages/xesmf/util.py", line 8, in <module>
    import esmpy as ESMF
ModuleNotFoundError: No module named 'esmpy'

During handling of the above exception, another exception occurred:

Traceback (most recent call last):
  File "/home/vdemeyer/TRACKING/KATJA/POSTPROCESSING/EETCs_stat.py", line 10, in <module>
    import xesmf as xe
  File "/home/vdemeyer/py3/lib/python3.11/site-packages/xesmf/__init__.py", line 3, in <module>
    from . import data, util
  File "/home/vdemeyer/py3/lib/python3.11/site-packages/xesmf/util.py", line 10, in <module>
    import ESMF
ModuleNotFoundError: No module named 'ESMF'
Traceback (most recent call last):
  File "/home/vdemeyer/py3/lib/python3.11/site-packages/xesmf/util.py", line 8, in <module>
    import esmpy as ESMF
ModuleNotFoundError: No module named 'esmpy'

During handling of the above exception, another exception occurred:

Traceback (most recent call last):
  File "/home/vdemeyer/TRACKING/KATJA/POSTPROCESSING/EETCs_stat.py", line 10, in <module>
    import xesmf as xe
  File "/home/vdemeyer/py3/lib/python3.11/site-packages/xesmf/__init__.py", line 3, in <module>
    from . import data, util
  File "/home/vdemeyer/py3/lib/python3.11/site-packages/xesmf/util.py", line 10, in <module>
    import ESMF
ModuleNotFoundError: No module named 'ESMF'
#executed by process	7 in 0.508075s	with status	1 : python /home/vdemeyer/TRACKING/KATJA/POSTPROCESSING/EETCs_stat.py 2016 --sim UBH --metric ratio
#executed by process	8 in 0.508067s	with status	1 : python /home/vdemeyer/TRACKING/KATJA/POSTPROCESSING/EETCs_stat.py 2017 --sim UBH --metric ratio
Traceback (most recent call last):
  File "/home/vdemeyer/py3/lib/python3.11/site-packages/xesmf/util.py", line 8, in <module>
    import esmpy as ESMF
ModuleNotFoundError: No module named 'esmpy'

During handling of the above exception, another exception occurred:

Traceback (most recent call last):
  File "/home/vdemeyer/TRACKING/KATJA/POSTPROCESSING/EETCs_stat.py", line 10, in <module>
    import xesmf as xe
  File "/home/vdemeyer/py3/lib/python3.11/site-packages/xesmf/__init__.py", line 3, in <module>
    from . import data, util
  File "/home/vdemeyer/py3/lib/python3.11/site-packages/xesmf/util.py", line 10, in <module>
Traceback (most recent call last):
  File "/home/vdemeyer/py3/lib/python3.11/site-packages/xesmf/util.py", line 8, in <module>
    import esmpy as ESMF
ModuleNotFoundError: No module named 'esmpy'

During handling of the above exception, another exception occurred:

Traceback (most recent call last):
  File "/home/vdemeyer/TRACKING/KATJA/POSTPROCESSING/EETCs_stat.py", line 10, in <module>
    import xesmf as xe
  File "/home/vdemeyer/py3/lib/python3.11/site-packages/xesmf/__init__.py", line 3, in <module>
    from . import data, util
  File "/home/vdemeyer/py3/lib/python3.11/site-packages/xesmf/util.py", line 10, in <module>
    import ESMF
ModuleNotFoundError: No module named 'ESMF'
    import ESMF
ModuleNotFoundError: No module named 'ESMF'
Traceback (most recent call last):
  File "/home/vdemeyer/py3/lib/python3.11/site-packages/xesmf/util.py", line 8, in <module>
    import esmpy as ESMF
ModuleNotFoundError: No module named 'esmpy'

During handling of the above exception, another exception occurred:

Traceback (most recent call last):
  File "/home/vdemeyer/TRACKING/KATJA/POSTPROCESSING/EETCs_stat.py", line 10, in <module>
    import xesmf as xe
  File "/home/vdemeyer/py3/lib/python3.11/site-packages/xesmf/__init__.py", line 3, in <module>
    from . import data, util
  File "/home/vdemeyer/py3/lib/python3.11/site-packages/xesmf/util.py", line 10, in <module>
    import ESMF
ModuleNotFoundError: No module named 'ESMF'
Traceback (most recent call last):
  File "/home/vdemeyer/py3/lib/python3.11/site-packages/xesmf/util.py", line 8, in <module>
    import esmpy as ESMF
ModuleNotFoundError: No module named 'esmpy'

During handling of the above exception, another exception occurred:

Traceback (most recent call last):
  File "/home/vdemeyer/TRACKING/KATJA/POSTPROCESSING/EETCs_stat.py", line 10, in <module>
    import xesmf as xe
  File "/home/vdemeyer/py3/lib/python3.11/site-packages/xesmf/__init__.py", line 3, in <module>
    from . import data, util
  File "/home/vdemeyer/py3/lib/python3.11/site-packages/xesmf/util.py", line 10, in <module>
    import ESMF
ModuleNotFoundError: No module named 'ESMF'
Traceback (most recent call last):
  File "/home/vdemeyer/py3/lib/python3.11/site-packages/xesmf/util.py", line 8, in <module>
    import esmpy as ESMF
ModuleNotFoundError: No module named 'esmpy'

During handling of the above exception, another exception occurred:

Traceback (most recent call last):
  File "/home/vdemeyer/TRACKING/KATJA/POSTPROCESSING/EETCs_stat.py", line 10, in <module>
    import xesmf as xe
  File "/home/vdemeyer/py3/lib/python3.11/site-packages/xesmf/__init__.py", line 3, in <module>
    from . import data, util
  File "/home/vdemeyer/py3/lib/python3.11/site-packages/xesmf/util.py", line 10, in <module>
    import ESMF
ModuleNotFoundError: No module named 'ESMF'
Traceback (most recent call last):
  File "/home/vdemeyer/py3/lib/python3.11/site-packages/xesmf/util.py", line 8, in <module>
    import esmpy as ESMF
ModuleNotFoundError: No module named 'esmpy'

During handling of the above exception, another exception occurred:

Traceback (most recent call last):
  File "/home/vdemeyer/TRACKING/KATJA/POSTPROCESSING/EETCs_stat.py", line 10, in <module>
    import xesmf as xe
  File "/home/vdemeyer/py3/lib/python3.11/site-packages/xesmf/__init__.py", line 3, in <module>
    from . import data, util
  File "/home/vdemeyer/py3/lib/python3.11/site-packages/xesmf/util.py", line 10, in <module>
    import ESMF
ModuleNotFoundError: No module named 'ESMF'
#executed by process	2 in 0.56243s	with status	1 : python /home/vdemeyer/TRACKING/KATJA/POSTPROCESSING/EETCs_stat.py 2018 --sim UBH --metric ratio
#executed by process	3 in 0.525004s	with status	1 : python /home/vdemeyer/TRACKING/KATJA/POSTPROCESSING/EETCs_stat.py 2021 --sim UBH --metric ratio
#executed by process	4 in 0.525095s	with status	1 : python /home/vdemeyer/TRACKING/KATJA/POSTPROCESSING/EETCs_stat.py 2020 --sim UBH --metric ratio
#executed by process	5 in 0.525058s	with status	1 : python /home/vdemeyer/TRACKING/KATJA/POSTPROCESSING/EETCs_stat.py 2023 --sim UBH --metric ratio
#executed by process	6 in 0.525058s	with status	1 : python /home/vdemeyer/TRACKING/KATJA/POSTPROCESSING/EETCs_stat.py 2022 --sim UBH --metric ratio
#executed by process	1 in 0.566684s	with status	1 : python /home/vdemeyer/TRACKING/KATJA/POSTPROCESSING/EETCs_stat.py 2019 --sim UBH --metric ratio
Traceback (most recent call last):
  File "/home/vdemeyer/py3/lib/python3.11/site-packages/xesmf/util.py", line 8, in <module>
    import esmpy as ESMF
ModuleNotFoundError: No module named 'esmpy'

During handling of the above exception, another exception occurred:

Traceback (most recent call last):
  File "/home/vdemeyer/TRACKING/KATJA/POSTPROCESSING/EETCs_stat.py", line 10, in <module>
    import xesmf as xe
  File "/home/vdemeyer/py3/lib/python3.11/site-packages/xesmf/__init__.py", line 3, in <module>
    from . import data, util
  File "/home/vdemeyer/py3/lib/python3.11/site-packages/xesmf/util.py", line 10, in <module>
    import ESMF
ModuleNotFoundError: No module named 'ESMF'
#executed by process	9 in 0.473299s	with status	1 : python /home/vdemeyer/TRACKING/KATJA/POSTPROCESSING/EETCs_stat.py 2024 --sim UBH --metric ratio
Traceback (most recent call last):
  File "/home/vdemeyer/py3/lib/python3.11/site-packages/xesmf/util.py", line 8, in <module>
    import esmpy as ESMF
ModuleNotFoundError: No module named 'esmpy'

During handling of the above exception, another exception occurred:

Traceback (most recent call last):
  File "/home/vdemeyer/TRACKING/KATJA/POSTPROCESSING/EETCs_stat.py", line 10, in <module>
    import xesmf as xe
  File "/home/vdemeyer/py3/lib/python3.11/site-packages/xesmf/__init__.py", line 3, in <module>
    from . import data, util
  File "/home/vdemeyer/py3/lib/python3.11/site-packages/xesmf/util.py", line 10, in <module>
    import ESMF
ModuleNotFoundError: No module named 'ESMF'
Traceback (most recent call last):
  File "/home/vdemeyer/py3/lib/python3.11/site-packages/xesmf/util.py", line 8, in <module>
    import esmpy as ESMF
ModuleNotFoundError: No module named 'esmpy'

During handling of the above exception, another exception occurred:

Traceback (most recent call last):
  File "/home/vdemeyer/TRACKING/KATJA/POSTPROCESSING/EETCs_stat.py", line 10, in <module>
    import xesmf as xe
  File "/home/vdemeyer/py3/lib/python3.11/site-packages/xesmf/__init__.py", line 3, in <module>
    from . import data, util
  File "/home/vdemeyer/py3/lib/python3.11/site-packages/xesmf/util.py", line 10, in <module>
    import ESMF
ModuleNotFoundError: No module named 'ESMF'
#executed by process	7 in 0.503098s	with status	1 : python /home/vdemeyer/TRACKING/KATJA/POSTPROCESSING/EETCs_stat.py 2025 --sim UBH --metric ratio
#executed by process	8 in 0.5031s	with status	1 : python /home/vdemeyer/TRACKING/KATJA/POSTPROCESSING/EETCs_stat.py 2026 --sim UBH --metric ratio
Traceback (most recent call last):
  File "/home/vdemeyer/py3/lib/python3.11/site-packages/xesmf/util.py", line 8, in <module>
    import esmpy as ESMF
ModuleNotFoundError: No module named 'esmpy'

During handling of the above exception, another exception occurred:

Traceback (most recent call last):
  File "/home/vdemeyer/TRACKING/KATJA/POSTPROCESSING/EETCs_stat.py", line 10, in <module>
    import xesmf as xe
  File "/home/vdemeyer/py3/lib/python3.11/site-packages/xesmf/__init__.py", line 3, in <module>
    from . import data, util
  File "/home/vdemeyer/py3/lib/python3.11/site-packages/xesmf/util.py", line 10, in <module>
    import ESMF
ModuleNotFoundError: No module named 'ESMF'
Traceback (most recent call last):
  File "/home/vdemeyer/py3/lib/python3.11/site-packages/xesmf/util.py", line 8, in <module>
    import esmpy as ESMF
ModuleNotFoundError: No module named 'esmpy'

During handling of the above exception, another exception occurred:

Traceback (most recent call last):
  File "/home/vdemeyer/TRACKING/KATJA/POSTPROCESSING/EETCs_stat.py", line 10, in <module>
    import xesmf as xe
  File "/home/vdemeyer/py3/lib/python3.11/site-packages/xesmf/__init__.py", line 3, in <module>
    from . import data, util
  File "/home/vdemeyer/py3/lib/python3.11/site-packages/xesmf/util.py", line 10, in <module>
    import ESMF
ModuleNotFoundError: No module named 'ESMF'
Traceback (most recent call last):
  File "/home/vdemeyer/py3/lib/python3.11/site-packages/xesmf/util.py", line 8, in <module>
    import esmpy as ESMF
ModuleNotFoundError: No module named 'esmpy'

During handling of the above exception, another exception occurred:

Traceback (most recent call last):
  File "/home/vdemeyer/TRACKING/KATJA/POSTPROCESSING/EETCs_stat.py", line 10, in <module>
    import xesmf as xe
  File "/home/vdemeyer/py3/lib/python3.11/site-packages/xesmf/__init__.py", line 3, in <module>
    from . import data, util
  File "/home/vdemeyer/py3/lib/python3.11/site-packages/xesmf/util.py", line 10, in <module>
    import ESMF
ModuleNotFoundError: No module named 'ESMF'
Traceback (most recent call last):
  File "/home/vdemeyer/py3/lib/python3.11/site-packages/xesmf/util.py", line 8, in <module>
    import esmpy as ESMF
ModuleNotFoundError: No module named 'esmpy'

During handling of the above exception, another exception occurred:

Traceback (most recent call last):
  File "/home/vdemeyer/TRACKING/KATJA/POSTPROCESSING/EETCs_stat.py", line 10, in <module>
    import xesmf as xe
  File "/home/vdemeyer/py3/lib/python3.11/site-packages/xesmf/__init__.py", line 3, in <module>
    from . import data, util
  File "/home/vdemeyer/py3/lib/python3.11/site-packages/xesmf/util.py", line 10, in <module>
    import ESMF
ModuleNotFoundError: No module named 'ESMF'
Traceback (most recent call last):
  File "/home/vdemeyer/py3/lib/python3.11/site-packages/xesmf/util.py", line 8, in <module>
    import esmpy as ESMF
ModuleNotFoundError: No module named 'esmpy'

During handling of the above exception, another exception occurred:

Traceback (most recent call last):
  File "/home/vdemeyer/TRACKING/KATJA/POSTPROCESSING/EETCs_stat.py", line 10, in <module>
    import xesmf as xe
  File "/home/vdemeyer/py3/lib/python3.11/site-packages/xesmf/__init__.py", line 3, in <module>
    from . import data, util
  File "/home/vdemeyer/py3/lib/python3.11/site-packages/xesmf/util.py", line 10, in <module>
    import ESMF
ModuleNotFoundError: No module named 'ESMF'
Traceback (most recent call last):
  File "/home/vdemeyer/py3/lib/python3.11/site-packages/xesmf/util.py", line 8, in <module>
    import esmpy as ESMF
ModuleNotFoundError: No module named 'esmpy'

During handling of the above exception, another exception occurred:

Traceback (most recent call last):
  File "/home/vdemeyer/TRACKING/KATJA/POSTPROCESSING/EETCs_stat.py", line 10, in <module>
    import xesmf as xe
  File "/home/vdemeyer/py3/lib/python3.11/site-packages/xesmf/__init__.py", line 3, in <module>
    from . import data, util
  File "/home/vdemeyer/py3/lib/python3.11/site-packages/xesmf/util.py", line 10, in <module>
    import ESMF
ModuleNotFoundError: No module named 'ESMF'
Traceback (most recent call last):
  File "/home/vdemeyer/py3/lib/python3.11/site-packages/xesmf/util.py", line 8, in <module>
    import esmpy as ESMF
ModuleNotFoundError: No module named 'esmpy'

During handling of the above exception, another exception occurred:

Traceback (most recent call last):
  File "/home/vdemeyer/TRACKING/KATJA/POSTPROCESSING/EETCs_stat.py", line 10, in <module>
    import xesmf as xe
  File "/home/vdemeyer/py3/lib/python3.11/site-packages/xesmf/__init__.py", line 3, in <module>
    from . import data, util
  File "/home/vdemeyer/py3/lib/python3.11/site-packages/xesmf/util.py", line 10, in <module>
    import ESMF
ModuleNotFoundError: No module named 'ESMF'
#executed by process	5 in 0.525879s	with status	1 : python /home/vdemeyer/TRACKING/KATJA/POSTPROCESSING/EETCs_stat.py 2031 --sim UBH --metric ratio
#executed by process	6 in 0.525885s	with status	1 : python /home/vdemeyer/TRACKING/KATJA/POSTPROCESSING/EETCs_stat.py 2030 --sim UBH --metric ratio
#executed by process	3 in 0.526708s	with status	1 : python /home/vdemeyer/TRACKING/KATJA/POSTPROCESSING/EETCs_stat.py 2029 --sim UBH --metric ratio
#executed by process	4 in 0.526712s	with status	1 : python /home/vdemeyer/TRACKING/KATJA/POSTPROCESSING/EETCs_stat.py 2028 --sim UBH --metric ratio
#executed by process	2 in 0.56706s	with status	1 : python /home/vdemeyer/TRACKING/KATJA/POSTPROCESSING/EETCs_stat.py 2027 --sim UBH --metric ratio
#executed by process	1 in 0.563536s	with status	1 : python /home/vdemeyer/TRACKING/KATJA/POSTPROCESSING/EETCs_stat.py 2032 --sim UBH --metric ratio
#executed by process	9 in 0.473162s	with status	1 : python /home/vdemeyer/TRACKING/KATJA/POSTPROCESSING/EETCs_stat.py 2033 --sim UBH --metric ratio
Traceback (most recent call last):
  File "/home/vdemeyer/py3/lib/python3.11/site-packages/xesmf/util.py", line 8, in <module>
    import esmpy as ESMF
ModuleNotFoundError: No module named 'esmpy'

During handling of the above exception, another exception occurred:

Traceback (most recent call last):
  File "/home/vdemeyer/TRACKING/KATJA/POSTPROCESSING/EETCs_stat.py", line 10, in <module>
    import xesmf as xe
  File "/home/vdemeyer/py3/lib/python3.11/site-packages/xesmf/__init__.py", line 3, in <module>
    from . import data, util
  File "/home/vdemeyer/py3/lib/python3.11/site-packages/xesmf/util.py", line 10, in <module>
    import ESMF
ModuleNotFoundError: No module named 'ESMF'
Traceback (most recent call last):
  File "/home/vdemeyer/py3/lib/python3.11/site-packages/xesmf/util.py", line 8, in <module>
    import esmpy as ESMF
ModuleNotFoundError: No module named 'esmpy'

During handling of the above exception, another exception occurred:

Traceback (most recent call last):
  File "/home/vdemeyer/TRACKING/KATJA/POSTPROCESSING/EETCs_stat.py", line 10, in <module>
    import xesmf as xe
  File "/home/vdemeyer/py3/lib/python3.11/site-packages/xesmf/__init__.py", line 3, in <module>
    from . import data, util
  File "/home/vdemeyer/py3/lib/python3.11/site-packages/xesmf/util.py", line 10, in <module>
    import ESMF
ModuleNotFoundError: No module named 'ESMF'
#executed by process	7 in 0.508839s	with status	1 : python /home/vdemeyer/TRACKING/KATJA/POSTPROCESSING/EETCs_stat.py 2034 --sim UBH --metric ratio
#executed by process	8 in 0.508831s	with status	1 : python /home/vdemeyer/TRACKING/KATJA/POSTPROCESSING/EETCs_stat.py 2035 --sim UBH --metric ratio
Traceback (most recent call last):
  File "/home/vdemeyer/py3/lib/python3.11/site-packages/xesmf/util.py", line 8, in <module>
    import esmpy as ESMF
ModuleNotFoundError: No module named 'esmpy'

During handling of the above exception, another exception occurred:

Traceback (most recent call last):
  File "/home/vdemeyer/TRACKING/KATJA/POSTPROCESSING/EETCs_stat.py", line 10, in <module>
    import xesmf as xe
  File "/home/vdemeyer/py3/lib/python3.11/site-packages/xesmf/__init__.py", line 3, in <module>
    from . import data, util
  File "/home/vdemeyer/py3/lib/python3.11/site-packages/xesmf/util.py", line 10, in <module>
    import ESMF
ModuleNotFoundError: No module named 'ESMF'
Traceback (most recent call last):
  File "/home/vdemeyer/py3/lib/python3.11/site-packages/xesmf/util.py", line 8, in <module>
    import esmpy as ESMF
ModuleNotFoundError: No module named 'esmpy'

During handling of the above exception, another exception occurred:

Traceback (most recent call last):
  File "/home/vdemeyer/TRACKING/KATJA/POSTPROCESSING/EETCs_stat.py", line 10, in <module>
    import xesmf as xe
  File "/home/vdemeyer/py3/lib/python3.11/site-packages/xesmf/__init__.py", line 3, in <module>
    from . import data, util
  File "/home/vdemeyer/py3/lib/python3.11/site-packages/xesmf/util.py", line 10, in <module>
    import ESMF
ModuleNotFoundError: No module named 'ESMF'
Traceback (most recent call last):
  File "/home/vdemeyer/py3/lib/python3.11/site-packages/xesmf/util.py", line 8, in <module>
    import esmpy as ESMF
ModuleNotFoundError: No module named 'esmpy'

During handling of the above exception, another exception occurred:

Traceback (most recent call last):
  File "/home/vdemeyer/TRACKING/KATJA/POSTPROCESSING/EETCs_stat.py", line 10, in <module>
    import xesmf as xe
  File "/home/vdemeyer/py3/lib/python3.11/site-packages/xesmf/__init__.py", line 3, in <module>
    from . import data, util
  File "/home/vdemeyer/py3/lib/python3.11/site-packages/xesmf/util.py", line 10, in <module>
    import ESMF
ModuleNotFoundError: No module named 'ESMF'
Traceback (most recent call last):
  File "/home/vdemeyer/py3/lib/python3.11/site-packages/xesmf/util.py", line 8, in <module>
    import esmpy as ESMF
ModuleNotFoundError: No module named 'esmpy'

During handling of the above exception, another exception occurred:

Traceback (most recent call last):
  File "/home/vdemeyer/TRACKING/KATJA/POSTPROCESSING/EETCs_stat.py", line 10, in <module>
    import xesmf as xe
  File "/home/vdemeyer/py3/lib/python3.11/site-packages/xesmf/__init__.py", line 3, in <module>
    from . import data, util
  File "/home/vdemeyer/py3/lib/python3.11/site-packages/xesmf/util.py", line 10, in <module>
    import ESMF
ModuleNotFoundError: No module named 'ESMF'
Traceback (most recent call last):
  File "/home/vdemeyer/py3/lib/python3.11/site-packages/xesmf/util.py", line 8, in <module>
    import esmpy as ESMF
ModuleNotFoundError: No module named 'esmpy'

During handling of the above exception, another exception occurred:

Traceback (most recent call last):
  File "/home/vdemeyer/TRACKING/KATJA/POSTPROCESSING/EETCs_stat.py", line 10, in <module>
    import xesmf as xe
  File "/home/vdemeyer/py3/lib/python3.11/site-packages/xesmf/__init__.py", line 3, in <module>
    from . import data, util
  File "/home/vdemeyer/py3/lib/python3.11/site-packages/xesmf/util.py", line 10, in <module>
    import ESMF
ModuleNotFoundError: No module named 'ESMF'
Traceback (most recent call last):
  File "/home/vdemeyer/py3/lib/python3.11/site-packages/xesmf/util.py", line 8, in <module>
    import esmpy as ESMF
ModuleNotFoundError: No module named 'esmpy'

During handling of the above exception, another exception occurred:

Traceback (most recent call last):
  File "/home/vdemeyer/TRACKING/KATJA/POSTPROCESSING/EETCs_stat.py", line 10, in <module>
    import xesmf as xe
  File "/home/vdemeyer/py3/lib/python3.11/site-packages/xesmf/__init__.py", line 3, in <module>
    from . import data, util
  File "/home/vdemeyer/py3/lib/python3.11/site-packages/xesmf/util.py", line 10, in <module>
    import ESMF
ModuleNotFoundError: No module named 'ESMF'
Traceback (most recent call last):
  File "/home/vdemeyer/py3/lib/python3.11/site-packages/xesmf/util.py", line 8, in <module>
    import esmpy as ESMF
ModuleNotFoundError: No module named 'esmpy'

During handling of the above exception, another exception occurred:

Traceback (most recent call last):
  File "/home/vdemeyer/TRACKING/KATJA/POSTPROCESSING/EETCs_stat.py", line 10, in <module>
    import xesmf as xe
  File "/home/vdemeyer/py3/lib/python3.11/site-packages/xesmf/__init__.py", line 3, in <module>
    from . import data, util
  File "/home/vdemeyer/py3/lib/python3.11/site-packages/xesmf/util.py", line 10, in <module>
    import ESMF
ModuleNotFoundError: No module named 'ESMF'
#executed by process	4 in 0.519388s	with status	1 : python /home/vdemeyer/TRACKING/KATJA/POSTPROCESSING/EETCs_stat.py 2039 --sim UBH --metric ratio
#executed by process	3 in 0.519622s	with status	1 : python /home/vdemeyer/TRACKING/KATJA/POSTPROCESSING/EETCs_stat.py 2038 --sim UBH --metric ratio
#executed by process	5 in 0.520267s	with status	1 : python /home/vdemeyer/TRACKING/KATJA/POSTPROCESSING/EETCs_stat.py 2037 --sim UBH --metric ratio
#executed by process	6 in 0.520267s	with status	1 : python /home/vdemeyer/TRACKING/KATJA/POSTPROCESSING/EETCs_stat.py 2036 --sim UBH --metric ratio
#executed by process	9 in 0.480351s	with status	1 : python /home/vdemeyer/TRACKING/KATJA/POSTPROCESSING/EETCs_stat.py 2042 --sim UBH --metric ratio
#executed by process	2 in 0.556s	with status	1 : python /home/vdemeyer/TRACKING/KATJA/POSTPROCESSING/EETCs_stat.py 2040 --sim UBH --metric ratio
#executed by process	1 in 0.556046s	with status	1 : python /home/vdemeyer/TRACKING/KATJA/POSTPROCESSING/EETCs_stat.py 2041 --sim UBH --metric ratio
Traceback (most recent call last):
  File "/home/vdemeyer/py3/lib/python3.11/site-packages/xesmf/util.py", line 8, in <module>
    import esmpy as ESMF
ModuleNotFoundError: No module named 'esmpy'

During handling of the above exception, another exception occurred:

Traceback (most recent call last):
  File "/home/vdemeyer/TRACKING/KATJA/POSTPROCESSING/EETCs_stat.py", line 10, in <module>
    import xesmf as xe
  File "/home/vdemeyer/py3/lib/python3.11/site-packages/xesmf/__init__.py", line 3, in <module>
    from . import data, util
  File "/home/vdemeyer/py3/lib/python3.11/site-packages/xesmf/util.py", line 10, in <module>
    import ESMF
ModuleNotFoundError: No module named 'ESMF'
Traceback (most recent call last):
  File "/home/vdemeyer/py3/lib/python3.11/site-packages/xesmf/util.py", line 8, in <module>
    import esmpy as ESMF
ModuleNotFoundError: No module named 'esmpy'

During handling of the above exception, another exception occurred:

Traceback (most recent call last):
  File "/home/vdemeyer/TRACKING/KATJA/POSTPROCESSING/EETCs_stat.py", line 10, in <module>
    import xesmf as xe
  File "/home/vdemeyer/py3/lib/python3.11/site-packages/xesmf/__init__.py", line 3, in <module>
    from . import data, util
  File "/home/vdemeyer/py3/lib/python3.11/site-packages/xesmf/util.py", line 10, in <module>
    import ESMF
ModuleNotFoundError: No module named 'ESMF'
#executed by process	7 in 0.505176s	with status	1 : python /home/vdemeyer/TRACKING/KATJA/POSTPROCESSING/EETCs_stat.py 2043 --sim UBH --metric ratio
#executed by process	8 in 0.505172s	with status	1 : python /home/vdemeyer/TRACKING/KATJA/POSTPROCESSING/EETCs_stat.py 2044 --sim UBH --metric ratio
Traceback (most recent call last):
  File "/home/vdemeyer/py3/lib/python3.11/site-packages/xesmf/util.py", line 8, in <module>
    import esmpy as ESMF
ModuleNotFoundError: No module named 'esmpy'

During handling of the above exception, another exception occurred:

Traceback (most recent call last):
  File "/home/vdemeyer/TRACKING/KATJA/POSTPROCESSING/EETCs_stat.py", line 10, in <module>
    import xesmf as xe
  File "/home/vdemeyer/py3/lib/python3.11/site-packages/xesmf/__init__.py", line 3, in <module>
    from . import data, util
  File "/home/vdemeyer/py3/lib/python3.11/site-packages/xesmf/util.py", line 10, in <module>
    import ESMF
ModuleNotFoundError: No module named 'ESMF'
Traceback (most recent call last):
  File "/home/vdemeyer/py3/lib/python3.11/site-packages/xesmf/util.py", line 8, in <module>
    import esmpy as ESMF
ModuleNotFoundError: No module named 'esmpy'

During handling of the above exception, another exception occurred:

Traceback (most recent call last):
  File "/home/vdemeyer/TRACKING/KATJA/POSTPROCESSING/EETCs_stat.py", line 10, in <module>
    import xesmf as xe
  File "/home/vdemeyer/py3/lib/python3.11/site-packages/xesmf/__init__.py", line 3, in <module>
    from . import data, util
  File "/home/vdemeyer/py3/lib/python3.11/site-packages/xesmf/util.py", line 10, in <module>
    import ESMF
ModuleNotFoundError: No module named 'ESMF'
Traceback (most recent call last):
  File "/home/vdemeyer/py3/lib/python3.11/site-packages/xesmf/util.py", line 8, in <module>
    import esmpy as ESMF
ModuleNotFoundError: No module named 'esmpy'

During handling of the above exception, another exception occurred:

Traceback (most recent call last):
  File "/home/vdemeyer/TRACKING/KATJA/POSTPROCESSING/EETCs_stat.py", line 10, in <module>
    import xesmf as xe
  File "/home/vdemeyer/py3/lib/python3.11/site-packages/xesmf/__init__.py", line 3, in <module>
    from . import data, util
  File "/home/vdemeyer/py3/lib/python3.11/site-packages/xesmf/util.py", line 10, in <module>
    import ESMF
ModuleNotFoundError: No module named 'ESMF'
Traceback (most recent call last):
  File "/home/vdemeyer/py3/lib/python3.11/site-packages/xesmf/util.py", line 8, in <module>
    import esmpy as ESMF
ModuleNotFoundError: No module named 'esmpy'

During handling of the above exception, another exception occurred:

Traceback (most recent call last):
  File "/home/vdemeyer/TRACKING/KATJA/POSTPROCESSING/EETCs_stat.py", line 10, in <module>
    import xesmf as xe
  File "/home/vdemeyer/py3/lib/python3.11/site-packages/xesmf/__init__.py", line 3, in <module>
    from . import data, util
  File "/home/vdemeyer/py3/lib/python3.11/site-packages/xesmf/util.py", line 10, in <module>
    import ESMF
ModuleNotFoundError: No module named 'ESMF'
Traceback (most recent call last):
  File "/home/vdemeyer/py3/lib/python3.11/site-packages/xesmf/util.py", line 8, in <module>
    import esmpy as ESMF
ModuleNotFoundError: No module named 'esmpy'

During handling of the above exception, another exception occurred:

Traceback (most recent call last):
  File "/home/vdemeyer/TRACKING/KATJA/POSTPROCESSING/EETCs_stat.py", line 10, in <module>
    import xesmf as xe
  File "/home/vdemeyer/py3/lib/python3.11/site-packages/xesmf/__init__.py", line 3, in <module>
    from . import data, util
  File "/home/vdemeyer/py3/lib/python3.11/site-packages/xesmf/util.py", line 10, in <module>
    import ESMF
ModuleNotFoundError: No module named 'ESMF'
#executed by process	9 in 0.477615s	with status	1 : python /home/vdemeyer/TRACKING/KATJA/POSTPROCESSING/EETCs_stat.py 2049 --sim UBH --metric ratio
Traceback (most recent call last):
  File "/home/vdemeyer/py3/lib/python3.11/site-packages/xesmf/util.py", line 8, in <module>
    import esmpy as ESMF
ModuleNotFoundError: No module named 'esmpy'

During handling of the above exception, another exception occurred:

Traceback (most recent call last):
  File "/home/vdemeyer/TRACKING/KATJA/POSTPROCESSING/EETCs_stat.py", line 10, in <module>
    import xesmf as xe
  File "/home/vdemeyer/py3/lib/python3.11/site-packages/xesmf/__init__.py", line 3, in <module>
    from . import data, util
  File "/home/vdemeyer/py3/lib/python3.11/site-packages/xesmf/util.py", line 10, in <module>
    import ESMF
ModuleNotFoundError: No module named 'ESMF'
Traceback (most recent call last):
  File "/home/vdemeyer/py3/lib/python3.11/site-packages/xesmf/util.py", line 8, in <module>
    import esmpy as ESMF
ModuleNotFoundError: No module named 'esmpy'

During handling of the above exception, another exception occurred:

Traceback (most recent call last):
  File "/home/vdemeyer/TRACKING/KATJA/POSTPROCESSING/EETCs_stat.py", line 10, in <module>
    import xesmf as xe
  File "/home/vdemeyer/py3/lib/python3.11/site-packages/xesmf/__init__.py", line 3, in <module>
    from . import data, util
  File "/home/vdemeyer/py3/lib/python3.11/site-packages/xesmf/util.py", line 10, in <module>
    import ESMF
ModuleNotFoundError: No module named 'ESMF'
#executed by process	5 in 0.519563s	with status	1 : python /home/vdemeyer/TRACKING/KATJA/POSTPROCESSING/EETCs_stat.py 2048 --sim UBH --metric ratio
#executed by process	6 in 0.519616s	with status	1 : python /home/vdemeyer/TRACKING/KATJA/POSTPROCESSING/EETCs_stat.py 2047 --sim UBH --metric ratio
#executed by process	3 in 0.52028s	with status	1 : python /home/vdemeyer/TRACKING/KATJA/POSTPROCESSING/EETCs_stat.py 2046 --sim UBH --metric ratio
#executed by process	4 in 0.520478s	with status	1 : python /home/vdemeyer/TRACKING/KATJA/POSTPROCESSING/EETCs_stat.py 2045 --sim UBH --metric ratio
#executed by process	1 in 0.529323s	with status	1 : python /home/vdemeyer/TRACKING/KATJA/POSTPROCESSING/EETCs_stat.py 2051 --sim UBH --metric ratio
#executed by process	2 in 0.530006s	with status	1 : python /home/vdemeyer/TRACKING/KATJA/POSTPROCESSING/EETCs_stat.py 2050 --sim UBH --metric ratio
Traceback (most recent call last):
  File "/home/vdemeyer/py3/lib/python3.11/site-packages/xesmf/util.py", line 8, in <module>
    import esmpy as ESMF
ModuleNotFoundError: No module named 'esmpy'

During handling of the above exception, another exception occurred:

Traceback (most recent call last):
  File "/home/vdemeyer/TRACKING/KATJA/POSTPROCESSING/EETCs_stat.py", line 10, in <module>
    import xesmf as xe
  File "/home/vdemeyer/py3/lib/python3.11/site-packages/xesmf/__init__.py", line 3, in <module>
    from . import data, util
  File "/home/vdemeyer/py3/lib/python3.11/site-packages/xesmf/util.py", line 10, in <module>
    import ESMF
ModuleNotFoundError: No module named 'ESMF'
Traceback (most recent call last):
  File "/home/vdemeyer/py3/lib/python3.11/site-packages/xesmf/util.py", line 8, in <module>
    import esmpy as ESMF
ModuleNotFoundError: No module named 'esmpy'

During handling of the above exception, another exception occurred:

Traceback (most recent call last):
  File "/home/vdemeyer/TRACKING/KATJA/POSTPROCESSING/EETCs_stat.py", line 10, in <module>
    import xesmf as xe
  File "/home/vdemeyer/py3/lib/python3.11/site-packages/xesmf/__init__.py", line 3, in <module>
    from . import data, util
  File "/home/vdemeyer/py3/lib/python3.11/site-packages/xesmf/util.py", line 10, in <module>
    import ESMF
ModuleNotFoundError: No module named 'ESMF'
#executed by process	7 in 0.505335s	with status	1 : python /home/vdemeyer/TRACKING/KATJA/POSTPROCESSING/EETCs_stat.py 2053 --sim UBH --metric ratio
#executed by process	8 in 0.505336s	with status	1 : python /home/vdemeyer/TRACKING/KATJA/POSTPROCESSING/EETCs_stat.py 2052 --sim UBH --metric ratio
Traceback (most recent call last):
  File "/home/vdemeyer/py3/lib/python3.11/site-packages/xesmf/util.py", line 8, in <module>
    import esmpy as ESMF
ModuleNotFoundError: No module named 'esmpy'

During handling of the above exception, another exception occurred:

Traceback (most recent call last):
  File "/home/vdemeyer/TRACKING/KATJA/POSTPROCESSING/EETCs_stat.py", line 10, in <module>
    import xesmf as xe
  File "/home/vdemeyer/py3/lib/python3.11/site-packages/xesmf/__init__.py", line 3, in <module>
    from . import data, util
  File "/home/vdemeyer/py3/lib/python3.11/site-packages/xesmf/util.py", line 10, in <module>
    import ESMF
ModuleNotFoundError: No module named 'ESMF'
Traceback (most recent call last):
  File "/home/vdemeyer/py3/lib/python3.11/site-packages/xesmf/util.py", line 8, in <module>
    import esmpy as ESMF
ModuleNotFoundError: No module named 'esmpy'

During handling of the above exception, another exception occurred:

Traceback (most recent call last):
  File "/home/vdemeyer/TRACKING/KATJA/POSTPROCESSING/EETCs_stat.py", line 10, in <module>
    import xesmf as xe
  File "/home/vdemeyer/py3/lib/python3.11/site-packages/xesmf/__init__.py", line 3, in <module>
    from . import data, util
  File "/home/vdemeyer/py3/lib/python3.11/site-packages/xesmf/util.py", line 10, in <module>
    import ESMF
ModuleNotFoundError: No module named 'ESMF'
Traceback (most recent call last):
  File "/home/vdemeyer/py3/lib/python3.11/site-packages/xesmf/util.py", line 8, in <module>
    import esmpy as ESMF
ModuleNotFoundError: No module named 'esmpy'

During handling of the above exception, another exception occurred:

Traceback (most recent call last):
  File "/home/vdemeyer/TRACKING/KATJA/POSTPROCESSING/EETCs_stat.py", line 10, in <module>
    import xesmf as xe
  File "/home/vdemeyer/py3/lib/python3.11/site-packages/xesmf/__init__.py", line 3, in <module>
    from . import data, util
  File "/home/vdemeyer/py3/lib/python3.11/site-packages/xesmf/util.py", line 10, in <module>
    import ESMF
ModuleNotFoundError: No module named 'ESMF'
Traceback (most recent call last):
  File "/home/vdemeyer/py3/lib/python3.11/site-packages/xesmf/util.py", line 8, in <module>
    import esmpy as ESMF
ModuleNotFoundError: No module named 'esmpy'

During handling of the above exception, another exception occurred:

Traceback (most recent call last):
  File "/home/vdemeyer/TRACKING/KATJA/POSTPROCESSING/EETCs_stat.py", line 10, in <module>
    import xesmf as xe
  File "/home/vdemeyer/py3/lib/python3.11/site-packages/xesmf/__init__.py", line 3, in <module>
    from . import data, util
  File "/home/vdemeyer/py3/lib/python3.11/site-packages/xesmf/util.py", line 10, in <module>
    import ESMF
ModuleNotFoundError: No module named 'ESMF'
Traceback (most recent call last):
  File "/home/vdemeyer/py3/lib/python3.11/site-packages/xesmf/util.py", line 8, in <module>
    import esmpy as ESMF
ModuleNotFoundError: No module named 'esmpy'

During handling of the above exception, another exception occurred:

Traceback (most recent call last):
  File "/home/vdemeyer/TRACKING/KATJA/POSTPROCESSING/EETCs_stat.py", line 10, in <module>
    import xesmf as xe
  File "/home/vdemeyer/py3/lib/python3.11/site-packages/xesmf/__init__.py", line 3, in <module>
    from . import data, util
  File "/home/vdemeyer/py3/lib/python3.11/site-packages/xesmf/util.py", line 10, in <module>
    import ESMF
ModuleNotFoundError: No module named 'ESMF'
#executed by process	9 in 0.470213s	with status	1 : python /home/vdemeyer/TRACKING/KATJA/POSTPROCESSING/EETCs_stat.py 2054 --sim UBH --metric ratio
Traceback (most recent call last):
  File "/home/vdemeyer/py3/lib/python3.11/site-packages/xesmf/util.py", line 8, in <module>
    import esmpy as ESMF
ModuleNotFoundError: No module named 'esmpy'

During handling of the above exception, another exception occurred:

Traceback (most recent call last):
  File "/home/vdemeyer/TRACKING/KATJA/POSTPROCESSING/EETCs_stat.py", line 10, in <module>
    import xesmf as xe
  File "/home/vdemeyer/py3/lib/python3.11/site-packages/xesmf/__init__.py", line 3, in <module>
    from . import data, util
  File "/home/vdemeyer/py3/lib/python3.11/site-packages/xesmf/util.py", line 10, in <module>
    import ESMF
ModuleNotFoundError: No module named 'ESMF'
Traceback (most recent call last):
  File "/home/vdemeyer/py3/lib/python3.11/site-packages/xesmf/util.py", line 8, in <module>
    import esmpy as ESMF
ModuleNotFoundError: No module named 'esmpy'

During handling of the above exception, another exception occurred:

Traceback (most recent call last):
  File "/home/vdemeyer/TRACKING/KATJA/POSTPROCESSING/EETCs_stat.py", line 10, in <module>
    import xesmf as xe
  File "/home/vdemeyer/py3/lib/python3.11/site-packages/xesmf/__init__.py", line 3, in <module>
    from . import data, util
  File "/home/vdemeyer/py3/lib/python3.11/site-packages/xesmf/util.py", line 10, in <module>
    import ESMF
ModuleNotFoundError: No module named 'ESMF'
#executed by process	3 in 0.51776s	with status	1 : python /home/vdemeyer/TRACKING/KATJA/POSTPROCESSING/EETCs_stat.py 2057 --sim UBH --metric ratio
#executed by process	4 in 0.517753s	with status	1 : python /home/vdemeyer/TRACKING/KATJA/POSTPROCESSING/EETCs_stat.py 2058 --sim UBH --metric ratio
#executed by process	5 in 0.519459s	with status	1 : python /home/vdemeyer/TRACKING/KATJA/POSTPROCESSING/EETCs_stat.py 2055 --sim UBH --metric ratio
#executed by process	6 in 0.519437s	with status	1 : python /home/vdemeyer/TRACKING/KATJA/POSTPROCESSING/EETCs_stat.py 2056 --sim UBH --metric ratio
Traceback (most recent call last):
  File "/home/vdemeyer/py3/lib/python3.11/site-packages/xesmf/util.py", line 8, in <module>
    import esmpy as ESMF
ModuleNotFoundError: No module named 'esmpy'

During handling of the above exception, another exception occurred:

Traceback (most recent call last):
  File "/home/vdemeyer/TRACKING/KATJA/POSTPROCESSING/EETCs_stat.py", line 10, in <module>
Traceback (most recent call last):
  File "/home/vdemeyer/py3/lib/python3.11/site-packages/xesmf/util.py", line 8, in <module>
    import esmpy as ESMF
ModuleNotFoundError: No module named 'esmpy'

During handling of the above exception, another exception occurred:

Traceback (most recent call last):
  File "/home/vdemeyer/TRACKING/KATJA/POSTPROCESSING/EETCs_stat.py", line 10, in <module>
    import xesmf as xe
  File "/home/vdemeyer/py3/lib/python3.11/site-packages/xesmf/__init__.py", line 3, in <module>
    from . import data, util
  File "/home/vdemeyer/py3/lib/python3.11/site-packages/xesmf/util.py", line 10, in <module>
    import ESMF
ModuleNotFoundError: No module named 'ESMF'
    import xesmf as xe
  File "/home/vdemeyer/py3/lib/python3.11/site-packages/xesmf/__init__.py", line 3, in <module>
    from . import data, util
  File "/home/vdemeyer/py3/lib/python3.11/site-packages/xesmf/util.py", line 10, in <module>
    import ESMF
ModuleNotFoundError: No module named 'ESMF'
#executed by process	1 in 0.539474s	with status	1 : python /home/vdemeyer/TRACKING/KATJA/POSTPROCESSING/EETCs_stat.py 2060 --sim UBH --metric ratio
#executed by process	2 in 0.539479s	with status	1 : python /home/vdemeyer/TRACKING/KATJA/POSTPROCESSING/EETCs_stat.py 2059 --sim UBH --metric ratio
#executed by process	7 in 0.506501s	with status	1 : python /home/vdemeyer/TRACKING/KATJA/POSTPROCESSING/EETCs_stat.py 2062 --sim UBH --metric ratio
#executed by process	8 in 0.506501s	with status	1 : python /home/vdemeyer/TRACKING/KATJA/POSTPROCESSING/EETCs_stat.py 2061 --sim UBH --metric ratio
Traceback (most recent call last):
  File "/home/vdemeyer/py3/lib/python3.11/site-packages/xesmf/util.py", line 8, in <module>
    import esmpy as ESMF
ModuleNotFoundError: No module named 'esmpy'

During handling of the above exception, another exception occurred:

Traceback (most recent call last):
  File "/home/vdemeyer/TRACKING/KATJA/POSTPROCESSING/EETCs_stat.py", line 10, in <module>
    import xesmf as xe
  File "/home/vdemeyer/py3/lib/python3.11/site-packages/xesmf/__init__.py", line 3, in <module>
    from . import data, util
  File "/home/vdemeyer/py3/lib/python3.11/site-packages/xesmf/util.py", line 10, in <module>
    import ESMF
ModuleNotFoundError: No module named 'ESMF'
#executed by process	9 in 0.465718s	with status	1 : python /home/vdemeyer/TRACKING/KATJA/POSTPROCESSING/EETCs_stat.py 2063 --sim UBH --metric ratio
Traceback (most recent call last):
  File "/home/vdemeyer/py3/lib/python3.11/site-packages/xesmf/util.py", line 8, in <module>
    import esmpy as ESMF
ModuleNotFoundError: No module named 'esmpy'

During handling of the above exception, another exception occurred:

Traceback (most recent call last):
  File "/home/vdemeyer/TRACKING/KATJA/POSTPROCESSING/EETCs_stat.py", line 10, in <module>
    import xesmf as xe
  File "/home/vdemeyer/py3/lib/python3.11/site-packages/xesmf/__init__.py", line 3, in <module>
    from . import data, util
  File "/home/vdemeyer/py3/lib/python3.11/site-packages/xesmf/util.py", line 10, in <module>
    import ESMF
ModuleNotFoundError: No module named 'ESMF'
Traceback (most recent call last):
  File "/home/vdemeyer/py3/lib/python3.11/site-packages/xesmf/util.py", line 8, in <module>
    import esmpy as ESMF
ModuleNotFoundError: No module named 'esmpy'

During handling of the above exception, another exception occurred:

Traceback (most recent call last):
  File "/home/vdemeyer/TRACKING/KATJA/POSTPROCESSING/EETCs_stat.py", line 10, in <module>
    import xesmf as xe
  File "/home/vdemeyer/py3/lib/python3.11/site-packages/xesmf/__init__.py", line 3, in <module>
    from . import data, util
  File "/home/vdemeyer/py3/lib/python3.11/site-packages/xesmf/util.py", line 10, in <module>
    import ESMF
ModuleNotFoundError: No module named 'ESMF'
Traceback (most recent call last):
  File "/home/vdemeyer/py3/lib/python3.11/site-packages/xesmf/util.py", line 8, in <module>
Traceback (most recent call last):
  File "/home/vdemeyer/py3/lib/python3.11/site-packages/xesmf/util.py", line 8, in <module>
    import esmpy as ESMF
    import esmpy as ESMF
ModuleNotFoundError: No module named 'esmpy'

During handling of the above exception, another exception occurred:

Traceback (most recent call last):
  File "/home/vdemeyer/TRACKING/KATJA/POSTPROCESSING/EETCs_stat.py", line 10, in <module>
    import xesmf as xe
  File "/home/vdemeyer/py3/lib/python3.11/site-packages/xesmf/__init__.py", line 3, in <module>
    from . import data, util
  File "/home/vdemeyer/py3/lib/python3.11/site-packages/xesmf/util.py", line 10, in <module>
    import ESMF
ModuleNotFoundError: No module named 'ESMF'
ModuleNotFoundError: No module named 'esmpy'

During handling of the above exception, another exception occurred:

Traceback (most recent call last):
  File "/home/vdemeyer/TRACKING/KATJA/POSTPROCESSING/EETCs_stat.py", line 10, in <module>
    import xesmf as xe
  File "/home/vdemeyer/py3/lib/python3.11/site-packages/xesmf/__init__.py", line 3, in <module>
    from . import data, util
  File "/home/vdemeyer/py3/lib/python3.11/site-packages/xesmf/util.py", line 10, in <module>
    import ESMF
ModuleNotFoundError: No module named 'ESMF'
#executed by process	3 in 0.509437s	with status	1 : python /home/vdemeyer/TRACKING/KATJA/POSTPROCESSING/EETCs_stat.py 2065 --sim UBH --metric ratio
#executed by process	4 in 0.509439s	with status	1 : python /home/vdemeyer/TRACKING/KATJA/POSTPROCESSING/EETCs_stat.py 2064 --sim UBH --metric ratio
#executed by process	5 in 0.512866s	with status	1 : python /home/vdemeyer/TRACKING/KATJA/POSTPROCESSING/EETCs_stat.py 2067 --sim UBH --metric ratio
#executed by process	6 in 0.512872s	with status	1 : python /home/vdemeyer/TRACKING/KATJA/POSTPROCESSING/EETCs_stat.py 2066 --sim UBH --metric ratio
Traceback (most recent call last):
  File "/home/vdemeyer/py3/lib/python3.11/site-packages/xesmf/util.py", line 8, in <module>
Traceback (most recent call last):
  File "/home/vdemeyer/py3/lib/python3.11/site-packages/xesmf/util.py", line 8, in <module>
    import esmpy as ESMF
ModuleNotFoundError: No module named 'esmpy'

During handling of the above exception, another exception occurred:

Traceback (most recent call last):
  File "/home/vdemeyer/TRACKING/KATJA/POSTPROCESSING/EETCs_stat.py", line 10, in <module>
    import xesmf as xe
  File "/home/vdemeyer/py3/lib/python3.11/site-packages/xesmf/__init__.py", line 3, in <module>
    from . import data, util
  File "/home/vdemeyer/py3/lib/python3.11/site-packages/xesmf/util.py", line 10, in <module>
    import ESMF
ModuleNotFoundError: No module named 'ESMF'
    import esmpy as ESMF
ModuleNotFoundError: No module named 'esmpy'

During handling of the above exception, another exception occurred:

Traceback (most recent call last):
  File "/home/vdemeyer/TRACKING/KATJA/POSTPROCESSING/EETCs_stat.py", line 10, in <module>
    import xesmf as xe
  File "/home/vdemeyer/py3/lib/python3.11/site-packages/xesmf/__init__.py", line 3, in <module>
    from . import data, util
  File "/home/vdemeyer/py3/lib/python3.11/site-packages/xesmf/util.py", line 10, in <module>
    import ESMF
ModuleNotFoundError: No module named 'ESMF'
Traceback (most recent call last):
  File "/home/vdemeyer/py3/lib/python3.11/site-packages/xesmf/util.py", line 8, in <module>
    import esmpy as ESMF
ModuleNotFoundError: No module named 'esmpy'

During handling of the above exception, another exception occurred:

Traceback (most recent call last):
  File "/home/vdemeyer/TRACKING/KATJA/POSTPROCESSING/EETCs_stat.py", line 10, in <module>
    import xesmf as xe
  File "/home/vdemeyer/py3/lib/python3.11/site-packages/xesmf/__init__.py", line 3, in <module>
    from . import data, util
  File "/home/vdemeyer/py3/lib/python3.11/site-packages/xesmf/util.py", line 10, in <module>
    import ESMF
ModuleNotFoundError: No module named 'ESMF'
Traceback (most recent call last):
  File "/home/vdemeyer/py3/lib/python3.11/site-packages/xesmf/util.py", line 8, in <module>
    import esmpy as ESMF
ModuleNotFoundError: No module named 'esmpy'

During handling of the above exception, another exception occurred:

Traceback (most recent call last):
  File "/home/vdemeyer/TRACKING/KATJA/POSTPROCESSING/EETCs_stat.py", line 10, in <module>
    import xesmf as xe
  File "/home/vdemeyer/py3/lib/python3.11/site-packages/xesmf/__init__.py", line 3, in <module>
    from . import data, util
  File "/home/vdemeyer/py3/lib/python3.11/site-packages/xesmf/util.py", line 10, in <module>
    import ESMF
ModuleNotFoundError: No module named 'ESMF'
#executed by process	1 in 0.543133s	with status	1 : python /home/vdemeyer/TRACKING/KATJA/POSTPROCESSING/EETCs_stat.py 2069 --sim UBH --metric ratio
#executed by process	2 in 0.543233s	with status	1 : python /home/vdemeyer/TRACKING/KATJA/POSTPROCESSING/EETCs_stat.py 2068 --sim UBH --metric ratio
#executed by process	7 in 0.51174s	with status	1 : python /home/vdemeyer/TRACKING/KATJA/POSTPROCESSING/EETCs_stat.py 2070 --sim UBH --metric ratio
#executed by process	8 in 0.51174s	with status	1 : python /home/vdemeyer/TRACKING/KATJA/POSTPROCESSING/EETCs_stat.py 2071 --sim UBH --metric ratio
Traceback (most recent call last):
  File "/home/vdemeyer/py3/lib/python3.11/site-packages/xesmf/util.py", line 8, in <module>
    import esmpy as ESMF
ModuleNotFoundError: No module named 'esmpy'

During handling of the above exception, another exception occurred:

Traceback (most recent call last):
  File "/home/vdemeyer/TRACKING/KATJA/POSTPROCESSING/EETCs_stat.py", line 10, in <module>
    import xesmf as xe
  File "/home/vdemeyer/py3/lib/python3.11/site-packages/xesmf/__init__.py", line 3, in <module>
    from . import data, util
  File "/home/vdemeyer/py3/lib/python3.11/site-packages/xesmf/util.py", line 10, in <module>
    import ESMF
ModuleNotFoundError: No module named 'ESMF'
#executed by process	9 in 0.469224s	with status	1 : python /home/vdemeyer/TRACKING/KATJA/POSTPROCESSING/EETCs_stat.py 2072 --sim UBH --metric ratio
Traceback (most recent call last):
  File "/home/vdemeyer/py3/lib/python3.11/site-packages/xesmf/util.py", line 8, in <module>
    import esmpy as ESMF
ModuleNotFoundError: No module named 'esmpy'

During handling of the above exception, another exception occurred:

Traceback (most recent call last):
  File "/home/vdemeyer/TRACKING/KATJA/POSTPROCESSING/EETCs_stat.py", line 10, in <module>
    import xesmf as xe
  File "/home/vdemeyer/py3/lib/python3.11/site-packages/xesmf/__init__.py", line 3, in <module>
    from . import data, util
  File "/home/vdemeyer/py3/lib/python3.11/site-packages/xesmf/util.py", line 10, in <module>
    import ESMF
ModuleNotFoundError: No module named 'ESMF'
Traceback (most recent call last):
  File "/home/vdemeyer/py3/lib/python3.11/site-packages/xesmf/util.py", line 8, in <module>
    import esmpy as ESMF
ModuleNotFoundError: No module named 'esmpy'

During handling of the above exception, another exception occurred:

Traceback (most recent call last):
  File "/home/vdemeyer/TRACKING/KATJA/POSTPROCESSING/EETCs_stat.py", line 10, in <module>
    import xesmf as xe
  File "/home/vdemeyer/py3/lib/python3.11/site-packages/xesmf/__init__.py", line 3, in <module>
    from . import data, util
  File "/home/vdemeyer/py3/lib/python3.11/site-packages/xesmf/util.py", line 10, in <module>
    import ESMF
ModuleNotFoundError: No module named 'ESMF'
Traceback (most recent call last):
  File "/home/vdemeyer/py3/lib/python3.11/site-packages/xesmf/util.py", line 8, in <module>
    import esmpy as ESMF
ModuleNotFoundError: No module named 'esmpy'

During handling of the above exception, another exception occurred:

Traceback (most recent call last):
  File "/home/vdemeyer/TRACKING/KATJA/POSTPROCESSING/EETCs_stat.py", line 10, in <module>
    import xesmf as xe
  File "/home/vdemeyer/py3/lib/python3.11/site-packages/xesmf/__init__.py", line 3, in <module>
    from . import data, util
  File "/home/vdemeyer/py3/lib/python3.11/site-packages/xesmf/util.py", line 10, in <module>
    import ESMF
ModuleNotFoundError: No module named 'ESMF'
Traceback (most recent call last):
  File "/home/vdemeyer/py3/lib/python3.11/site-packages/xesmf/util.py", line 8, in <module>
    import esmpy as ESMF
ModuleNotFoundError: No module named 'esmpy'

During handling of the above exception, another exception occurred:

Traceback (most recent call last):
  File "/home/vdemeyer/TRACKING/KATJA/POSTPROCESSING/EETCs_stat.py", line 10, in <module>
    import xesmf as xe
  File "/home/vdemeyer/py3/lib/python3.11/site-packages/xesmf/__init__.py", line 3, in <module>
    from . import data, util
  File "/home/vdemeyer/py3/lib/python3.11/site-packages/xesmf/util.py", line 10, in <module>
    import ESMF
ModuleNotFoundError: No module named 'ESMF'
#executed by process	3 in 0.510131s	with status	1 : python /home/vdemeyer/TRACKING/KATJA/POSTPROCESSING/EETCs_stat.py 2074 --sim UBH --metric ratio
#executed by process	4 in 0.510133s	with status	1 : python /home/vdemeyer/TRACKING/KATJA/POSTPROCESSING/EETCs_stat.py 2073 --sim UBH --metric ratio
#executed by process	5 in 0.510217s	with status	1 : python /home/vdemeyer/TRACKING/KATJA/POSTPROCESSING/EETCs_stat.py 2076 --sim UBH --metric ratio
#executed by process	6 in 0.510217s	with status	1 : python /home/vdemeyer/TRACKING/KATJA/POSTPROCESSING/EETCs_stat.py 2075 --sim UBH --metric ratio
Traceback (most recent call last):
  File "/home/vdemeyer/py3/lib/python3.11/site-packages/xesmf/util.py", line 8, in <module>
    import esmpy as ESMF
ModuleNotFoundError: No module named 'esmpy'

During handling of the above exception, another exception occurred:

Traceback (most recent call last):
  File "/home/vdemeyer/TRACKING/KATJA/POSTPROCESSING/EETCs_stat.py", line 10, in <module>
    import xesmf as xe
  File "/home/vdemeyer/py3/lib/python3.11/site-packages/xesmf/__init__.py", line 3, in <module>
    from . import data, util
  File "/home/vdemeyer/py3/lib/python3.11/site-packages/xesmf/util.py", line 10, in <module>
    import ESMF
ModuleNotFoundError: No module named 'ESMF'
Traceback (most recent call last):
  File "/home/vdemeyer/py3/lib/python3.11/site-packages/xesmf/util.py", line 8, in <module>
    import esmpy as ESMF
ModuleNotFoundError: No module named 'esmpy'

During handling of the above exception, another exception occurred:

Traceback (most recent call last):
  File "/home/vdemeyer/TRACKING/KATJA/POSTPROCESSING/EETCs_stat.py", line 10, in <module>
    import xesmf as xe
  File "/home/vdemeyer/py3/lib/python3.11/site-packages/xesmf/__init__.py", line 3, in <module>
    from . import data, util
  File "/home/vdemeyer/py3/lib/python3.11/site-packages/xesmf/util.py", line 10, in <module>
    import ESMF
ModuleNotFoundError: No module named 'ESMF'
Traceback (most recent call last):
  File "/home/vdemeyer/py3/lib/python3.11/site-packages/xesmf/util.py", line 8, in <module>
    import esmpy as ESMF
ModuleNotFoundError: No module named 'esmpy'

During handling of the above exception, another exception occurred:

Traceback (most recent call last):
  File "/home/vdemeyer/TRACKING/KATJA/POSTPROCESSING/EETCs_stat.py", line 10, in <module>
    import xesmf as xe
  File "/home/vdemeyer/py3/lib/python3.11/site-packages/xesmf/__init__.py", line 3, in <module>
    from . import data, util
  File "/home/vdemeyer/py3/lib/python3.11/site-packages/xesmf/util.py", line 10, in <module>
    import ESMF
ModuleNotFoundError: No module named 'ESMF'
Traceback (most recent call last):
  File "/home/vdemeyer/py3/lib/python3.11/site-packages/xesmf/util.py", line 8, in <module>
    import esmpy as ESMF
ModuleNotFoundError: No module named 'esmpy'

During handling of the above exception, another exception occurred:

Traceback (most recent call last):
  File "/home/vdemeyer/TRACKING/KATJA/POSTPROCESSING/EETCs_stat.py", line 10, in <module>
    import xesmf as xe
  File "/home/vdemeyer/py3/lib/python3.11/site-packages/xesmf/__init__.py", line 3, in <module>
    from . import data, util
  File "/home/vdemeyer/py3/lib/python3.11/site-packages/xesmf/util.py", line 10, in <module>
    import ESMF
ModuleNotFoundError: No module named 'ESMF'
#executed by process	7 in 0.510328s	with status	1 : python /home/vdemeyer/TRACKING/KATJA/POSTPROCESSING/EETCs_stat.py 2079 --sim UBH --metric ratio
#executed by process	8 in 0.510524s	with status	1 : python /home/vdemeyer/TRACKING/KATJA/POSTPROCESSING/EETCs_stat.py 2080 --sim UBH --metric ratio
#executed by process	1 in 0.545832s	with status	1 : python /home/vdemeyer/TRACKING/KATJA/POSTPROCESSING/EETCs_stat.py 2078 --sim UBH --metric ratio
#executed by process	2 in 0.545835s	with status	1 : python /home/vdemeyer/TRACKING/KATJA/POSTPROCESSING/EETCs_stat.py 2077 --sim UBH --metric ratio
Traceback (most recent call last):
  File "/home/vdemeyer/py3/lib/python3.11/site-packages/xesmf/util.py", line 8, in <module>
    import esmpy as ESMF
ModuleNotFoundError: No module named 'esmpy'

During handling of the above exception, another exception occurred:

Traceback (most recent call last):
  File "/home/vdemeyer/TRACKING/KATJA/POSTPROCESSING/EETCs_stat.py", line 10, in <module>
    import xesmf as xe
  File "/home/vdemeyer/py3/lib/python3.11/site-packages/xesmf/__init__.py", line 3, in <module>
    from . import data, util
  File "/home/vdemeyer/py3/lib/python3.11/site-packages/xesmf/util.py", line 10, in <module>
    import ESMF
ModuleNotFoundError: No module named 'ESMF'
#executed by process	9 in 0.466403s	with status	1 : python /home/vdemeyer/TRACKING/KATJA/POSTPROCESSING/EETCs_stat.py 2081 --sim UBH --metric ratio
Traceback (most recent call last):
  File "/home/vdemeyer/py3/lib/python3.11/site-packages/xesmf/util.py", line 8, in <module>
    import esmpy as ESMF
ModuleNotFoundError: No module named 'esmpy'

During handling of the above exception, another exception occurred:

Traceback (most recent call last):
  File "/home/vdemeyer/TRACKING/KATJA/POSTPROCESSING/EETCs_stat.py", line 10, in <module>
    import xesmf as xe
  File "/home/vdemeyer/py3/lib/python3.11/site-packages/xesmf/__init__.py", line 3, in <module>
    from . import data, util
  File "/home/vdemeyer/py3/lib/python3.11/site-packages/xesmf/util.py", line 10, in <module>
Traceback (most recent call last):
  File "/home/vdemeyer/py3/lib/python3.11/site-packages/xesmf/util.py", line 8, in <module>
    import esmpy as ESMF
ModuleNotFoundError: No module named 'esmpy'

During handling of the above exception, another exception occurred:

Traceback (most recent call last):
  File "/home/vdemeyer/TRACKING/KATJA/POSTPROCESSING/EETCs_stat.py", line 10, in <module>
    import xesmf as xe
  File "/home/vdemeyer/py3/lib/python3.11/site-packages/xesmf/__init__.py", line 3, in <module>
    import ESMF
ModuleNotFoundError: No module named 'ESMF'
    from . import data, util
  File "/home/vdemeyer/py3/lib/python3.11/site-packages/xesmf/util.py", line 10, in <module>
    import ESMF
ModuleNotFoundError: No module named 'ESMF'
Traceback (most recent call last):
  File "/home/vdemeyer/py3/lib/python3.11/site-packages/xesmf/util.py", line 8, in <module>
    import esmpy as ESMF
ModuleNotFoundError: No module named 'esmpy'

During handling of the above exception, another exception occurred:

Traceback (most recent call last):
  File "/home/vdemeyer/TRACKING/KATJA/POSTPROCESSING/EETCs_stat.py", line 10, in <module>
    import xesmf as xe
  File "/home/vdemeyer/py3/lib/python3.11/site-packages/xesmf/__init__.py", line 3, in <module>
    from . import data, util
  File "/home/vdemeyer/py3/lib/python3.11/site-packages/xesmf/util.py", line 10, in <module>
    import ESMF
ModuleNotFoundError: No module named 'ESMF'
Traceback (most recent call last):
  File "/home/vdemeyer/py3/lib/python3.11/site-packages/xesmf/util.py", line 8, in <module>
    import esmpy as ESMF
ModuleNotFoundError: No module named 'esmpy'

During handling of the above exception, another exception occurred:

Traceback (most recent call last):
  File "/home/vdemeyer/TRACKING/KATJA/POSTPROCESSING/EETCs_stat.py", line 10, in <module>
    import xesmf as xe
  File "/home/vdemeyer/py3/lib/python3.11/site-packages/xesmf/__init__.py", line 3, in <module>
    from . import data, util
  File "/home/vdemeyer/py3/lib/python3.11/site-packages/xesmf/util.py", line 10, in <module>
    import ESMF
ModuleNotFoundError: No module named 'ESMF'
#executed by process	3 in 0.510843s	with status	1 : python /home/vdemeyer/TRACKING/KATJA/POSTPROCESSING/EETCs_stat.py 2083 --sim UBH --metric ratio
#executed by process	4 in 0.510846s	with status	1 : python /home/vdemeyer/TRACKING/KATJA/POSTPROCESSING/EETCs_stat.py 2082 --sim UBH --metric ratio
#executed by process	5 in 0.50939s	with status	1 : python /home/vdemeyer/TRACKING/KATJA/POSTPROCESSING/EETCs_stat.py 2085 --sim UBH --metric ratio
#executed by process	6 in 0.509398s	with status	1 : python /home/vdemeyer/TRACKING/KATJA/POSTPROCESSING/EETCs_stat.py 2084 --sim UBH --metric ratio
Traceback (most recent call last):
  File "/home/vdemeyer/py3/lib/python3.11/site-packages/xesmf/util.py", line 8, in <module>
    import esmpy as ESMF
ModuleNotFoundError: No module named 'esmpy'

During handling of the above exception, another exception occurred:

Traceback (most recent call last):
  File "/home/vdemeyer/TRACKING/KATJA/POSTPROCESSING/EETCs_stat.py", line 10, in <module>
    import xesmf as xe
  File "/home/vdemeyer/py3/lib/python3.11/site-packages/xesmf/__init__.py", line 3, in <module>
    from . import data, util
  File "/home/vdemeyer/py3/lib/python3.11/site-packages/xesmf/util.py", line 10, in <module>
    import ESMF
ModuleNotFoundError: No module named 'ESMF'
Traceback (most recent call last):
  File "/home/vdemeyer/py3/lib/python3.11/site-packages/xesmf/util.py", line 8, in <module>
    import esmpy as ESMF
ModuleNotFoundError: No module named 'esmpy'

During handling of the above exception, another exception occurred:

Traceback (most recent call last):
  File "/home/vdemeyer/TRACKING/KATJA/POSTPROCESSING/EETCs_stat.py", line 10, in <module>
    import xesmf as xe
  File "/home/vdemeyer/py3/lib/python3.11/site-packages/xesmf/__init__.py", line 3, in <module>
    from . import data, util
  File "/home/vdemeyer/py3/lib/python3.11/site-packages/xesmf/util.py", line 10, in <module>
    import ESMF
ModuleNotFoundError: No module named 'ESMF'
Traceback (most recent call last):
  File "/home/vdemeyer/py3/lib/python3.11/site-packages/xesmf/util.py", line 8, in <module>
    import esmpy as ESMF
ModuleNotFoundError: No module named 'esmpy'

During handling of the above exception, another exception occurred:

Traceback (most recent call last):
  File "/home/vdemeyer/TRACKING/KATJA/POSTPROCESSING/EETCs_stat.py", line 10, in <module>
    import xesmf as xe
  File "/home/vdemeyer/py3/lib/python3.11/site-packages/xesmf/__init__.py", line 3, in <module>
    from . import data, util
  File "/home/vdemeyer/py3/lib/python3.11/site-packages/xesmf/util.py", line 10, in <module>
    import ESMF
ModuleNotFoundError: No module named 'ESMF'
Traceback (most recent call last):
  File "/home/vdemeyer/py3/lib/python3.11/site-packages/xesmf/util.py", line 8, in <module>
    import esmpy as ESMF
ModuleNotFoundError: No module named 'esmpy'

During handling of the above exception, another exception occurred:

Traceback (most recent call last):
  File "/home/vdemeyer/TRACKING/KATJA/POSTPROCESSING/EETCs_stat.py", line 10, in <module>
    import xesmf as xe
  File "/home/vdemeyer/py3/lib/python3.11/site-packages/xesmf/__init__.py", line 3, in <module>
    from . import data, util
  File "/home/vdemeyer/py3/lib/python3.11/site-packages/xesmf/util.py", line 10, in <module>
    import ESMF
ModuleNotFoundError: No module named 'ESMF'
#executed by process	7 in 0.507035s	with status	1 : python /home/vdemeyer/TRACKING/KATJA/POSTPROCESSING/EETCs_stat.py 2086 --sim UBH --metric ratio
#executed by process	8 in 0.50687s	with status	1 : python /home/vdemeyer/TRACKING/KATJA/POSTPROCESSING/EETCs_stat.py 2087 --sim UBH --metric ratio
Traceback (most recent call last):
  File "/home/vdemeyer/py3/lib/python3.11/site-packages/xesmf/util.py", line 8, in <module>
    import esmpy as ESMF
ModuleNotFoundError: No module named 'esmpy'

During handling of the above exception, another exception occurred:

Traceback (most recent call last):
  File "/home/vdemeyer/TRACKING/KATJA/POSTPROCESSING/EETCs_stat.py", line 10, in <module>
    import xesmf as xe
  File "/home/vdemeyer/py3/lib/python3.11/site-packages/xesmf/__init__.py", line 3, in <module>
    from . import data, util
  File "/home/vdemeyer/py3/lib/python3.11/site-packages/xesmf/util.py", line 10, in <module>
    import ESMF
ModuleNotFoundError: No module named 'ESMF'
#executed by process	1 in 0.558623s	with status	1 : python /home/vdemeyer/TRACKING/KATJA/POSTPROCESSING/EETCs_stat.py 2089 --sim UBH --metric ratio
#executed by process	2 in 0.558631s	with status	1 : python /home/vdemeyer/TRACKING/KATJA/POSTPROCESSING/EETCs_stat.py 2088 --sim UBH --metric ratio
#executed by process	9 in 0.467055s	with status	1 : python /home/vdemeyer/TRACKING/KATJA/POSTPROCESSING/EETCs_stat.py 2090 --sim UBH --metric ratio
Traceback (most recent call last):
  File "/home/vdemeyer/py3/lib/python3.11/site-packages/xesmf/util.py", line 8, in <module>
    import esmpy as ESMF
ModuleNotFoundError: No module named 'esmpy'

During handling of the above exception, another exception occurred:

Traceback (most recent call last):
  File "/home/vdemeyer/TRACKING/KATJA/POSTPROCESSING/EETCs_stat.py", line 10, in <module>
    import xesmf as xe
  File "/home/vdemeyer/py3/lib/python3.11/site-packages/xesmf/__init__.py", line 3, in <module>
    from . import data, util
  File "/home/vdemeyer/py3/lib/python3.11/site-packages/xesmf/util.py", line 10, in <module>
    import ESMF
ModuleNotFoundError: No module named 'ESMF'
Traceback (most recent call last):
  File "/home/vdemeyer/py3/lib/python3.11/site-packages/xesmf/util.py", line 8, in <module>
    import esmpy as ESMF
ModuleNotFoundError: No module named 'esmpy'

During handling of the above exception, another exception occurred:

Traceback (most recent call last):
  File "/home/vdemeyer/TRACKING/KATJA/POSTPROCESSING/EETCs_stat.py", line 10, in <module>
    import xesmf as xe
  File "/home/vdemeyer/py3/lib/python3.11/site-packages/xesmf/__init__.py", line 3, in <module>
    from . import data, util
  File "/home/vdemeyer/py3/lib/python3.11/site-packages/xesmf/util.py", line 10, in <module>
    import ESMF
ModuleNotFoundError: No module named 'ESMF'
Traceback (most recent call last):
  File "/home/vdemeyer/py3/lib/python3.11/site-packages/xesmf/util.py", line 8, in <module>
    import esmpy as ESMF
ModuleNotFoundError: No module named 'esmpy'

During handling of the above exception, another exception occurred:

Traceback (most recent call last):
  File "/home/vdemeyer/TRACKING/KATJA/POSTPROCESSING/EETCs_stat.py", line 10, in <module>
    import xesmf as xe
  File "/home/vdemeyer/py3/lib/python3.11/site-packages/xesmf/__init__.py", line 3, in <module>
    from . import data, util
  File "/home/vdemeyer/py3/lib/python3.11/site-packages/xesmf/util.py", line 10, in <module>
    import ESMF
ModuleNotFoundError: No module named 'ESMF'
Traceback (most recent call last):
  File "/home/vdemeyer/py3/lib/python3.11/site-packages/xesmf/util.py", line 8, in <module>
    import esmpy as ESMF
ModuleNotFoundError: No module named 'esmpy'

During handling of the above exception, another exception occurred:

Traceback (most recent call last):
  File "/home/vdemeyer/TRACKING/KATJA/POSTPROCESSING/EETCs_stat.py", line 10, in <module>
    import xesmf as xe
  File "/home/vdemeyer/py3/lib/python3.11/site-packages/xesmf/__init__.py", line 3, in <module>
    from . import data, util
  File "/home/vdemeyer/py3/lib/python3.11/site-packages/xesmf/util.py", line 10, in <module>
    import ESMF
ModuleNotFoundError: No module named 'ESMF'
#executed by process	3 in 0.5072s	with status	1 : python /home/vdemeyer/TRACKING/KATJA/POSTPROCESSING/EETCs_stat.py 2092 --sim UBH --metric ratio
#executed by process	4 in 0.5072s	with status	1 : python /home/vdemeyer/TRACKING/KATJA/POSTPROCESSING/EETCs_stat.py 2091 --sim UBH --metric ratio
#executed by process	5 in 0.507909s	with status	1 : python /home/vdemeyer/TRACKING/KATJA/POSTPROCESSING/EETCs_stat.py 2094 --sim UBH --metric ratio
#executed by process	6 in 0.50791s	with status	1 : python /home/vdemeyer/TRACKING/KATJA/POSTPROCESSING/EETCs_stat.py 2093 --sim UBH --metric ratio
Traceback (most recent call last):
  File "/home/vdemeyer/py3/lib/python3.11/site-packages/xesmf/util.py", line 8, in <module>
    import esmpy as ESMF
ModuleNotFoundError: No module named 'esmpy'

During handling of the above exception, another exception occurred:

Traceback (most recent call last):
  File "/home/vdemeyer/TRACKING/KATJA/POSTPROCESSING/EETCs_stat.py", line 10, in <module>
    import xesmf as xe
  File "/home/vdemeyer/py3/lib/python3.11/site-packages/xesmf/__init__.py", line 3, in <module>
    from . import data, util
  File "/home/vdemeyer/py3/lib/python3.11/site-packages/xesmf/util.py", line 10, in <module>
    import ESMF
ModuleNotFoundError: No module named 'ESMF'
Traceback (most recent call last):
  File "/home/vdemeyer/py3/lib/python3.11/site-packages/xesmf/util.py", line 8, in <module>
    import esmpy as ESMF
ModuleNotFoundError: No module named 'esmpy'

During handling of the above exception, another exception occurred:

Traceback (most recent call last):
  File "/home/vdemeyer/TRACKING/KATJA/POSTPROCESSING/EETCs_stat.py", line 10, in <module>
    import xesmf as xe
  File "/home/vdemeyer/py3/lib/python3.11/site-packages/xesmf/__init__.py", line 3, in <module>
    from . import data, util
  File "/home/vdemeyer/py3/lib/python3.11/site-packages/xesmf/util.py", line 10, in <module>
    import ESMF
ModuleNotFoundError: No module named 'ESMF'
Traceback (most recent call last):
  File "/home/vdemeyer/py3/lib/python3.11/site-packages/xesmf/util.py", line 8, in <module>
Traceback (most recent call last):
  File "/home/vdemeyer/py3/lib/python3.11/site-packages/xesmf/util.py", line 8, in <module>
    import esmpy as ESMF
ModuleNotFoundError: No module named 'esmpy'

During handling of the above exception, another exception occurred:

Traceback (most recent call last):
  File "/home/vdemeyer/TRACKING/KATJA/POSTPROCESSING/EETCs_stat.py", line 10, in <module>
    import xesmf as xe
  File "/home/vdemeyer/py3/lib/python3.11/site-packages/xesmf/__init__.py", line 3, in <module>
    from . import data, util
  File "/home/vdemeyer/py3/lib/python3.11/site-packages/xesmf/util.py", line 10, in <module>
    import ESMF
ModuleNotFoundError: No module named 'ESMF'
Traceback (most recent call last):
  File "/home/vdemeyer/py3/lib/python3.11/site-packages/xesmf/util.py", line 8, in <module>
    import esmpy as ESMF
ModuleNotFoundError: No module named 'esmpy'

During handling of the above exception, another exception occurred:

Traceback (most recent call last):
  File "/home/vdemeyer/TRACKING/KATJA/POSTPROCESSING/EETCs_stat.py", line 10, in <module>
    import xesmf as xe
  File "/home/vdemeyer/py3/lib/python3.11/site-packages/xesmf/__init__.py", line 3, in <module>
    from . import data, util
  File "/home/vdemeyer/py3/lib/python3.11/site-packages/xesmf/util.py", line 10, in <module>
    import ESMF
ModuleNotFoundError: No module named 'ESMF'
    import esmpy as ESMF
ModuleNotFoundError: No module named 'esmpy'

During handling of the above exception, another exception occurred:

Traceback (most recent call last):
  File "/home/vdemeyer/TRACKING/KATJA/POSTPROCESSING/EETCs_stat.py", line 10, in <module>
    import xesmf as xe
  File "/home/vdemeyer/py3/lib/python3.11/site-packages/xesmf/__init__.py", line 3, in <module>
    from . import data, util
  File "/home/vdemeyer/py3/lib/python3.11/site-packages/xesmf/util.py", line 10, in <module>
    import ESMF
ModuleNotFoundError: No module named 'ESMF'
#executed by process	7 in 0.507138s	with status	1 : python /home/vdemeyer/TRACKING/KATJA/POSTPROCESSING/EETCs_stat.py 2095 --sim UBH --metric ratio
#executed by process	8 in 0.507131s	with status	1 : python /home/vdemeyer/TRACKING/KATJA/POSTPROCESSING/EETCs_stat.py 2096 --sim UBH --metric ratio
#executed by process	9 in 0.470255s	with status	1 : python /home/vdemeyer/TRACKING/KATJA/POSTPROCESSING/EETCs_stat.py 2099 --sim UBH --metric ratio
#executed by process	1 in 0.554664s	with status	1 : python /home/vdemeyer/TRACKING/KATJA/POSTPROCESSING/EETCs_stat.py 2097 --sim UBH --metric ratio
#executed by process	2 in 0.554653s	with status	1 : python /home/vdemeyer/TRACKING/KATJA/POSTPROCESSING/EETCs_stat.py 2098 --sim UBH --metric ratio
Traceback (most recent call last):
  File "/home/vdemeyer/py3/lib/python3.11/site-packages/xesmf/util.py", line 8, in <module>
    import esmpy as ESMF
ModuleNotFoundError: No module named 'esmpy'

During handling of the above exception, another exception occurred:

Traceback (most recent call last):
  File "/home/vdemeyer/TRACKING/KATJA/POSTPROCESSING/EETCs_stat.py", line 10, in <module>
    import xesmf as xe
  File "/home/vdemeyer/py3/lib/python3.11/site-packages/xesmf/__init__.py", line 3, in <module>
    from . import data, util
  File "/home/vdemeyer/py3/lib/python3.11/site-packages/xesmf/util.py", line 10, in <module>
    import ESMF
ModuleNotFoundError: No module named 'ESMF'
#executed by process	3 in 0.459807s	with status	1 : python /home/vdemeyer/TRACKING/KATJA/POSTPROCESSING/EETCs_stat.py 2100 --sim UBH --metric ratio
master is 0 , nb slaves: 9
